hospital,rating,review_text,datetime,cleaned_text,translated_text,lemmatized_text,Sentiment_Label,Sentiment_Score
Aster_Hospital_Mankhool,5.0,"We had an amazing experience at Aster Hospital. The nurses were proactive and professional, and the hospital was very organized. Special thanks to Dr. Anjana Mary Joy and Dr. Renju Prem, both were very skilled, kind, and accommodating. To the nurses and staffs Jeena Mary Roy, Sushma Ghag, Karthik Kottari, and the rest of the nurses (I haven’t took all their names) to the male nurse who’s assisting us with Dr. Anjana at the emergency section, who’s been working alone on his shift but remained calm and organized. To the male colleagues who’s assisting the patients while on a wheelchair, the catering staffs and the housekeepers.

It truly felt like we were staying in a hotel, not a hospital. Our only suggestion is to offer a small meal menu aside from the food they’re serving at the cafeteria for the patient’s companion, as outside food isn’t allowed.

As Filipinos, we felt very welcomed, there was no discrimination, only respect and care from everyone.

Thank you to the entire Aster Hospital team  you made a challenging time easier to go through. Kudos to Dr. Renju Prem and the whole surgical team for their excellence and kindness. Highly recommended!",3 months ago,we had an amazing experience at aster hospital the nurses were proactive and professional and the hospital was very organized special thanks to dr anjana mary joy and dr renju prem both were very skilled kind and accommodating to the nurses and staffs jeena mary roy sushma ghag karthik kottari and the rest of the nurses i haven t took all their names to the male nurse who s assisting us with dr anjana at the emergency section who s been working alone on his shift but remained calm and organized to the male colleagues who s assisting the patients while on a wheelchair the catering staffs and the housekeepers it truly felt like we were staying in a hotel not a hospital our only suggestion is to offer a small meal menu aside from the food they re serving at the cafeteria for the patient s companion as outside food isn t allowed as filipinos we felt very welcomed there was no discrimination only respect and care from everyone thank you to the entire aster hospital team you made a challenging time easier to go through kudos to dr renju prem and the whole surgical team for their excellence and kindness highly recommended,we had an amazing experience at aster hospital the nurses were proactive and professional and the hospital was very organized special thanks to dr anjana mary joy and dr renju prem both were very skilled kind and accommodating to the nurses and staffs jeena mary roy sushma ghag karthik kottari and the rest of the nurses i haven t took all their names to the male nurse who s assisting us with dr anjana at the emergency section who s been working alone on his shift but remained calm and organized to the male colleagues who s assisting the patients while on a wheelchair the catering staffs and the housekeepers it truly felt like we were staying in a hotel not a hospital our only suggestion is to offer a small meal menu aside from the food they re serving at the cafeteria for the patient s companion as outside food isn t allowed as filipinos we felt very welcomed there was no discrimination only respect and care from everyone thank you to the entire aster hospital team you made a challenging time easier to go through kudos to dr renju prem and the whole surgical team for their excellence and kindness highly recommended,we have an amazing experience at aster hospital the nurse be proactive and professional and the hospital be very organized special thank to dr anjana mary joy and dr renju prem both be very skilled kind and accommodate to the nurse and staff jeena mary roy sushma ghag karthik kottari and the rest of the nurse I haven t take all their name to the male nurse who s assist we with dr anjana at the emergency section who s be work alone on his shift but remain calm and organize to the male colleague who s assist the patient while on a wheelchair the catering staff and the housekeeper it truly feel like we be stay in a hotel not a hospital our only suggestion be to offer a small meal menu aside from the food they re serve at the cafeteria for the patient s companion as outside food isn t allow as filipinos we feel very welcome there be no discrimination only respect and care from everyone thank you to the entire aster hospital team you make a challenging time easy to go through kudo to dr renju prem and the whole surgical team for their excellence and kindness highly recommend,POSITIVE,0.9983932375907898
Aster_Hospital_Mankhool,5.0,"I want to extend my deepest appreciation to all the incredible doctors, especially my OBGYN Dr Caroline and the doctor who delivered my baby, and the dedicated nurses in the Pre-Labour & Delivery Room who stood by me during one of the most intense and unforgettable moments of my life.

During my labor contractions, you didn’t just give medical care ❤️ you gave kindness. Your gentle encouragement, comforting words, and reassuring smiles made the pain more bearable. Even when I could see the tiredness in your eyes, you still gave your best, and for that, I am truly grateful. You weren’t just doing your jobs , you were pouring your hearts into helping me welcome my baby into the world.

To the Pediatrics team and the Nursing Care staff: thank you for looking after my little one with such dedication and tenderness. Knowing my baby was in loving, professional hands gave me so much peace of mind. Your patience, gentle handling, and constant care made all the difference in our first days together.

Aster Hospital, you are more than just a place of healing—you are a place filled with compassion, skill, and humanity. From the bottom of my heart, thank you for being part of our journey. With Gratitude and Joy!

Richelle Joy",Edited 2 months ago,i want to extend my deepest appreciation to all the incredible doctors especially my obgyn dr caroline and the doctor who delivered my baby and the dedicated nurses in the pre labour delivery room who stood by me during one of the most intense and unforgettable moments of my life during my labor contractions you didn t just give medical care you gave kindness your gentle encouragement comforting words and reassuring smiles made the pain more bearable even when i could see the tiredness in your eyes you still gave your best and for that i am truly grateful you weren t just doing your jobs you were pouring your hearts into helping me welcome my baby into the world to the pediatrics team and the nursing care staff thank you for looking after my little one with such dedication and tenderness knowing my baby was in loving professional hands gave me so much peace of mind your patience gentle handling and constant care made all the difference in our first days together aster hospital you are more than just a place of healing you are a place filled with compassion skill and humanity from the bottom of my heart thank you for being part of our journey with gratitude and joy richelle joy,i want to extend my deepest appreciation to all the incredible doctors especially my obgyn dr caroline and the doctor who delivered my baby and the dedicated nurses in the pre labour delivery room who stood by me during one of the most intense and unforgettable moments of my life during my labor contractions you didn t just give medical care you gave kindness your gentle encouragement comforting words and reassuring smiles made the pain more bearable even when i could see the tiredness in your eyes you still gave your best and for that i am truly grateful you weren t just doing your jobs you were pouring your hearts into helping me welcome my baby into the world to the pediatrics team and the nursing care staff thank you for looking after my little one with such dedication and tenderness knowing my baby was in loving professional hands gave me so much peace of mind your patience gentle handling and constant care made all the difference in our first days together aster hospital you are more than just a place of healing you are a place filled with compassion skill and humanity from the bottom of my heart thank you for being part of our journey with gratitude and joy richelle joy,I want to extend my deep appreciation to all the incredible doctor especially my obgyn dr caroline and the doctor who deliver my baby and the dedicated nurse in the pre labour delivery room who stand by I during one of the most intense and unforgettable moment of my life during my labor contraction you didn t just give medical care you give kindness your gentle encouragement comfort word and reassure smile make the pain more bearable even when I could see the tiredness in your eye you still give your good and for that I be truly grateful you weren t just do your job you be pour your heart into help I welcome my baby into the world to the pediatric team and the nursing care staff thank you for look after my little one with such dedication and tenderness know my baby be in love professional hand give I so much peace of mind your patience gentle handling and constant care make all the difference in our first day together aster hospital you be more than just a place of healing you be a place fill with compassion skill and humanity from the bottom of my heart thank you for be part of our journey with gratitude and joy richelle joy,POSITIVE,0.9997054934501648
Aster_Hospital_Mankhool,5.0,I came back for a reason. Love the services. Madam Rhea really guided me well too. Thanks to her hospitality.,a week ago,i came back for a reason love the services madam rhea really guided me well too thanks to her hospitality,i came back for a reason love the services madam rhea really guided me well too thanks to her hospitality,I come back for a reason love the service madam rhea really guide I well too thank to her hospitality,POSITIVE,0.9882701635360718
Aster_Hospital_Mankhool,5.0,"I had a great experience at the hospital in Mankhool. From the reception team on the first floor to Dr. Arif and the nurses,  everyone was professional and kind. At the pharmacy, Ms. Jubinsha was very caring and helpful, assisting me quickly throughout my consultation and with my medicines. Really appreciate the excellent service!",5 days ago,i had a great experience at the hospital in mankhool from the reception team on the first floor to dr arif and the nurses everyone was professional and kind at the pharmacy ms jubinsha was very caring and helpful assisting me quickly throughout my consultation and with my medicines really appreciate the excellent service,i had a great experience at the hospital in mankhool from the reception team on the first floor to dr arif and the nurses everyone was professional and kind at the pharmacy ms jubinsha was very caring and helpful assisting me quickly throughout my consultation and with my medicines really appreciate the excellent service,I have a great experience at the hospital in mankhool from the reception team on the first floor to dr arif and the nurse everyone be professional and kind at the pharmacy ms jubinsha be very caring and helpful assist I quickly throughout my consultation and with my medicine really appreciate the excellent service,POSITIVE,0.9997488856315613
Aster_Hospital_Mankhool,5.0,"I would like to express my sincere appreciation for the excellent care and support I received at your hospital. Ms. Jincy Koshy & Neethu was extremely supportive throughout, and Dr. Bharat Rao was always helpful, patient, and professional. Thank you for your outstanding service and dedication to your patients.",4 weeks ago,i would like to express my sincere appreciation for the excellent care and support i received at your hospital ms jincy koshy neethu was extremely supportive throughout and dr bharat rao was always helpful patient and professional thank you for your outstanding service and dedication to your patients,i would like to express my sincere appreciation for the excellent care and support i received at your hospital ms jincy koshy neethu was extremely supportive throughout and dr bharat rao was always helpful patient and professional thank you for your outstanding service and dedication to your patients,I would like to express my sincere appreciation for the excellent care and support I receive at your hospital ms jincy koshy neethu be extremely supportive throughout and dr bharat rao be always helpful patient and professional thank you for your outstanding service and dedication to your patient,POSITIVE,0.999836802482605
Aster_Hospital_Mankhool,5.0,"Dear Sarah,
I am writing to express my deepest gratitude and appreciation for the outstanding service my wife and I received during her recent visit to Aster Hospital in Mankhool. Your team's dedication to providing exceptional care and compassion is truly remarkable, and we feel blessed to have experienced it firsthand.
Sr. Vanisha, Sr. Jossay, and Service Champion Mr. Ridhwan went above and beyond to ensure our comfort and well-being. Their professionalism, kindness, and empathy made us feel like we were at home. From the moment we arrived, your staff's proactive approach and attentiveness were evident, and we were treated with the utmost care and respect.
Even before we arrived at the hospital, your staff had already taken care of the necessary arrangements, making the entire experience smooth and stress-free.
Over the years, we have been consistently impressed with the professionalism and service quality at Aster Hospital, and it's clear that your leadership plays a significant role in fostering a culture of excellence. Your team's commitment to delivering exceptional patient care is truly inspiring, and we are grateful for the trust we have placed in Aster Hospital.
Please convey our heartfelt appreciation to Sr. Vanisha, Sr. Jossay, and Mr. Ridhwan for their exceptional service. We wish you and the entire Aster team continued success and growth, and we look forward to the opportunity to serve our healthcare needs with you again in the future.
Thank you for leading a team that truly makes a difference in the lives of patients. Continue the good work, and may your hospital continue to change lives for the better.",2 weeks ago,dear sarah i am writing to express my deepest gratitude and appreciation for the outstanding service my wife and i received during her recent visit to aster hospital in mankhool your team s dedication to providing exceptional care and compassion is truly remarkable and we feel blessed to have experienced it firsthand sr vanisha sr jossay and service champion mr ridhwan went above and beyond to ensure our comfort and well being their professionalism kindness and empathy made us feel like we were at home from the moment we arrived your staff s proactive approach and attentiveness were evident and we were treated with the utmost care and respect even before we arrived at the hospital your staff had already taken care of the necessary arrangements making the entire experience smooth and stress free over the years we have been consistently impressed with the professionalism and service quality at aster hospital and it s clear that your leadership plays a significant role in fostering a culture of excellence your team s commitment to delivering exceptional patient care is truly inspiring and we are grateful for the trust we have placed in aster hospital please convey our heartfelt appreciation to sr vanisha sr jossay and mr ridhwan for their exceptional service we wish you and the entire aster team continued success and growth and we look forward to the opportunity to serve our healthcare needs with you again in the future thank you for leading a team that truly makes a difference in the lives of patients continue the good work and may your hospital continue to change lives for the better,dear sarah i am writing to express my deepest gratitude and appreciation for the outstanding service my wife and i received during her recent visit to aster hospital in mankhool your team s dedication to providing exceptional care and compassion is truly remarkable and we feel blessed to have experienced it firsthand sr vanisha sr jossay and service champion mr ridhwan went above and beyond to ensure our comfort and well being their professionalism kindness and empathy made us feel like we were at home from the moment we arrived your staff s proactive approach and attentiveness were evident and we were treated with the utmost care and respect even before we arrived at the hospital your staff had already taken care of the necessary arrangements making the entire experience smooth and stress free over the years we have been consistently impressed with the professionalism and service quality at aster hospital and it s clear that your leadership plays a significant role in fostering a culture of excellence your team s commitment to delivering exceptional patient care is truly inspiring and we are grateful for the trust we have placed in aster hospital please convey our heartfelt appreciation to sr vanisha sr jossay and mr ridhwan for their exceptional service we wish you and the entire aster team continued success and growth and we look forward to the opportunity to serve our healthcare needs with you again in the future thank you for leading a team that truly makes a difference in the lives of patients continue the good work and may your hospital continue to change lives for the better,dear sarah I be write to express my deep gratitude and appreciation for the outstanding service my wife and I receive during her recent visit to aster hospital in mankhool your team s dedication to provide exceptional care and compassion be truly remarkable and we feel blessed to have experience it firsthand sr vanisha sr jossay and service champion mr ridhwan go above and beyond to ensure our comfort and well be their professionalism kindness and empathy make we feel like we be at home from the moment we arrive your staff s proactive approach and attentiveness be evident and we be treat with the utmost care and respect even before we arrive at the hospital your staff have already take care of the necessary arrangement make the entire experience smooth and stress free over the year we have be consistently impressed with the professionalism and service quality at aster hospital and it s clear that your leadership play a significant role in foster a culture of excellence your team s commitment to deliver exceptional patient care be truly inspiring and we be grateful for the trust we have place in aster hospital please convey our heartfelt appreciation to sr vanisha sr jossay and mr ridhwan for their exceptional service we wish you and the entire aster team continue success and growth and we look forward to the opportunity to serve our healthcare need with you again in the future thank you for lead a team that truly make a difference in the life of patient continue the good work and may your hospital continue to change life for the well,POSITIVE,0.999776303768158
Aster_Hospital_Mankhool,5.0,"Good service, neat and clean. Well organised processes. Staff are helpful. Would be good to have free parkings around as the basement fills up quick. But many paid parkings available around.
All doctors are professional and reliable here compared to other branches",a month ago,good service neat and clean well organised processes staff are helpful would be good to have free parkings around as the basement fills up quick but many paid parkings available around all doctors are professional and reliable here compared to other branches,good service neat and clean well organised processes staff are helpful would be good to have free parkings around as the basement fills up quick but many paid parkings available around all doctors are professional and reliable here compared to other branches,good service neat and clean well organise process staff be helpful would be good to have free parking around as the basement fill up quick but many pay parking available around all doctor be professional and reliable here compare to other branch,POSITIVE,0.7206029295921326
Aster_Hospital_Mankhool,5.0,"It was a good experience, where the staffs do not make us like a patient. I'm not going to get rid of it alone here and they looked for all kinds of support. Especially the two staff well careful. MUJIBUR AND NEENU! May all be careful as good as good ..thank you.!",Edited a month ago,it was a good experience where the staffs do not make us like a patient i m not going to get rid of it alone here and they looked for all kinds of support especially the two staff well careful mujibur and neenu may all be careful as good as good thank you,it was a good experience where the staffs do not make us like a patient i m not going to get rid of it alone here and they looked for all kinds of support especially the two staff well careful mujibur and neenu may all be careful as good as good thank you,it be a good experience where the staff do not make we like a patient I m not go to get rid of it alone here and they look for all kind of support especially the two staff well careful mujibur and neenu may all be careful as good as good thank you,POSITIVE,0.9933114051818848
Aster_Hospital_Mankhool,5.0,"Highly recommended Staff very kind and caring facilities are clean and high tech
Thank you Aster Hospital Team and management GOD BLESS",2 weeks ago,highly recommended staff very kind and caring facilities are clean and high tech thank you aster hospital team and management god bless,highly recommended staff very kind and caring facilities are clean and high tech thank you aster hospital team and management god bless,highly recommend staff very kind and caring facility be clean and high tech thank you aster hospital team and management god bless,POSITIVE,0.9996610879898071
Aster_Hospital_Mankhool,5.0,"Excellent care and professional staff!
I had a wonderful experience at Aster Hospital Mankhool. The doctors were highly professional and attentive, and the nurses took great care with genuine kindness. Everything was well-organized — from admission to discharge — and the staff made sure I was comfortable at all times. The hospital is clean, efficient, and truly patient-focused. Thank you to the entire Aster team for their dedication and compassion! Highly recommended.",a week ago,excellent care and professional staff i had a wonderful experience at aster hospital mankhool the doctors were highly professional and attentive and the nurses took great care with genuine kindness everything was well organized from admission to discharge and the staff made sure i was comfortable at all times the hospital is clean efficient and truly patient focused thank you to the entire aster team for their dedication and compassion highly recommended,excellent care and professional staff i had a wonderful experience at aster hospital mankhool the doctors were highly professional and attentive and the nurses took great care with genuine kindness everything was well organized from admission to discharge and the staff made sure i was comfortable at all times the hospital is clean efficient and truly patient focused thank you to the entire aster team for their dedication and compassion highly recommended,excellent care and professional staff I have a wonderful experience at aster hospital mankhool the doctor be highly professional and attentive and the nurse take great care with genuine kindness everything be well organize from admission to discharge and the staff make sure I be comfortable at all time the hospital be clean efficient and truly patient focus thank you to the entire aster team for their dedication and compassion highly recommend,POSITIVE,0.9998338222503662
Aster_Hospital_Mankhool,5.0,"I would like to express my heartfelt appreciation to Aster Hospital for the excellent care and service I received during my surgery and recovery.

A special thank you to my surgery doctor for the professionalism, expertise, and compassion shown throughout the entire process. You made me feel safe and well taken care of every step of the way. 🙏🏻

To all the nurses and staff, thank you so much for your kindness, patience, and dedication. Your constant care and warm smiles made a huge difference in my healing journey. ❤️

The whole experience at Aster Hospital was smooth, convenient, and comforting — truly a place where patients are treated with respect, care, and genuine concern.

I’m beyond grateful and blessed for the outstanding service I received. Highly recommended! 😇💖",3 weeks ago,i would like to express my heartfelt appreciation to aster hospital for the excellent care and service i received during my surgery and recovery a special thank you to my surgery doctor for the professionalism expertise and compassion shown throughout the entire process you made me feel safe and well taken care of every step of the way to all the nurses and staff thank you so much for your kindness patience and dedication your constant care and warm smiles made a huge difference in my healing journey the whole experience at aster hospital was smooth convenient and comforting truly a place where patients are treated with respect care and genuine concern i m beyond grateful and blessed for the outstanding service i received highly recommended,i would like to express my heartfelt appreciation to aster hospital for the excellent care and service i received during my surgery and recovery a special thank you to my surgery doctor for the professionalism expertise and compassion shown throughout the entire process you made me feel safe and well taken care of every step of the way to all the nurses and staff thank you so much for your kindness patience and dedication your constant care and warm smiles made a huge difference in my healing journey the whole experience at aster hospital was smooth convenient and comforting truly a place where patients are treated with respect care and genuine concern i m beyond grateful and blessed for the outstanding service i received highly recommended,I would like to express my heartfelt appreciation to aster hospital for the excellent care and service I receive during my surgery and recovery a special thank you to my surgery doctor for the professionalism expertise and compassion show throughout the entire process you make I feel safe and well take care of every step of the way to all the nurse and staff thank you so much for your kindness patience and dedication your constant care and warm smile make a huge difference in my healing journey the whole experience at aster hospital be smooth convenient and comfort truly a place where patient be treat with respect care and genuine concern I m beyond grateful and bless for the outstanding service I receive highly recommend,POSITIVE,0.9998493194580078
Aster_Hospital_Mankhool,5.0,"I had such a pleasant experience with Dr Sneha and follow up with Dr Jyoti at Aster Hospital Mankhool.
Thanks to Ms. Vanisha, from the moment I arrived, she was super friendly, kind, and genuinely helpful. She made the whole process smooth and stress-free.",a week ago,i had such a pleasant experience with dr sneha and follow up with dr jyoti at aster hospital mankhool thanks to ms vanisha from the moment i arrived she was super friendly kind and genuinely helpful she made the whole process smooth and stress free,i had such a pleasant experience with dr sneha and follow up with dr jyoti at aster hospital mankhool thanks to ms vanisha from the moment i arrived she was super friendly kind and genuinely helpful she made the whole process smooth and stress free,I have such a pleasant experience with dr sneha and follow up with dr jyoti at aster hospital mankhool thank to ms vanisha from the moment I arrive she be super friendly kind and genuinely helpful she make the whole process smooth and stress free,POSITIVE,0.9996176958084106
Aster_Hospital_Mankhool,1.0,"Date of Visit: 15 July 2025 - Review of Aster Hospital Emergency Services - RATE 1 - 10
Patient ID: 900631438

I would like to share my recent and disappointing experience at Aster Hospital’s Emergency Department in the Mankhool branch.

We arrived at the emergency reception around 5:30 PM, and although it was clearly an emergency (I was in severe abdominal pain), we were only attended to around 5:50 PM—a 20-minute wait despite being in obvious distress. This delay was unacceptable in an emergency setting, especially when patients are supposed to receive immediate attention.

Once I was finally placed on a bed, the doctor examined me, administered a pain reliever, and recommended further tests, including a CT scan of the abdomen and pelvis, an IV drip, and blood tests. Despite these steps, I felt neglected throughout the evening. I vomited severely at 11:45 PM and requested to be admitted to a room to rest more comfortably, but that also took a long time. It wasn’t until around 4:00 AM that the CT scan was done, after which I begged again for a room, and was finally moved to Room 406—only after vomiting again.

I must commend one compassionate nurse in the room who truly showed care, his name, Allwin Jeffry - unlike the staff in the emergency room, who lacked empathy and made me feel like a burden instead of a patient in need.

Later in the morning, I requested to be discharged so I could travel to Jordan for treatment with my longtime doctor. I asked for my medical release at 8:30 AM, but even this simple request took an unreasonable amount of time. Although we settled the AED 200 excess payment quickly, the staff delayed my discharge by claiming the printer wasn’t working and insisted I stay in the room—despite everything being settled and my ID already returned.

One male staff member in pink uniform even acted rudely, which made the situation worse. I told him that I was not a prisoner to be held unnecessarily. My driver had to rush through the stairs with proof of payment to ensure I wouldn’t miss my 2 PM flight to Jordan all because of the inefficient discharge process. please review your camera, and he must be given extra seminar on how to handle customer care! this is must for him!

This experience was not only physically painful but also emotionally exhausting!!! I am deeply disappointed by the lack of urgency, care, and compassion shown in the emergency department. Aster Hospital is a large and reputable name, yet this experience was far from what a patient should expect in an emergency medical facility!

I sincerely hope the hospital takes this feedback seriously and works to improve its emergency protocols, discharge procedures, and staff attitude toward patients in pain. No one should have to suffer in such a way while seeking help in a hospital.

Unfortunately, I will not return to this hospital again. Please, train your staff to treat every patient with respect, care, and urgency especially those in critical conditions.",3 months ago,date of visit 15 july 2025 review of aster hospital emergency services rate 1 10 patient id 900631438 i would like to share my recent and disappointing experience at aster hospital s emergency department in the mankhool branch we arrived at the emergency reception around 5 30 pm and although it was clearly an emergency i was in severe abdominal pain we were only attended to around 5 50 pm a 20 minute wait despite being in obvious distress this delay was unacceptable in an emergency setting especially when patients are supposed to receive immediate attention once i was finally placed on a bed the doctor examined me administered a pain reliever and recommended further tests including a ct scan of the abdomen and pelvis an iv drip and blood tests despite these steps i felt neglected throughout the evening i vomited severely at 11 45 pm and requested to be admitted to a room to rest more comfortably but that also took a long time it wasn t until around 4 00 am that the ct scan was done after which i begged again for a room and was finally moved to room 406 only after vomiting again i must commend one compassionate nurse in the room who truly showed care his name allwin jeffry unlike the staff in the emergency room who lacked empathy and made me feel like a burden instead of a patient in need later in the morning i requested to be discharged so i could travel to jordan for treatment with my longtime doctor i asked for my medical release at 8 30 am but even this simple request took an unreasonable amount of time although we settled the aed 200 excess payment quickly the staff delayed my discharge by claiming the printer wasn t working and insisted i stay in the room despite everything being settled and my id already returned one male staff member in pink uniform even acted rudely which made the situation worse i told him that i was not a prisoner to be held unnecessarily my driver had to rush through the stairs with proof of payment to ensure i wouldn t miss my 2 pm flight to jordan all because of the inefficient discharge process please review your camera and he must be given extra seminar on how to handle customer care this is must for him this experience was not only physically painful but also emotionally exhausting i am deeply disappointed by the lack of urgency care and compassion shown in the emergency department aster hospital is a large and reputable name yet this experience was far from what a patient should expect in an emergency medical facility i sincerely hope the hospital takes this feedback seriously and works to improve its emergency protocols discharge procedures and staff attitude toward patients in pain no one should have to suffer in such a way while seeking help in a hospital unfortunately i will not return to this hospital again please train your staff to treat every patient with respect care and urgency especially those in critical conditions,date of visit 15 july 2025 review of aster hospital emergency services rate 1 10 patient id 900631438 i would like to share my recent and disappointing experience at aster hospital s emergency department in the mankhool branch we arrived at the emergency reception around 5 30 pm and although it was clearly an emergency i was in severe abdominal pain we were only attended to around 5 50 pm a 20 minute wait despite being in obvious distress this delay was unacceptable in an emergency setting especially when patients are supposed to receive immediate attention once i was finally placed on a bed the doctor examined me administered a pain reliever and recommended further tests including a ct scan of the abdomen and pelvis an iv drip and blood tests despite these steps i felt neglected throughout the evening i vomited severely at 11 45 pm and requested to be admitted to a room to rest more comfortably but that also took a long time it wasn t until around 4 00 am that the ct scan was done after which i begged again for a room and was finally moved to room 406 only after vomiting again i must commend one compassionate nurse in the room who truly showed care his name allwin jeffry unlike the staff in the emergency room who lacked empathy and made me feel like a burden instead of a patient in need later in the morning i requested to be discharged so i could travel to jordan for treatment with my longtime doctor i asked for my medical release at 8 30 am but even this simple request took an unreasonable amount of time although we settled the aed 200 excess payment quickly the staff delayed my discharge by claiming the printer wasn t working and insisted i stay in the room despite everything being settled and my id already returned one male staff member in pink uniform even acted rudely which made the situation worse i told him that i was not a prisoner to be held unnecessarily my driver had to rush through the stairs with proof of payment to ensure i wouldn t miss my 2 pm flight to jordan all because of the inefficient discharge process please review your camera and he must be given extra seminar on how to handle customer care this is must for him this experience was not only physically painful but also emotionally exhausting i am deeply disappointed by the lack of urgency care and compassion shown in the emergency department aster hospital is a large and reputable name yet this experience was far from what a patient should expect in an emergency medical facility i sincerely hope the hospital takes this feedback seriously and works to improve its emergency protocols discharge procedures and staff attitude toward patients in pain no one should have to suffer in such a way while seeking help in a hospital unfortunately i will not return to this hospital again please train your staff to treat every patient with respect care and urgency especially those in critical conditions,date of visit 15 july 2025 review of aster hospital emergency service rate 1 10 patient i d 900631438 I would like to share my recent and disappointing experience at aster hospital s emergency department in the mankhool branch we arrive at the emergency reception around 5 30 pm and although it be clearly an emergency I be in severe abdominal pain we be only attend to around 5 50 pm a 20 minute wait despite be in obvious distress this delay be unacceptable in an emergency set especially when patient be suppose to receive immediate attention once I be finally place on a bed the doctor examine I administer a pain reliever and recommend further test include a ct scan of the abdomen and pelvis an iv drip and blood test despite these step I felt neglect throughout the evening I vomit severely at 11 45 pm and request to be admit to a room to rest more comfortably but that also take a long time it wasn t until around 4 00 be that the ct scan be do after which I beg again for a room and be finally move to room 406 only after vomit again I must commend one compassionate nurse in the room who truly show care his name allwin jeffry unlike the staff in the emergency room who lack empathy and make I feel like a burden instead of a patient in need later in the morning I request to be discharge so I could travel to jordan for treatment with my longtime doctor I ask for my medical release at 8 30 am but even this simple request take an unreasonable amount of time although we settle the ae 200 excess payment quickly the staff delay my discharge by claim the printer wasn t work and insist I stay in the room despite everything be settle and my i d already return one male staff member in pink uniform even act rudely which make the situation bad I tell he that I be not a prisoner to be hold unnecessarily my driver have to rush through the stair with proof of payment to ensure I wouldn t miss my 2 pm flight to jordan all because of the inefficient discharge process please review your camera and he must be give extra seminar on how to handle customer care this be must for he this experience be not only physically painful but also emotionally exhausting I be deeply disappointed by the lack of urgency care and compassion show in the emergency department aster hospital be a large and reputable name yet this experience be far from what a patient should expect in an emergency medical facility I sincerely hope the hospital take this feedback seriously and work to improve its emergency protocol discharge procedure and staff attitude toward patient in pain no one should have to suffer in such a way while seek help in a hospital unfortunately I will not return to this hospital again please train your staff to treat every patient with respect care and urgency especially those in critical condition,NEGATIVE,0.9929152727127075
Aster_Hospital_Mankhool,5.0,"Aster hospital mankhool
First time my visit in Aster mankhool for choosing for my wife delivery - We selected Dr Ayesha  Salam GyNo Docter  Done great effort  work on her duty on delivery time . Masha Allah i have  blessed with baby girl ,and special thanks to Labour Room all nurses and duty Doctor  . But the room was soo congested  feelings 2nd bed was soo big and its not deep attachment to the wall of room , Room cleaning facilities is good ,  Some staff in Billing section not friendly.",a week ago,aster hospital mankhool first time my visit in aster mankhool for choosing for my wife delivery we selected dr ayesha salam gyno docter done great effort work on her duty on delivery time masha allah i have blessed with baby girl and special thanks to labour room all nurses and duty doctor but the room was soo congested feelings 2nd bed was soo big and its not deep attachment to the wall of room room cleaning facilities is good some staff in billing section not friendly,aster hospital mankhool first time my visit in aster mankhool for choosing for my wife delivery we selected dr ayesha salam gyno docter done great effort work on her duty on delivery time masha allah i have blessed with baby girl and special thanks to labour room all nurses and duty doctor but the room was soo congested feelings 2nd bed was soo big and its not deep attachment to the wall of room room cleaning facilities is good some staff in billing section not friendly,aster hospital mankhool first time my visit in aster mankhool for choose for my wife delivery we select dr ayesha salam gyno docter do great effort work on her duty on delivery time masha allah I have bless with baby girl and special thank to labour room all nurse and duty doctor but the room be soo congest feeling 2nd bed be soo big and its not deep attachment to the wall of room room cleaning facility be good some staff in billing section not friendly,NEGATIVE,0.9946373105049133
Aster_Hospital_Mankhool,5.0,I ve been consulting with Aster clinics and hospitals throughout my pregnancy. Dr. Maya(the gynaecologist) is amazing and clear with the patients. Her prompt actions led to a safe delivery and recovery journey.,4 days ago,i ve been consulting with aster clinics and hospitals throughout my pregnancy dr maya the gynaecologist is amazing and clear with the patients her prompt actions led to a safe delivery and recovery journey,i ve been consulting with aster clinics and hospitals throughout my pregnancy dr maya the gynaecologist is amazing and clear with the patients her prompt actions led to a safe delivery and recovery journey,I ve be consult with aster clinic and hospital throughout my pregnancy dr maya the gynaecologist be amazing and clear with the patient her prompt action lead to a safe delivery and recovery journey,POSITIVE,0.9995912909507751
Aster_Hospital_Mankhool,5.0,"Overall very good service in regards with nurses , doctors are very helpful and hospitality was also good.

We had a very smooth procedure as we came for our treatment only food was okay , but rest good.",a week ago,overall very good service in regards with nurses doctors are very helpful and hospitality was also good we had a very smooth procedure as we came for our treatment only food was okay but rest good,overall very good service in regards with nurses doctors are very helpful and hospitality was also good we had a very smooth procedure as we came for our treatment only food was okay but rest good,overall very good service in regard with nurse doctor be very helpful and hospitality be also good we have a very smooth procedure as we come for our treatment only food be okay but rest good,POSITIVE,0.9992554783821106
Aster_Hospital_Mankhool,5.0,"Thank you for the wonderful service in OBGYN Dept. From the beginning I found my diagnosis she explained to me everything that why I feel comfortable to do the Surgery until I finished the Surgery, Dr. Maya Sreekumari is my Doctor. The Nurse Ms. Betsy is guide me for everything I need and what will I do,she managed very well even she is busy with other patient during my follow up check-up. And Ms. Rani from Customer service is serving me with a smile and respect. Keep it up and God bless 🙏😍",6 months ago,thank you for the wonderful service in obgyn dept from the beginning i found my diagnosis she explained to me everything that why i feel comfortable to do the surgery until i finished the surgery dr maya sreekumari is my doctor the nurse ms betsy is guide me for everything i need and what will i do she managed very well even she is busy with other patient during my follow up check up and ms rani from customer service is serving me with a smile and respect keep it up and god bless,thank you for the wonderful service in obgyn dept from the beginning i found my diagnosis she explained to me everything that why i feel comfortable to do the surgery until i finished the surgery dr maya sreekumari is my doctor the nurse ms betsy is guide me for everything i need and what will i do she managed very well even she is busy with other patient during my follow up check up and ms rani from customer service is serving me with a smile and respect keep it up and god bless,thank you for the wonderful service in obgyn dept from the beginning I find my diagnosis she explain to I everything that why I feel comfortable to do the surgery until I finish the surgery dr maya sreekumari be my doctor the nurse ms betsy be guide I for everything I need and what will I do she manage very well even she be busy with other patient during my follow up check up and ms rani from customer service be serve I with a smile and respect keep it up and god bless,POSITIVE,0.9997945427894592
Aster_Hospital_Mankhool,5.0,"dr sachin did a excellent service  throughout my visit and iambus feeling good now.
staff manju takecareof my visit and followup withstand my approvas and did god job too
thanks and lot cardiopulmonary dept from aster mankhool",2 weeks ago,dr sachin did a excellent service throughout my visit and iambus feeling good now staff manju takecareof my visit and followup withstand my approvas and did god job too thanks and lot cardiopulmonary dept from aster mankhool,dr sachin did a excellent service throughout my visit and iambus feeling good now staff manju takecareof my visit and followup withstand my approvas and did god job too thanks and lot cardiopulmonary dept from aster mankhool,dr sachin do a excellent service throughout my visit and iambus feel good now staff manju takecareof my visit and followup withstand my approvas and do god job too thank and lot cardiopulmonary dept from aster mankhool,POSITIVE,0.997433602809906
Aster_Hospital_Mankhool,5.0,Honestly amazing care and kindness I have received.  Very polite and approachable staff in reception Ms Cinol . Also thanked to my Dr. Bharat ENT,a week ago,honestly amazing care and kindness i have received very polite and approachable staff in reception ms cinol also thanked to my dr bharat ent,honestly amazing care and kindness i have received very polite and approachable staff in reception ms cinol also thanked to my dr bharat ent,honestly amazing care and kindness I have receive very polite and approachable staff in reception ms cinol also thank to my dr bharat ent,POSITIVE,0.9998600482940674
Aster_Hospital_Mankhool,5.0,"I gave birth to our daughter on the 22nd August at the hospital and had the amazing experience in the labor room, I have to mention Nurse Asha and Nurse Jenifer who assisted me and took care of me also the Nurse who attended me while my delivery, Also I want to thank Doctor Reethu for being my gynecologist for the most amazing moment of our lives ❤️🧿
The hospital is extremely clean and neat except the food service is not that good. But overall I had a wonderful experience and really thankful for the nurses doctors the cleaning staff for excellent supportive service they gave us throughout the whole process.",3 weeks ago,i gave birth to our daughter on the 22nd august at the hospital and had the amazing experience in the labor room i have to mention nurse asha and nurse jenifer who assisted me and took care of me also the nurse who attended me while my delivery also i want to thank doctor reethu for being my gynecologist for the most amazing moment of our lives the hospital is extremely clean and neat except the food service is not that good but overall i had a wonderful experience and really thankful for the nurses doctors the cleaning staff for excellent supportive service they gave us throughout the whole process,i gave birth to our daughter on the 22nd august at the hospital and had the amazing experience in the labor room i have to mention nurse asha and nurse jenifer who assisted me and took care of me also the nurse who attended me while my delivery also i want to thank doctor reethu for being my gynecologist for the most amazing moment of our lives the hospital is extremely clean and neat except the food service is not that good but overall i had a wonderful experience and really thankful for the nurses doctors the cleaning staff for excellent supportive service they gave us throughout the whole process,I give birth to our daughter on the 22nd august at the hospital and have the amazing experience in the labor room I have to mention nurse asha and nurse jenifer who assist I and take care of I also the nurse who attend I while my delivery also I want to thank doctor reethu for be my gynecologist for the most amazing moment of our life the hospital be extremely clean and neat except the food service be not that good but overall I have a wonderful experience and really thankful for the nurse doctor the clean staff for excellent supportive service they give we throughout the whole process,POSITIVE,0.9998250603675842
Aster_Hospital_Mankhool,3.0,"We came here fo the blue light phototherapy for our daugther.  It took us almost 1 hour waiting in emergency to get admitted.

When we get to the room, No doctor came to explain about the procedure. Even the nurse didnt explain. I had to ask about the procedure and the risks.

Night duty nurse is very rough handling our baby started on 20th night room 504. Everytime she touches my daugther changing diapers, feeding, our baby cries wild. Shes very rough. Me and my wife getting anxious watching her. This particular nurse doesnt even talk. Which is very weird for a nurse.  Other shift nurse were so gentle and accomodating.

October 21st night. The same night duty nurse came. I told her clearly to handle my baby gently.  That was around 10-11pm...  and that was the last time she came to the room. Nobody - no nurse came to our room to check with my daugther and monitor the phototherapy session. Until 4:35am, if i didnt push this red button she didnt came. Which i find it very unprofessional. Between 11pm - 4am the nurse was only sleeping on the counter. Check CCTV. Very disappointing.",2 weeks ago,we came here fo the blue light phototherapy for our daugther it took us almost 1 hour waiting in emergency to get admitted when we get to the room no doctor came to explain about the procedure even the nurse didnt explain i had to ask about the procedure and the risks night duty nurse is very rough handling our baby started on 20th night room 504 everytime she touches my daugther changing diapers feeding our baby cries wild shes very rough me and my wife getting anxious watching her this particular nurse doesnt even talk which is very weird for a nurse other shift nurse were so gentle and accomodating october 21st night the same night duty nurse came i told her clearly to handle my baby gently that was around 10 11pm and that was the last time she came to the room nobody no nurse came to our room to check with my daugther and monitor the phototherapy session until 4 35am if i didnt push this red button she didnt came which i find it very unprofessional between 11pm 4am the nurse was only sleeping on the counter check cctv very disappointing,we came here fo the blue light phototherapy for our daugther it took us almost 1 hour waiting in emergency to get admitted when we get to the room no doctor came to explain about the procedure even the nurse didnt explain i had to ask about the procedure and the risks night duty nurse is very rough handling our baby started on 20th night room 504 everytime she touches my daugther changing diapers feeding our baby cries wild shes very rough me and my wife getting anxious watching her this particular nurse doesnt even talk which is very weird for a nurse other shift nurse were so gentle and accomodating october 21st night the same night duty nurse came i told her clearly to handle my baby gently that was around 10 11pm and that was the last time she came to the room nobody no nurse came to our room to check with my daugther and monitor the phototherapy session until 4 35am if i didnt push this red button she didnt came which i find it very unprofessional between 11pm 4am the nurse was only sleeping on the counter check cctv very disappointing,we come here fo the blue light phototherapy for our daugther it take we almost 1 hour wait in emergency to get admit when we get to the room no doctor come to explain about the procedure even the nurse do not explain I have to ask about the procedure and the risk night duty nurse be very rough handle our baby start on 20th night room 504 everytime she touch my daugther change diaper feed our baby cry wild she s very rough I and my wife get anxious watch she this particular nurse do not even talk which be very weird for a nurse other shift nurse be so gentle and accomodating october 21st night the same night duty nurse come I tell she clearly to handle my baby gently that be around 10 11 pm and that be the last time she come to the room nobody no nurse come to our room to check with my daugther and monitor the phototherapy session until 4 35am if I do not push this red button she do not come which I find it very unprofessional between 11 pm 4 am the nurse be only sleep on the counter check cctv very disappointing,NEGATIVE,0.9955804944038391
Aster_Hospital_Mankhool,5.0,"I was admitted in cardiac icu, I got very good service from the whole staff. Dr naveed Ahmed was provided me a good treatment. Staff nurses jency and dhanya was very much helpful during my stay.
Thank you so much for the care.",a week ago,i was admitted in cardiac icu i got very good service from the whole staff dr naveed ahmed was provided me a good treatment staff nurses jency and dhanya was very much helpful during my stay thank you so much for the care,i was admitted in cardiac icu i got very good service from the whole staff dr naveed ahmed was provided me a good treatment staff nurses jency and dhanya was very much helpful during my stay thank you so much for the care,I be admit in cardiac icu I get very good service from the whole staff dr naveed ahmed be provide I a good treatment staff nurse jency and dhanya be very much helpful during my stay thank you so much for the care,POSITIVE,0.9996306896209717
Aster_Hospital_Mankhool,1.0,"I want to share my experience at this hospital,it's really not bad but it's the worst ,i advise the doctors to learn more and go to the school again and for the price it's toooo much expencive,i came to him for check my pimpel it's shown on my chest ,they send me to the operation and directly tell that it need surgery directly ,when i heard that i didn't believe him so for that i went to another hospital and there the doctor just give me one injection and medicin and now i'm good.so please do not do anything just for money .",a week ago,i want to share my experience at this hospital it s really not bad but it s the worst i advise the doctors to learn more and go to the school again and for the price it s toooo much expencive i came to him for check my pimpel it s shown on my chest they send me to the operation and directly tell that it need surgery directly when i heard that i didn t believe him so for that i went to another hospital and there the doctor just give me one injection and medicin and now i m good so please do not do anything just for money,i want to share my experience at this hospital it s really not bad but it s the worst i advise the doctors to learn more and go to the school again and for the price it s toooo much expencive i came to him for check my pimpel it s shown on my chest they send me to the operation and directly tell that it need surgery directly when i heard that i didn t believe him so for that i went to another hospital and there the doctor just give me one injection and medicin and now i m good so please do not do anything just for money,I want to share my experience at this hospital it s really not bad but it s the bad I advise the doctor to learn more and go to the school again and for the price it s toooo much expencive I come to he for check my pimpel it s show on my chest they send I to the operation and directly tell that it need surgery directly when I hear that I didn t believe he so for that I go to another hospital and there the doctor just give I one injection and medicin and now I m good so please do not do anything just for money,NEGATIVE,0.8184726238250732
Aster_Hospital_Mankhool,5.0,"Overall had a good experience with Aster team and doctors.Special mention to Miss Rhea for helping out at the counter. If insurance waiting time is reduced , would have been better.",a week ago,overall had a good experience with aster team and doctors special mention to miss rhea for helping out at the counter if insurance waiting time is reduced would have been better,overall had a good experience with aster team and doctors special mention to miss rhea for helping out at the counter if insurance waiting time is reduced would have been better,overall have a good experience with aster team and doctor special mention to miss rhea for help out at the counter if insurance waiting time be reduce would have be well,POSITIVE,0.9967420697212219
Aster_Hospital_Mankhool,5.0,Well deserving aster hospital the five star. All the staffs are well managing. Also really am happy With Dr. Barath explained well about my condition. Appreciate ms Cinol to serve best service,a week ago,well deserving aster hospital the five star all the staffs are well managing also really am happy with dr barath explained well about my condition appreciate ms cinol to serve best service,well deserving aster hospital the five star all the staffs are well managing also really am happy with dr barath explained well about my condition appreciate ms cinol to serve best service,well deserve aster hospital the five star all the staff be well manage also really be happy with dr barath explain well about my condition appreciate ms cinol to serve good service,POSITIVE,0.9974936246871948
Aster_Hospital_Mankhool,5.0,"Thanks to all the Aster ICU sisters, brothers and doctors for taking such good care of my father. They all have been so selfless and caring always. Thanks to Doctor Gireesh (Gastroenterology) and Sachin (Cardiologist) for being a life savior for my father.",Edited a week ago,thanks to all the aster icu sisters brothers and doctors for taking such good care of my father they all have been so selfless and caring always thanks to doctor gireesh gastroenterology and sachin cardiologist for being a life savior for my father,thanks to all the aster icu sisters brothers and doctors for taking such good care of my father they all have been so selfless and caring always thanks to doctor gireesh gastroenterology and sachin cardiologist for being a life savior for my father,thank to all the aster icu sister brother and doctor for take such good care of my father they all have be so selfless and care always thank to doctor gireesh gastroenterology and sachin cardiologist for be a life savior for my father,POSITIVE,0.9991185069084167
Aster_Hospital_Mankhool,1.0,"I had an appointment scheduled today at 1:40 PM, and I have been waiting at the hospital since 2:00 PM. However, until 4.00pm, no one has called me or informed me about the delay.

I understand that unexpected situations can occur, but patients should be updated about any significant waiting times. This lack of communication has caused me considerable inconvenience.

Please look into this matter and ensure better coordination and communication in the future.

Thank you for your attention.",2 weeks ago,i had an appointment scheduled today at 1 40 pm and i have been waiting at the hospital since 2 00 pm however until 4 00pm no one has called me or informed me about the delay i understand that unexpected situations can occur but patients should be updated about any significant waiting times this lack of communication has caused me considerable inconvenience please look into this matter and ensure better coordination and communication in the future thank you for your attention,i had an appointment scheduled today at 1 40 pm and i have been waiting at the hospital since 2 00 pm however until 4 00pm no one has called me or informed me about the delay i understand that unexpected situations can occur but patients should be updated about any significant waiting times this lack of communication has caused me considerable inconvenience please look into this matter and ensure better coordination and communication in the future thank you for your attention,I have an appointment schedule today at 1 40 pm and I have be wait at the hospital since 2 00 pm however until 4 00pm no one have call I or inform I about the delay I understand that unexpected situation can occur but patient should be update about any significant waiting time this lack of communication have cause I considerable inconvenience please look into this matter and ensure well coordination and communication in the future thank you for your attention,NEGATIVE,0.533778190612793
Aster_Hospital_Mankhool,5.0,"I would like to express my deepest gratitude to the entire ICU team at Aster Hospital Mankhool. From the very first moment, they treated me not just as a patient, but as a human being who needed care, comfort, and hope.

A very special thanks goes to Dr. Neeraj and his dedicated team, and especially to the nurse Vishnu. Their professionalism, compassion, and tireless efforts went far beyond my expectations. They worked day and night to stabilize my condition and managed to bring my sodium level back to normal from a dangerously low 110—a level that could have cost me my life.

What touched me most is that they never once made me feel alone. Every word of reassurance, every attentive gesture, and every careful step they took gave me strength and courage to fight through my illness.

I will always carry in my heart the kindness and dedication of this wonderful team. They are true heroes in every sense, and anyone under their care can feel safe, valued, and loved.

Thank you, from the bottom of my heart. 🙏 (Thanks Aster Hospital - Mankhool - ICU Team)",2 months ago,i would like to express my deepest gratitude to the entire icu team at aster hospital mankhool from the very first moment they treated me not just as a patient but as a human being who needed care comfort and hope a very special thanks goes to dr neeraj and his dedicated team and especially to the nurse vishnu their professionalism compassion and tireless efforts went far beyond my expectations they worked day and night to stabilize my condition and managed to bring my sodium level back to normal from a dangerously low 110 a level that could have cost me my life what touched me most is that they never once made me feel alone every word of reassurance every attentive gesture and every careful step they took gave me strength and courage to fight through my illness i will always carry in my heart the kindness and dedication of this wonderful team they are true heroes in every sense and anyone under their care can feel safe valued and loved thank you from the bottom of my heart thanks aster hospital mankhool icu team,i would like to express my deepest gratitude to the entire icu team at aster hospital mankhool from the very first moment they treated me not just as a patient but as a human being who needed care comfort and hope a very special thanks goes to dr neeraj and his dedicated team and especially to the nurse vishnu their professionalism compassion and tireless efforts went far beyond my expectations they worked day and night to stabilize my condition and managed to bring my sodium level back to normal from a dangerously low 110 a level that could have cost me my life what touched me most is that they never once made me feel alone every word of reassurance every attentive gesture and every careful step they took gave me strength and courage to fight through my illness i will always carry in my heart the kindness and dedication of this wonderful team they are true heroes in every sense and anyone under their care can feel safe valued and loved thank you from the bottom of my heart thanks aster hospital mankhool icu team,I would like to express my deep gratitude to the entire icu team at aster hospital mankhool from the very first moment they treat I not just as a patient but as a human being who need care comfort and hope a very special thank go to dr neeraj and his dedicated team and especially to the nurse vishnu their professionalism compassion and tireless effort go far beyond my expectation they work day and night to stabilize my condition and manage to bring my sodium level back to normal from a dangerously low 110 a level that could have cost I my life what touch I most be that they never once make I feel alone every word of reassurance every attentive gesture and every careful step they take give I strength and courage to fight through my illness I will always carry in my heart the kindness and dedication of this wonderful team they be true hero in every sense and anyone under their care can feel safe value and love thank you from the bottom of my heart thank aster hospital mankhool icu team,POSITIVE,0.998196542263031
Aster_Hospital_Mankhool,5.0,"It was a amazing experience in Aster Hospital .  The Doctors and Nurses will give us extra care and support. And Specially in the Receptionist in Counter 8, Cinol..She give us a super guidance and support in the visit.

Thank you all.",2 weeks ago,it was a amazing experience in aster hospital the doctors and nurses will give us extra care and support and specially in the receptionist in counter 8 cinol she give us a super guidance and support in the visit thank you all,it was a amazing experience in aster hospital the doctors and nurses will give us extra care and support and specially in the receptionist in counter 8 cinol she give us a super guidance and support in the visit thank you all,it be a amazing experience in aster hospital the doctor and nurse will give we extra care and support and specially in the receptionist in counter 8 cinol she give we a super guidance and support in the visit thank you all,POSITIVE,0.9996922016143799
Aster_Hospital_Mankhool,5.0,"Good Service  and quality  facilities and  all staff good and  nurse , specially to all Doctors   Taking care  for  successful General operation of my wife . Very satisfied and  Good  will come every time and recommend to all my family and friends . Godbless all",2 weeks ago,good service and quality facilities and all staff good and nurse specially to all doctors taking care for successful general operation of my wife very satisfied and good will come every time and recommend to all my family and friends godbless all,good service and quality facilities and all staff good and nurse specially to all doctors taking care for successful general operation of my wife very satisfied and good will come every time and recommend to all my family and friends godbless all,good service and quality facility and all staff good and nurse specially to all doctor take care for successful general operation of my wife very satisfied and good will come every time and recommend to all my family and friend godbless all,POSITIVE,0.9997852444648743
Aster_Hospital_Mankhool,5.0,"I just want to thanks a lot for this people who really gave us full attention,  It was  the second time my wife got admitted  in this hospital and no doubt we were 100% satisfied with the service,  from the facilities, Equipments, the Food, and the people who really take care of  us. Special mention to (Samshadth,Roshni,Sajna, stephy, And also to doctor Aysha)
Highly recommend nurses, as well as the hospital.  Gracias❤️❤️",a week ago,i just want to thanks a lot for this people who really gave us full attention it was the second time my wife got admitted in this hospital and no doubt we were 100 satisfied with the service from the facilities equipments the food and the people who really take care of us special mention to samshadth roshni sajna stephy and also to doctor aysha highly recommend nurses as well as the hospital gracias,i just want to thanks a lot for this people who really gave us full attention it was the second time my wife got admitted in this hospital and no doubt we were 100 satisfied with the service from the facilities equipments the food and the people who really take care of us special mention to samshadth roshni sajna stephy and also to doctor aysha highly recommend nurses as well as the hospital gracias,I just want to thank a lot for this people who really give we full attention it be the second time my wife get admit in this hospital and no doubt we be 100 satisfied with the service from the facility equipment the food and the people who really take care of we special mention to samshadth roshni sajna stephy and also to doctor aysha highly recommend nurse as well as the hospital gracia,POSITIVE,0.998428225517273
Aster_Hospital_Mankhool,5.0,"Promoting professional growth ,enhancing teamwork,and improving patient care by addressing both strengths and areas for improvement it was my first experience in aster mankhool all the nurses they really good and thank u ☺️ miss chetana Leaity all the team I really appreciate from my heart ❤️",a week ago,promoting professional growth enhancing teamwork and improving patient care by addressing both strengths and areas for improvement it was my first experience in aster mankhool all the nurses they really good and thank u miss chetana leaity all the team i really appreciate from my heart,promoting professional growth enhancing teamwork and improving patient care by addressing both strengths and areas for improvement it was my first experience in aster mankhool all the nurses they really good and thank u miss chetana leaity all the team i really appreciate from my heart,promote professional growth enhance teamwork and improve patient care by address both strength and area for improvement it be my first experience in aster mankhool all the nurse they really good and thank u miss chetana leaity all the team I really appreciate from my heart,POSITIVE,0.9996856451034546
Aster_Hospital_Mankhool,5.0,Dr Debabrate and all the cardiology and his nurse sister Greeshama are of of the best I have ever dealt with in any hospital in Dubai they are an asset to aster . God bless both of them . Sharon pinto,a week ago,dr debabrate and all the cardiology and his nurse sister greeshama are of of the best i have ever dealt with in any hospital in dubai they are an asset to aster god bless both of them sharon pinto,dr debabrate and all the cardiology and his nurse sister greeshama are of of the best i have ever dealt with in any hospital in dubai they are an asset to aster god bless both of them sharon pinto,dr debabrate and all the cardiology and his nurse sister greeshama be of of the good I have ever deal with in any hospital in dubai they be an asset to aster god bless both of they sharon pinto,POSITIVE,0.9996427297592163
Aster_Hospital_Mankhool,5.0,Had a Mri done today .The technicians and the staff of the Mri/radiology dept were extremely helpful .The staff helped calm me down during the MRI procedure ..without his assistance it would not have been possible for me to complete the scan. Very grateful 🙏🏼,4 days ago,had a mri done today the technicians and the staff of the mri radiology dept were extremely helpful the staff helped calm me down during the mri procedure without his assistance it would not have been possible for me to complete the scan very grateful,had a mri done today the technicians and the staff of the mri radiology dept were extremely helpful the staff helped calm me down during the mri procedure without his assistance it would not have been possible for me to complete the scan very grateful,have a mri do today the technician and the staff of the mri radiology dept be extremely helpful the staff help calm I down during the mri procedure without his assistance it would not have be possible for I to complete the scan very grateful,POSITIVE,0.9886395931243896
Aster_Hospital_Mankhool,5.0,"Thank you Rajkumar. He did my surgery's am in followup visit with him . All services aree good. Thank you sister namitha forhelp and staff Cinol in reception very approachable
approachable",a week ago,thank you rajkumar he did my surgery s am in followup visit with him all services aree good thank you sister namitha forhelp and staff cinol in reception very approachable approachable,thank you rajkumar he did my surgery s am in followup visit with him all services aree good thank you sister namitha forhelp and staff cinol in reception very approachable approachable,thank you rajkumar he do my surgery s am in followup visit with he all service aree good thank you sister namitha forhelp and staff cinol in reception very approachable approachable,POSITIVE,0.9997707009315491
Aster_Hospital_Mankhool,5.0,"I had a great experience — everything was incredibly fast, smooth, and well-organized. The staff were professional and caring, making the entire process comfortable and efficient. I highly recommend this hospital for their excellent service and patient care.",2 weeks ago,i had a great experience everything was incredibly fast smooth and well organized the staff were professional and caring making the entire process comfortable and efficient i highly recommend this hospital for their excellent service and patient care,i had a great experience everything was incredibly fast smooth and well organized the staff were professional and caring making the entire process comfortable and efficient i highly recommend this hospital for their excellent service and patient care,I have a great experience everything be incredibly fast smooth and well organize the staff be professional and caring make the entire process comfortable and efficient I highly recommend this hospital for their excellent service and patient care,POSITIVE,0.999832272529602
Aster_Hospital_Mankhool,5.0,"Extremely happy after my visit all staffs are very attentive and patient friendly. Thank you Dr. Arif ,Ms jyothy duty manager and Ms cinol and Ms jubinsha I truly appreciate the dedication to patient care",a month ago,extremely happy after my visit all staffs are very attentive and patient friendly thank you dr arif ms jyothy duty manager and ms cinol and ms jubinsha i truly appreciate the dedication to patient care,extremely happy after my visit all staffs are very attentive and patient friendly thank you dr arif ms jyothy duty manager and ms cinol and ms jubinsha i truly appreciate the dedication to patient care,extremely happy after my visit all staff be very attentive and patient friendly thank you dr arif ms jyothy duty manager and ms cinol and ms jubinsha I truly appreciate the dedication to patient care,POSITIVE,0.999859094619751
Aster_Hospital_Mankhool,1.0,"I ALMOST DIED IN THIS HOSPITAL, LITERALLY!! No sugar coat comment.

1. WORST EMERGENCY
2. LIFE AND DEATH PROCEDURE
3. CROWDED / NO ROOM AVAILABLE
4. I POLITELY ASK DR.MAYA SREEKU WHY, BUT SHE IS RUDE.

WORST EMERGENCY:
- I was instructed to go direct at Emergency because my baby is dead for 1 week inside my tummy. But It took us 10 hours of waiting inside the emergency to be admitted and start the procedure. Yes, 10hours in the EMERGENCY. TOO MANY PEOPLE COMPLAINS!

THE LIFE AND DEATH PROCEDURE
- I came for D&C procedure. But Dr. Maya Sreeku procedure didn't analyze the situation that contributed to Drained and weaken my Uterus.
- They said it should be out from my body, 1 day. but their procedure took 3 more days
- I NATURALLY gave birth to a dead baby.
- 3 medications inserted thru my vagina.
- 1 induced labor without anesthesia.
- 3 injections on my butt to contract
- No proper food and water for 4 DAYS!!
- with 9 HOURS of PROLONGED LABOR
- MY UTERUS is already WEAK&SOFT and nobody is aware and pay attention
- I was bleeding very very very hard
- They sent me to Operation Theatre
- MY Placenta position is lower and already risk
- But DR. MAYA Sreeku added that Prolong procedure to WEAKEN MORE MY UTERUS and lead to life and death scene.
- MY BODY is dehydrated. My hemoglobin is unstable I finished 4 bags of extra blood. ITS ALREADY A LIFE THREATENING SCENARIO.
- They want to REMOVE MY UTERUS.
- They CUT ME OPEN LIKE C-Section but they put a thread to tighten my flabby uterus instead. Then bleed stopped.
- I ENDED UP IN ICU... fighting for my life. with a small airway to breathe. because I had tube in my mouth.
- God gave a new life to testify.
- I woke up at ICU. trying to understand everything that I thought should be simple D&C procedure.
- DR. MAYA Sreeku confessed that it was her first time.
- I should be shifted from ICU to recovery room BUT ended up staying at the HALL WAY.

NO ROOM AVAILABLE
- All those Doctors said I will be shifted to recovery room in the morning of May 29,2025. We have waited but ended up spending at ICU until evening because no available room.
- Floor manager said of 4th floor, maximum 5pm they will give us room.
- We have waited. They made excuses. the room is under deep cleaning.
- After half day of waiting, they gave us a ROOM, 7:30pm and when we arrived at the room, THE ROOM IS NOT CLEAN and WE STAYED AT THE HALL WAY.
- They send us at the Admission Room 4 or 5th Floor. mixed with other patients who probably waiting for proper room too.
- They said we will DISCHARGED in the morning of May 30,225... we initiated to call and follow up our own insurance for fast transaction... but still ended up waiting for hospital back and fort replies until evening of 7pm, May 30,2025.

I POLITELY ASK WHY DID IT HAPPENED
- DR. MAYA Sreeku is hesitant to answer. I didn't finish my question and she clearly said ""What we should do? Just ask second opinion to Latifa Hospital.. Pls bring the next patient"" I recorded our conversation because I usually forgot but I was surprised by her rude answer.",Edited 4 months ago,i almost died in this hospital literally no sugar coat comment 1 worst emergency 2 life and death procedure 3 crowded no room available 4 i politely ask dr maya sreeku why but she is rude worst emergency i was instructed to go direct at emergency because my baby is dead for 1 week inside my tummy but it took us 10 hours of waiting inside the emergency to be admitted and start the procedure yes 10hours in the emergency too many people complains the life and death procedure i came for d c procedure but dr maya sreeku procedure didn t analyze the situation that contributed to drained and weaken my uterus they said it should be out from my body 1 day but their procedure took 3 more days i naturally gave birth to a dead baby 3 medications inserted thru my vagina 1 induced labor without anesthesia 3 injections on my butt to contract no proper food and water for 4 days with 9 hours of prolonged labor my uterus is already weak soft and nobody is aware and pay attention i was bleeding very very very hard they sent me to operation theatre my placenta position is lower and already risk but dr maya sreeku added that prolong procedure to weaken more my uterus and lead to life and death scene my body is dehydrated my hemoglobin is unstable i finished 4 bags of extra blood its already a life threatening scenario they want to remove my uterus they cut me open like c section but they put a thread to tighten my flabby uterus instead then bleed stopped i ended up in icu fighting for my life with a small airway to breathe because i had tube in my mouth god gave a new life to testify i woke up at icu trying to understand everything that i thought should be simple d c procedure dr maya sreeku confessed that it was her first time i should be shifted from icu to recovery room but ended up staying at the hall way no room available all those doctors said i will be shifted to recovery room in the morning of may 29 2025 we have waited but ended up spending at icu until evening because no available room floor manager said of 4th floor maximum 5pm they will give us room we have waited they made excuses the room is under deep cleaning after half day of waiting they gave us a room 7 30pm and when we arrived at the room the room is not clean and we stayed at the hall way they send us at the admission room 4 or 5th floor mixed with other patients who probably waiting for proper room too they said we will discharged in the morning of may 30 225 we initiated to call and follow up our own insurance for fast transaction but still ended up waiting for hospital back and fort replies until evening of 7pm may 30 2025 i politely ask why did it happened dr maya sreeku is hesitant to answer i didn t finish my question and she clearly said what we should do just ask second opinion to latifa hospital pls bring the next patient i recorded our conversation because i usually forgot but i was surprised by her rude answer,i almost died in this hospital literally no sugar coat comment 1 worst emergency 2 life and death procedure 3 crowded no room available 4 i politely ask dr maya sreeku why but she is rude worst emergency i was instructed to go direct at emergency because my baby is dead for 1 week inside my tummy but it took us 10 hours of waiting inside the emergency to be admitted and start the procedure yes 10hours in the emergency too many people complains the life and death procedure i came for d c procedure but dr maya sreeku procedure didn t analyze the situation that contributed to drained and weaken my uterus they said it should be out from my body 1 day but their procedure took 3 more days i naturally gave birth to a dead baby 3 medications inserted thru my vagina 1 induced labor without anesthesia 3 injections on my butt to contract no proper food and water for 4 days with 9 hours of prolonged labor my uterus is already weak soft and nobody is aware and pay attention i was bleeding very very very hard they sent me to operation theatre my placenta position is lower and already risk but dr maya sreeku added that prolong procedure to weaken more my uterus and lead to life and death scene my body is dehydrated my hemoglobin is unstable i finished 4 bags of extra blood its already a life threatening scenario they want to remove my uterus they cut me open like c section but they put a thread to tighten my flabby uterus instead then bleed stopped i ended up in icu fighting for my life with a small airway to breathe because i had tube in my mouth god gave a new life to testify i woke up at icu trying to understand everything that i thought should be simple d c procedure dr maya sreeku confessed that it was her first time i should be shifted from icu to recovery room but ended up staying at the hall way no room available all those doctors said i will be shifted to recovery room in the morning of may 29 2025 we have waited but ended up spending at icu until evening because no available room floor manager said of 4th floor maximum 5pm they will give us room we have waited they made excuses the room is under deep cleaning after half day of waiting they gave us a room 7 30pm and when we arrived at the room the room is not clean and we stayed at the hall way they send us at the admission room 4 or 5th floor mixed with other patients who probably waiting for proper room too they said we will discharged in the morning of may 30 225 we initiated to call and follow up our own insurance for fast transaction but still ended up waiting for hospital back and fort replies until evening of 7pm may 30 2025 i politely ask why did it happened dr maya sreeku is hesitant to answer i didn t finish my question and she clearly said what we should do just ask second opinion to latifa hospital pls bring the next patient i recorded our conversation because i usually forgot but i was surprised by her rude answer,I almost die in this hospital literally no sugar coat comment 1 bad emergency 2 life and death procedure 3 crowd no room available 4 I politely ask dr maya sreeku why but she be rude bad emergency I be instruct to go direct at emergency because my baby be dead for 1 week inside my tummy but it take we 10 hour of wait inside the emergency to be admit and start the procedure yes 10hour in the emergency too many people complain the life and death procedure I come for d c procedure but dr maya sreeku procedure didn t analyze the situation that contribute to drain and weaken my uterus they say it should be out from my body 1 day but their procedure take 3 more day I naturally give birth to a dead baby 3 medication insert thru my vagina 1 induce labor without anesthesia 3 injection on my butt to contract no proper food and water for 4 day with 9 hour of prolonged labor my uterus be already weak soft and nobody be aware and pay attention I be bleed very very very hard they send I to operation theatre my placenta position be low and already risk but dr maya sreeku add that prolong procedure to weaken more my uterus and lead to life and death scene my body be dehydrate my hemoglobin be unstable I finish 4 bag of extra blood its already a life threaten scenario they want to remove my uterus they cut I open like c section but they put a thread to tighten my flabby uterus instead then bleed stop I end up in icu fighting for my life with a small airway to breathe because I have tube in my mouth god give a new life to testify I wake up at icu try to understand everything that I think should be simple d c procedure dr maya sreeku confess that it be her first time I should be shift from icu to recovery room but end up stay at the hall way no room available all those doctor say I will be shift to recovery room in the morning of may 29 2025 we have wait but end up spending at icu until evening because no available room floor manager say of 4th floor maximum 5 pm they will give we room we have wait they make excuse the room be under deep cleaning after half day of wait they give we a room 7 30pm and when we arrive at the room the room be not clean and we stay at the hall way they send we at the admission room 4 or 5th floor mix with other patient who probably wait for proper room too they say we will discharge in the morning of may 30 225 we initiate to call and follow up our own insurance for fast transaction but still end up wait for hospital back and fort reply until evening of 7 pm may 30 2025 I politely ask why do it happen dr maya sreeku be hesitant to answer I didn t finish my question and she clearly say what we should do just ask second opinion to latifa hospital pls bring the next patient I record our conversation because I usually forget but I be surprise by her rude answer,NEGATIVE,0.9917258024215698
Aster_Hospital_Mankhool,5.0,"Thnk you so much Aster staff and Doctors Very nice, clean, very well equipped, with knowledgeable staffs. I really like it.Thank you for the good quality of  work and the professionalism that we feel there.My husband recover fast.",2 weeks ago,thnk you so much aster staff and doctors very nice clean very well equipped with knowledgeable staffs i really like it thank you for the good quality of work and the professionalism that we feel there my husband recover fast,thnk you so much aster staff and doctors very nice clean very well equipped with knowledgeable staffs i really like it thank you for the good quality of work and the professionalism that we feel there my husband recover fast,thnk you so much aster staff and doctor very nice clean very well equipped with knowledgeable staff I really like it thank you for the good quality of work and the professionalism that we feel there my husband recover fast,POSITIVE,0.9998569488525391
Aster_Hospital_Mankhool,5.0,MRI radiologist was super amazing hes empathy is on another level they  care for you well and inform on all will happen.best part was playing my Kenyan songs felt home .,2 weeks ago,mri radiologist was super amazing hes empathy is on another level they care for you well and inform on all will happen best part was playing my kenyan songs felt home,mri radiologist was super amazing hes empathy is on another level they care for you well and inform on all will happen best part was playing my kenyan songs felt home,mri radiologist be super amazing he s empathy be on another level they care for you well and inform on all will happen good part be play my kenyan song feel home,POSITIVE,0.9977564215660095
Aster_Hospital_Mankhool,5.0,"Very good Doctor, Dr Sachin of Cardiology department and all the staff did a great work Thank you all",2 weeks ago,very good doctor dr sachin of cardiology department and all the staff did a great work thank you all,very good doctor dr sachin of cardiology department and all the staff did a great work thank you all,very good doctor dr sachin of cardiology department and all the staff do a great work thank you all,POSITIVE,0.9998514652252197
Aster_Hospital_Mankhool,5.0,My wife was brought in with an emergency and the aster team at Mankhool were amazing they made all the process easy and took very good care of my wife Dr. Ammarah Falak and nurse Rhea were amazing she kept checking on us.. amazing experience,2 weeks ago,my wife was brought in with an emergency and the aster team at mankhool were amazing they made all the process easy and took very good care of my wife dr ammarah falak and nurse rhea were amazing she kept checking on us amazing experience,my wife was brought in with an emergency and the aster team at mankhool were amazing they made all the process easy and took very good care of my wife dr ammarah falak and nurse rhea were amazing she kept checking on us amazing experience,my wife be bring in with an emergency and the aster team at mankhool be amazing they make all the process easy and take very good care of my wife dr ammarah falak and nurse rhea be amazing she keep check on we amazing experience,POSITIVE,0.9998403787612915
Aster_Hospital_Mankhool,4.0,"Aster Mankhool Hospital exceeded my expectations! The staff were polite and kind. Special thanks to the reception, registration, and nursing teams for their kindness and efficiency. The hospital is very clean and well-maintained.",6 days ago,aster mankhool hospital exceeded my expectations the staff were polite and kind special thanks to the reception registration and nursing teams for their kindness and efficiency the hospital is very clean and well maintained,aster mankhool hospital exceeded my expectations the staff were polite and kind special thanks to the reception registration and nursing teams for their kindness and efficiency the hospital is very clean and well maintained,aster mankhool hospital exceed my expectation the staff be polite and kind special thank to the reception registration and nursing team for their kindness and efficiency the hospital be very clean and well maintain,POSITIVE,0.9993425011634827
Aster_Hospital_Mankhool,2.0,"I’ve always had pleasant experiences at Aster Hospital, Mankhool in the past, but my recent visit left me somewhat disappointed.

On 04/10/2025, I requested a replacement vaccination card for my daughter after misplacing the original. I paid the required fees, and the Pediatric Department informed me that I would receive a call once the document was ready. However, I did not receive any follow-up.

By 08/10/2025, still having heard nothing, I contacted the call center, where I was assured the relevant department had been informed and that I would receive a call soon. After another two days without any response, I called again and received the same message.

Due to the lack of communication, I visited the hospital in person on 11/10/2025, expecting the card to be ready given the time that had passed. To my surprise, the request was still pending. I was told that the doctors had not had time to complete the required information, which was frustrating.

After I escalated the matter, the Patient Coordinators stepped in and addressed the issue. I was told the vaccination card would be ready in three days. On 16/10/2025, I finally received a call confirming it was ready for collection.

While I appreciate the support provided by the patient coordination team once the matter was raised, I would like to highlight the need for improvement in the call center's communication and follow-up process.

NB: This review is based on my personal experience—others may have a smoother and more positive experience.",2 weeks ago,i ve always had pleasant experiences at aster hospital mankhool in the past but my recent visit left me somewhat disappointed on 04 10 2025 i requested a replacement vaccination card for my daughter after misplacing the original i paid the required fees and the pediatric department informed me that i would receive a call once the document was ready however i did not receive any follow up by 08 10 2025 still having heard nothing i contacted the call center where i was assured the relevant department had been informed and that i would receive a call soon after another two days without any response i called again and received the same message due to the lack of communication i visited the hospital in person on 11 10 2025 expecting the card to be ready given the time that had passed to my surprise the request was still pending i was told that the doctors had not had time to complete the required information which was frustrating after i escalated the matter the patient coordinators stepped in and addressed the issue i was told the vaccination card would be ready in three days on 16 10 2025 i finally received a call confirming it was ready for collection while i appreciate the support provided by the patient coordination team once the matter was raised i would like to highlight the need for improvement in the call center s communication and follow up process nb this review is based on my personal experience others may have a smoother and more positive experience,i ve always had pleasant experiences at aster hospital mankhool in the past but my recent visit left me somewhat disappointed on 04 10 2025 i requested a replacement vaccination card for my daughter after misplacing the original i paid the required fees and the pediatric department informed me that i would receive a call once the document was ready however i did not receive any follow up by 08 10 2025 still having heard nothing i contacted the call center where i was assured the relevant department had been informed and that i would receive a call soon after another two days without any response i called again and received the same message due to the lack of communication i visited the hospital in person on 11 10 2025 expecting the card to be ready given the time that had passed to my surprise the request was still pending i was told that the doctors had not had time to complete the required information which was frustrating after i escalated the matter the patient coordinators stepped in and addressed the issue i was told the vaccination card would be ready in three days on 16 10 2025 i finally received a call confirming it was ready for collection while i appreciate the support provided by the patient coordination team once the matter was raised i would like to highlight the need for improvement in the call center s communication and follow up process nb this review is based on my personal experience others may have a smoother and more positive experience,I ve always have pleasant experience at aster hospital mankhool in the past but my recent visit leave I somewhat disappointed on 04 10 2025 I request a replacement vaccination card for my daughter after misplace the original I pay the require fee and the pediatric department inform I that I would receive a call once the document be ready however I do not receive any follow up by 08 10 2025 still having hear nothing I contact the call center where I be assure the relevant department have be inform and that I would receive a call soon after another two day without any response I call again and receive the same message due to the lack of communication I visit the hospital in person on 11 10 2025 expect the card to be ready give the time that have pass to my surprise the request be still pende I be tell that the doctor have not have time to complete the require information which be frustrating after I escalate the matter the patient coordinator step in and address the issue I be tell the vaccination card would be ready in three day on 16 10 2025 I finally receive a call confirm it be ready for collection while I appreciate the support provide by the patient coordination team once the matter be raise I would like to highlight the need for improvement in the call center s communication and follow up process nb this review be base on my personal experience other may have a smooth and more positive experience,NEGATIVE,0.9972079396247864
Aster_Hospital_Mankhool,5.0,"I recently visited Aster Hospital Mankhool with my family member  and had a great experience. The hospital's infrastructure is modern and well-maintained. The staff, including Doctor were very professional and caring.

The treatment was effective, and the nursing staff specially Mufaseena was very attentive. The hospital's location is easily accessible, and the parking facilities are convenient.

Overall, I would recommend Aster Hospital Mankhool for its quality medical care and patient-centric approach.

Rating
5/5 stars",a week ago,i recently visited aster hospital mankhool with my family member and had a great experience the hospital s infrastructure is modern and well maintained the staff including doctor were very professional and caring the treatment was effective and the nursing staff specially mufaseena was very attentive the hospital s location is easily accessible and the parking facilities are convenient overall i would recommend aster hospital mankhool for its quality medical care and patient centric approach rating 5 5 stars,i recently visited aster hospital mankhool with my family member and had a great experience the hospital s infrastructure is modern and well maintained the staff including doctor were very professional and caring the treatment was effective and the nursing staff specially mufaseena was very attentive the hospital s location is easily accessible and the parking facilities are convenient overall i would recommend aster hospital mankhool for its quality medical care and patient centric approach rating 5 5 stars,I recently visit aster hospital mankhool with my family member and have a great experience the hospital s infrastructure be modern and well maintain the staff include doctor be very professional and care the treatment be effective and the nursing staff specially mufaseena be very attentive the hospital s location be easily accessible and the parking facility be convenient overall I would recommend aster hospital mankhool for its quality medical care and patient centric approach rate 5 5 star,POSITIVE,0.9882203340530396
Aster_Hospital_Mankhool,5.0,"wonderful experience at Aster Clinical Hospital. The doctors are highly skilled, nurses are very caring, and the staff is professional and polite. The hospital is clean, well-organized, and provides quick service. They truly care for their patients and make sure you feel comfortable throughout the treatment. Highly recommend Aster Clinical Hospital for anyone seeking quality medical care",2 weeks ago,wonderful experience at aster clinical hospital the doctors are highly skilled nurses are very caring and the staff is professional and polite the hospital is clean well organized and provides quick service they truly care for their patients and make sure you feel comfortable throughout the treatment highly recommend aster clinical hospital for anyone seeking quality medical care,wonderful experience at aster clinical hospital the doctors are highly skilled nurses are very caring and the staff is professional and polite the hospital is clean well organized and provides quick service they truly care for their patients and make sure you feel comfortable throughout the treatment highly recommend aster clinical hospital for anyone seeking quality medical care,wonderful experience at aster clinical hospital the doctor be highly skilled nurse be very caring and the staff be professional and polite the hospital be clean well organize and provide quick service they truly care for their patient and make sure you feel comfortable throughout the treatment highly recommend aster clinical hospital for anyone seek quality medical care,POSITIVE,0.999683141708374
Aster_Hospital_Mankhool,5.0,We recently visited Aster Hospital Al Mankhool. We got really excellent service.  From the staff to Doctor was very good tp us. The staff Mufaseena guided us throughout the process ✨️,6 days ago,we recently visited aster hospital al mankhool we got really excellent service from the staff to doctor was very good tp us the staff mufaseena guided us throughout the process,we recently visited aster hospital al mankhool we got really excellent service from the staff to doctor was very good tp us the staff mufaseena guided us throughout the process,we recently visit aster hospital al mankhool we get really excellent service from the staff to doctor be very good tp we the staff mufaseena guide we throughout the process,POSITIVE,0.9993783235549927
Aster_Hospital_Mankhool,5.0,"I'm Chinese,this is first time come to Aster hospital,The beautiful woman who serves me is called Gowri, who is very gentle and patient. My English is not good. She tries to help me explain and solve many things that I don't understand in the physical examination in foreign hospitals, and she can always find her if she has any problems and get timely and effective help. The hospital is lucky to have such employees, which also shows that the hospital's service awareness and service standards are very high!",a week ago,i m chinese this is first time come to aster hospital the beautiful woman who serves me is called gowri who is very gentle and patient my english is not good she tries to help me explain and solve many things that i don t understand in the physical examination in foreign hospitals and she can always find her if she has any problems and get timely and effective help the hospital is lucky to have such employees which also shows that the hospital s service awareness and service standards are very high,i m chinese this is first time come to aster hospital the beautiful woman who serves me is called gowri who is very gentle and patient my english is not good she tries to help me explain and solve many things that i don t understand in the physical examination in foreign hospitals and she can always find her if she has any problems and get timely and effective help the hospital is lucky to have such employees which also shows that the hospital s service awareness and service standards are very high,I m chinese this be first time come to aster hospital the beautiful woman who serve I be call gowri who be very gentle and patient my english be not good she try to help I explain and solve many thing that I don t understand in the physical examination in foreign hospital and she can always find she if she have any problem and get timely and effective help the hospital be lucky to have such employee which also show that the hospital s service awareness and service standard be very high,NEGATIVE,0.6383767127990723
Aster_Hospital_Mankhool,1.0,"My rating says it all. I came here with a gallstone attack, which is one of the most severe types of pain in the world. Everyone knows how bad gallstone pain is when an attack starts.

Even though I kept requesting to see an emergency doctor, they still made me stand in line. I was literally begging to see a doctor, but they made me wait more than 40 minutes.

They were sending other normal patients in first, and instead of treating me as an emergency, they just kept telling me to wait.

There is no emergency management here. There was one rude guy there who kept telling me he couldn’t do anything, and that I had no option except to keep waiting, no matter how serious my situation was.

After about 40 minutes, they finally called me. They gave me IV painkillers, which did help with the pain and stabilized me — and I’m thankful for that — but I have to say this: there should be an ACTUAL EMERGENCY TREATMENT SYSTEM, and emergency patients should be helped immediately.

This is not how an emergency patient should be treated. I had no other option at 2:30 a.m., and I was in such severe pain that I couldn’t even think straight. And in that condition, this is the treatment I received.

Not appreciated at all.",a week ago,my rating says it all i came here with a gallstone attack which is one of the most severe types of pain in the world everyone knows how bad gallstone pain is when an attack starts even though i kept requesting to see an emergency doctor they still made me stand in line i was literally begging to see a doctor but they made me wait more than 40 minutes they were sending other normal patients in first and instead of treating me as an emergency they just kept telling me to wait there is no emergency management here there was one rude guy there who kept telling me he couldn t do anything and that i had no option except to keep waiting no matter how serious my situation was after about 40 minutes they finally called me they gave me iv painkillers which did help with the pain and stabilized me and i m thankful for that but i have to say this there should be an actual emergency treatment system and emergency patients should be helped immediately this is not how an emergency patient should be treated i had no other option at 2 30 a m and i was in such severe pain that i couldn t even think straight and in that condition this is the treatment i received not appreciated at all,my rating says it all i came here with a gallstone attack which is one of the most severe types of pain in the world everyone knows how bad gallstone pain is when an attack starts even though i kept requesting to see an emergency doctor they still made me stand in line i was literally begging to see a doctor but they made me wait more than 40 minutes they were sending other normal patients in first and instead of treating me as an emergency they just kept telling me to wait there is no emergency management here there was one rude guy there who kept telling me he couldn t do anything and that i had no option except to keep waiting no matter how serious my situation was after about 40 minutes they finally called me they gave me iv painkillers which did help with the pain and stabilized me and i m thankful for that but i have to say this there should be an actual emergency treatment system and emergency patients should be helped immediately this is not how an emergency patient should be treated i had no other option at 2 30 a m and i was in such severe pain that i couldn t even think straight and in that condition this is the treatment i received not appreciated at all,my rating say it all I come here with a gallstone attack which be one of the most severe type of pain in the world everyone know how bad gallstone pain be when an attack start even though I keep request to see an emergency doctor they still make I stand in line I be literally beg to see a doctor but they make I wait more than 40 minute they be send other normal patient in first and instead of treat I as an emergency they just keep tell I to wait there be no emergency management here there be one rude guy there who keep tell I he couldn t do anything and that I have no option except to keep wait no matter how serious my situation be after about 40 minute they finally call I they give I iv painkiller which do help with the pain and stabilize I and I m thankful for that but I have to say this there should be an actual emergency treatment system and emergency patient should be help immediately this be not how an emergency patient should be treat I have no other option at 2 30 a m and I be in such severe pain that I couldn t even think straight and in that condition this be the treatment I receive not appreciate at all,NEGATIVE,0.9991658926010132
Aster_Hospital_Mankhool,5.0,Dr dash good he gave me good explanation to solve my issue and befor taking all test he predect my problem why i face pain on my chest... After getting result its the same ... And manisha was assiste me very well,2 weeks ago,dr dash good he gave me good explanation to solve my issue and befor taking all test he predect my problem why i face pain on my chest after getting result its the same and manisha was assiste me very well,dr dash good he gave me good explanation to solve my issue and befor taking all test he predect my problem why i face pain on my chest after getting result its the same and manisha was assiste me very well,dr dash good he give I good explanation to solve my issue and befor take all test he predect my problem why I face pain on my chest after getting result its the same and manisha be assiste I very well,POSITIVE,0.9964404702186584
Aster_Hospital_Mankhool,5.0,"My daughter was admitted to Aster Hospital, Mankhool due to a viral fever. I’m extremely grateful to Dr. Pawan for his excellent medical care, continuous follow-up, and kind approach throughout her treatment.

The nursing team provided exceptional care — special thanks to Elizabeth, Arumugathai, Anushiya, Gikku, and Anuja for their kindness, patience, and dedication in looking after my daughter with such compassion and professionalism.

Heartfelt thanks to Ligi (Unit Manager), Blessy (Manager), and Reena (Floor Coordinator) for their constant support, guidance, and timely assistance. They ensured everything went smoothly and made us feel well cared for.

Overall, we had a wonderful experience at Aster Hospital Mankhool, and I highly recommend their excellent team for their dedication and compassionate care.",a week ago,my daughter was admitted to aster hospital mankhool due to a viral fever i m extremely grateful to dr pawan for his excellent medical care continuous follow up and kind approach throughout her treatment the nursing team provided exceptional care special thanks to elizabeth arumugathai anushiya gikku and anuja for their kindness patience and dedication in looking after my daughter with such compassion and professionalism heartfelt thanks to ligi unit manager blessy manager and reena floor coordinator for their constant support guidance and timely assistance they ensured everything went smoothly and made us feel well cared for overall we had a wonderful experience at aster hospital mankhool and i highly recommend their excellent team for their dedication and compassionate care,my daughter was admitted to aster hospital mankhool due to a viral fever i m extremely grateful to dr pawan for his excellent medical care continuous follow up and kind approach throughout her treatment the nursing team provided exceptional care special thanks to elizabeth arumugathai anushiya gikku and anuja for their kindness patience and dedication in looking after my daughter with such compassion and professionalism heartfelt thanks to ligi unit manager blessy manager and reena floor coordinator for their constant support guidance and timely assistance they ensured everything went smoothly and made us feel well cared for overall we had a wonderful experience at aster hospital mankhool and i highly recommend their excellent team for their dedication and compassionate care,my daughter be admit to aster hospital mankhool due to a viral fever I m extremely grateful to dr pawan for his excellent medical care continuous follow up and kind approach throughout her treatment the nursing team provide exceptional care special thank to elizabeth arumugathai anushiya gikku and anuja for their kindness patience and dedication in look after my daughter with such compassion and professionalism heartfelt thank to ligi unit manager blessy manager and reena floor coordinator for their constant support guidance and timely assistance they ensure everything go smoothly and make we feel well care for overall we have a wonderful experience at aster hospital mankhool and I highly recommend their excellent team for their dedication and compassionate care,POSITIVE,0.9997697472572327
Aster_Hospital_Mankhool,5.0,"The service at Aster Hospital, Mankhool was excellent. The staff, especially Riya, was very helpful and kind. Really appreciate the care and support provided.",2 weeks ago,the service at aster hospital mankhool was excellent the staff especially riya was very helpful and kind really appreciate the care and support provided,the service at aster hospital mankhool was excellent the staff especially riya was very helpful and kind really appreciate the care and support provided,the service at aster hospital mankhool be excellent the staff especially riya be very helpful and kind really appreciate the care and support provide,POSITIVE,0.9998027682304382
Aster_Hospital_Mankhool,5.0,"Had horrible experience at our previous hospital. Good thing we went to Aster and they helped and supported us all the way. Issues our previous hospital couldnt see were figured out here in an instant. They knew exactly how to help us. We feel that we have survived something that could be very dangerous.

Doctors and nurses are well skilled!
Only thing we could really see improving is the response time for requests (wheel chair).",4 months ago,had horrible experience at our previous hospital good thing we went to aster and they helped and supported us all the way issues our previous hospital couldnt see were figured out here in an instant they knew exactly how to help us we feel that we have survived something that could be very dangerous doctors and nurses are well skilled only thing we could really see improving is the response time for requests wheel chair,had horrible experience at our previous hospital good thing we went to aster and they helped and supported us all the way issues our previous hospital couldnt see were figured out here in an instant they knew exactly how to help us we feel that we have survived something that could be very dangerous doctors and nurses are well skilled only thing we could really see improving is the response time for requests wheel chair,have horrible experience at our previous hospital good thing we go to aster and they help and support we all the way issue our previous hospital could not see be figure out here in an instant they know exactly how to help we we feel that we have survive something that could be very dangerous doctor and nurse be well skilled only thing we could really see improve be the response time for request wheel chair,NEGATIVE,0.9915347695350647
Aster_Hospital_Mankhool,5.0,Dr bala is very helpful and accommodating he was assisting all the possible remedies that i needed for my allergy. Nurse saranya is as well polite and accomodating. It was a really good experience with my consultation in aster hospital mankhool,a month ago,dr bala is very helpful and accommodating he was assisting all the possible remedies that i needed for my allergy nurse saranya is as well polite and accomodating it was a really good experience with my consultation in aster hospital mankhool,dr bala is very helpful and accommodating he was assisting all the possible remedies that i needed for my allergy nurse saranya is as well polite and accomodating it was a really good experience with my consultation in aster hospital mankhool,dr bala be very helpful and accommodate he be assist all the possible remedy that I need for my allergy nurse saranya be as well polite and accomodate it be a really good experience with my consultation in aster hospital mankhool,POSITIVE,0.9986653327941895
Aster_Hospital_Mankhool,5.0,"""Grateful to the amazing nurses at Aster Mankhool for their exceptional care and support during my cesarean recovery. Compassionate, professional, and truly dedicated!""",5 months ago,grateful to the amazing nurses at aster mankhool for their exceptional care and support during my cesarean recovery compassionate professional and truly dedicated,grateful to the amazing nurses at aster mankhool for their exceptional care and support during my cesarean recovery compassionate professional and truly dedicated,grateful to the amazing nurse at aster mankhool for their exceptional care and support during my cesarean recovery compassionate professional and truly dedicated,POSITIVE,0.9998435974121094
Aster_Hospital_Mankhool,5.0,"I recently visited Aster Mankhool Hospital, and I’d like to give special appreciation to Mufaseena from the reception. She was extremely polite, professional, and helpful from the moment I arrived. Her warm smile and calm attitude made the registration process quick and easy.
It’s rare to find someone so patient and kind in such a busy environment — she truly represents excellent customer service. Thank you, Mufaseena, for making my hospital visit smooth and pleasant. Keep up the great work! 👏💐",a month ago,i recently visited aster mankhool hospital and i d like to give special appreciation to mufaseena from the reception she was extremely polite professional and helpful from the moment i arrived her warm smile and calm attitude made the registration process quick and easy it s rare to find someone so patient and kind in such a busy environment she truly represents excellent customer service thank you mufaseena for making my hospital visit smooth and pleasant keep up the great work,i recently visited aster mankhool hospital and i d like to give special appreciation to mufaseena from the reception she was extremely polite professional and helpful from the moment i arrived her warm smile and calm attitude made the registration process quick and easy it s rare to find someone so patient and kind in such a busy environment she truly represents excellent customer service thank you mufaseena for making my hospital visit smooth and pleasant keep up the great work,I recently visit aster mankhool hospital and I d like to give special appreciation to mufaseena from the reception she be extremely polite professional and helpful from the moment I arrive her warm smile and calm attitude make the registration process quick and easy it s rare to find someone so patient and kind in such a busy environment she truly represent excellent customer service thank you mufaseena for make my hospital visit smooth and pleasant keep up the great work,POSITIVE,0.9997612833976746
Aster_Hospital_Mankhool,5.0,"I would like to thanks Dr. Sachin and his team for great treatment in cardiology department at Aster hospital.
I would highly recommend Dr. Sachin.
Thank you for such wonderful and generous person",2 weeks ago,i would like to thanks dr sachin and his team for great treatment in cardiology department at aster hospital i would highly recommend dr sachin thank you for such wonderful and generous person,i would like to thanks dr sachin and his team for great treatment in cardiology department at aster hospital i would highly recommend dr sachin thank you for such wonderful and generous person,I would like to thank dr sachin and his team for great treatment in cardiology department at aster hospital I would highly recommend dr sachin thank you for such wonderful and generous person,POSITIVE,0.9998502731323242
Aster_Hospital_Mankhool,5.0,"Initially, there was some delay with the process, but I was assisted by the hospital team and reassured by the  Patient Service Coordinator in ward that my treatment during admission would proceed smoothly. I was satisfied with the services at Aster Mankhool Hospital. The Aster doctor, nursing team, and the Philippine patient coordinator truly went above and beyond to ensure I received excellent treatment and a smooth discharge. I stayed on the 5th floor.",a week ago,initially there was some delay with the process but i was assisted by the hospital team and reassured by the patient service coordinator in ward that my treatment during admission would proceed smoothly i was satisfied with the services at aster mankhool hospital the aster doctor nursing team and the philippine patient coordinator truly went above and beyond to ensure i received excellent treatment and a smooth discharge i stayed on the 5th floor,initially there was some delay with the process but i was assisted by the hospital team and reassured by the patient service coordinator in ward that my treatment during admission would proceed smoothly i was satisfied with the services at aster mankhool hospital the aster doctor nursing team and the philippine patient coordinator truly went above and beyond to ensure i received excellent treatment and a smooth discharge i stayed on the 5th floor,initially there be some delay with the process but I be assist by the hospital team and reassure by the patient service coordinator in ward that my treatment during admission would proceed smoothly I be satisfied with the service at aster mankhool hospital the aster doctor nursing team and the philippine patient coordinator truly go above and beyond to ensure I receive excellent treatment and a smooth discharge I stay on the 5th floor,POSITIVE,0.9994173049926758
Aster_Hospital_Mankhool,5.0,"I am immensely thankful to Dr. Caroline for her sincerity and dedication throughout my pregnancy journey. I had some complications in the last few months, but she handled everything with utmost care and made the process very comfortable for me. Thanks to her guidance and support, I was able to deliver a healthy baby. Every time I came for a consultation, her nurses always made me feel at home with their warmth, patience, and kindness. Their constant care and reassurance truly made a big difference. I am deeply grateful to Dr. Caroline and her wonderful team of nurses for making this journey safe, comfortable, and positive. Highly recommended.",a month ago,i am immensely thankful to dr caroline for her sincerity and dedication throughout my pregnancy journey i had some complications in the last few months but she handled everything with utmost care and made the process very comfortable for me thanks to her guidance and support i was able to deliver a healthy baby every time i came for a consultation her nurses always made me feel at home with their warmth patience and kindness their constant care and reassurance truly made a big difference i am deeply grateful to dr caroline and her wonderful team of nurses for making this journey safe comfortable and positive highly recommended,i am immensely thankful to dr caroline for her sincerity and dedication throughout my pregnancy journey i had some complications in the last few months but she handled everything with utmost care and made the process very comfortable for me thanks to her guidance and support i was able to deliver a healthy baby every time i came for a consultation her nurses always made me feel at home with their warmth patience and kindness their constant care and reassurance truly made a big difference i am deeply grateful to dr caroline and her wonderful team of nurses for making this journey safe comfortable and positive highly recommended,I be immensely thankful to dr caroline for her sincerity and dedication throughout my pregnancy journey I have some complication in the last few month but she handle everything with utmost care and make the process very comfortable for I thank to her guidance and support I be able to deliver a healthy baby every time I come for a consultation her nurse always make I feel at home with their warmth patience and kindness their constant care and reassurance truly make a big difference I be deeply grateful to dr caroline and her wonderful team of nurse for make this journey safe comfortable and positive highly recommend,POSITIVE,0.9998217225074768
Aster_Hospital_Mankhool,1.0,"I didn't got proper treatment they're only run for your insurence. I had surgery for perianal abscess but it did not heal completely and now the disease has started again. It seems in this hospital that for those who are a little poor, more focus is given on their insurance rather than their treatment.",a week ago,i didn t got proper treatment they re only run for your insurence i had surgery for perianal abscess but it did not heal completely and now the disease has started again it seems in this hospital that for those who are a little poor more focus is given on their insurance rather than their treatment,i didn t got proper treatment they re only run for your insurence i had surgery for perianal abscess but it did not heal completely and now the disease has started again it seems in this hospital that for those who are a little poor more focus is given on their insurance rather than their treatment,I didn t get proper treatment they re only run for your insurence I have surgery for perianal abscess but it do not heal completely and now the disease have start again it seem in this hospital that for those who be a little poor more focus be give on their insurance rather than their treatment,NEGATIVE,0.9986843466758728
Aster_Hospital_Mankhool,5.0,"I’ve been meaning to write this note for a long time… It’s been over three months since my delivery at Aster Hospital, but the memories are still fresh in my heart.

Whenever I think about that special time, the first picture that comes to my mind is the team of doctors and nurses who took such wonderful care of me. Even in the middle of their busy schedules and immense work pressure, they greeted me with warm smiles and gave me the care and attention I needed. For that, I will always be deeply grateful.

A special thank you to Dr. Reethu — you are truly amazing. I will be thankful to you for the rest of my life.

Also, a heartfelt thank you to the lactation consultant at Aster. Because of her guidance and support, my breastfeeding journey started smoothly. I never had to struggle, and that helped me enjoy a truly beautiful postpartum experience.

To everyone who was a part of my care — thank you from the bottom of my heart. You are all truly wonderful.",3 months ago,i ve been meaning to write this note for a long time it s been over three months since my delivery at aster hospital but the memories are still fresh in my heart whenever i think about that special time the first picture that comes to my mind is the team of doctors and nurses who took such wonderful care of me even in the middle of their busy schedules and immense work pressure they greeted me with warm smiles and gave me the care and attention i needed for that i will always be deeply grateful a special thank you to dr reethu you are truly amazing i will be thankful to you for the rest of my life also a heartfelt thank you to the lactation consultant at aster because of her guidance and support my breastfeeding journey started smoothly i never had to struggle and that helped me enjoy a truly beautiful postpartum experience to everyone who was a part of my care thank you from the bottom of my heart you are all truly wonderful,i ve been meaning to write this note for a long time it s been over three months since my delivery at aster hospital but the memories are still fresh in my heart whenever i think about that special time the first picture that comes to my mind is the team of doctors and nurses who took such wonderful care of me even in the middle of their busy schedules and immense work pressure they greeted me with warm smiles and gave me the care and attention i needed for that i will always be deeply grateful a special thank you to dr reethu you are truly amazing i will be thankful to you for the rest of my life also a heartfelt thank you to the lactation consultant at aster because of her guidance and support my breastfeeding journey started smoothly i never had to struggle and that helped me enjoy a truly beautiful postpartum experience to everyone who was a part of my care thank you from the bottom of my heart you are all truly wonderful,I ve be mean to write this note for a long time it s be over three month since my delivery at aster hospital but the memory be still fresh in my heart whenever I think about that special time the first picture that come to my mind be the team of doctor and nurse who take such wonderful care of I even in the middle of their busy schedule and immense work pressure they greet I with warm smile and give I the care and attention I need for that I will always be deeply grateful a special thank you to dr reethu you be truly amazing I will be thankful to you for the rest of my life also a heartfelt thank you to the lactation consultant at aster because of her guidance and support my breastfeed journey start smoothly I never have to struggle and that help I enjoy a truly beautiful postpartum experience to everyone who be a part of my care thank you from the bottom of my heart you be all truly wonderful,POSITIVE,0.9997864365577698
Aster_Hospital_Mankhool,5.0,Today I had one angiogram procedure in aster hospital mankhool. Thank you Dr. Naveed. Also all the staff in cathlab are very nice and caring. Special thanks to staff nurse Greeshma Sarath. She is very friendly and helpful. She was there with me through out the procedure. She taken care me very well. Thank you,a month ago,today i had one angiogram procedure in aster hospital mankhool thank you dr naveed also all the staff in cathlab are very nice and caring special thanks to staff nurse greeshma sarath she is very friendly and helpful she was there with me through out the procedure she taken care me very well thank you,today i had one angiogram procedure in aster hospital mankhool thank you dr naveed also all the staff in cathlab are very nice and caring special thanks to staff nurse greeshma sarath she is very friendly and helpful she was there with me through out the procedure she taken care me very well thank you,today I have one angiogram procedure in aster hospital mankhool thank you dr naveed also all the staff in cathlab be very nice and caring special thank to staff nurse greeshma sarath she be very friendly and helpful she be there with I through out the procedure she taken care I very well thank you,POSITIVE,0.999517560005188
Aster_Hospital_Mankhool,5.0,"Great service. Very supportive staffs.
My son was admitted in this hospital.My son has phobia for hospital.He need to go through several times for blood test ,it was so hard for us to keep him calm.

During this period...Ms Sharanya, Ms Esther, Ms Bincy  was awesome......they all are very kind ,helpful and friendly...
Made our journey so easy and smooth...
From Mr Soumalya ,Mrs Rima.

Thank you anutie..Tata From Shaarav",a month ago,great service very supportive staffs my son was admitted in this hospital my son has phobia for hospital he need to go through several times for blood test it was so hard for us to keep him calm during this period ms sharanya ms esther ms bincy was awesome they all are very kind helpful and friendly made our journey so easy and smooth from mr soumalya mrs rima thank you anutie tata from shaarav,great service very supportive staffs my son was admitted in this hospital my son has phobia for hospital he need to go through several times for blood test it was so hard for us to keep him calm during this period ms sharanya ms esther ms bincy was awesome they all are very kind helpful and friendly made our journey so easy and smooth from mr soumalya mrs rima thank you anutie tata from shaarav,great service very supportive staff my son be admit in this hospital my son have phobia for hospital he need to go through several time for blood test it be so hard for we to keep he calm during this period ms sharanya ms esther ms bincy be awesome they all be very kind helpful and friendly make our journey so easy and smooth from mr soumalya mrs rima thank you anutie tata from shaarav,POSITIVE,0.9988356232643127
Aster_Hospital_Mankhool,5.0,We would like to express our heartfelt gratitude to the doctors and all the staff at Aster Hospital for their excellent and commendable service. The care and attention they provide to their patients are truly remarkable. Thank you so much for your warm help and support.,3 weeks ago,we would like to express our heartfelt gratitude to the doctors and all the staff at aster hospital for their excellent and commendable service the care and attention they provide to their patients are truly remarkable thank you so much for your warm help and support,we would like to express our heartfelt gratitude to the doctors and all the staff at aster hospital for their excellent and commendable service the care and attention they provide to their patients are truly remarkable thank you so much for your warm help and support,we would like to express our heartfelt gratitude to the doctor and all the staff at aster hospital for their excellent and commendable service the care and attention they provide to their patient be truly remarkable thank you so much for your warm help and support,POSITIVE,0.9998581409454346
Aster_Hospital_Mankhool,5.0,"We sincerely thank you, Sirajka, for your kind support during this crucial time. The gynecology team at Aster Hospital provided excellent care, and with your guidance and help, everything went smoothly. We are truly grateful, and we are happy to share that both mother and baby are doing well.",a month ago,we sincerely thank you sirajka for your kind support during this crucial time the gynecology team at aster hospital provided excellent care and with your guidance and help everything went smoothly we are truly grateful and we are happy to share that both mother and baby are doing well,we sincerely thank you sirajka for your kind support during this crucial time the gynecology team at aster hospital provided excellent care and with your guidance and help everything went smoothly we are truly grateful and we are happy to share that both mother and baby are doing well,we sincerely thank you sirajka for your kind support during this crucial time the gynecology team at aster hospital provide excellent care and with your guidance and help everything go smoothly we be truly grateful and we be happy to share that both mother and baby be do well,POSITIVE,0.9998559951782227
Aster_Hospital_Mankhool,5.0,Dr. Deepak is one of the best ENT surgeon. Highly recommended. Sttafs are assisting well. Ms Cinol is approachable staff in opd,2 weeks ago,dr deepak is one of the best ent surgeon highly recommended sttafs are assisting well ms cinol is approachable staff in opd,dr deepak is one of the best ent surgeon highly recommended sttafs are assisting well ms cinol is approachable staff in opd,dr deepak be one of the good ent surgeon highly recommend sttafs be assist well ms cinol be approachable staff in opd,POSITIVE,0.9994321465492249
Aster_Hospital_Mankhool,1.0,I am not satisfied with the cardiology reception as waiting time to get the ceetificate tales a long time. I visited morning and until now they cannot send me the certificate and I am calling them several times just to follow up. In other clinics or hospital they are giving it tp you within 10 minutes.,a month ago,i am not satisfied with the cardiology reception as waiting time to get the ceetificate tales a long time i visited morning and until now they cannot send me the certificate and i am calling them several times just to follow up in other clinics or hospital they are giving it tp you within 10 minutes,i am not satisfied with the cardiology reception as waiting time to get the ceetificate tales a long time i visited morning and until now they cannot send me the certificate and i am calling them several times just to follow up in other clinics or hospital they are giving it tp you within 10 minutes,I be not satisfied with the cardiology reception as wait time to get the ceetificate tale a long time I visit morning and until now they can not send I the certificate and I be call they several time just to follow up in other clinic or hospital they be give it tp you within 10 minute,NEGATIVE,0.9960451722145081
Aster_Hospital_Mankhool,5.0,"We went for dental procedure. Dr. Aysha was friendly and gave good explanation about out procedure. As for the hospital, everything was smooth.",2 weeks ago,we went for dental procedure dr aysha was friendly and gave good explanation about out procedure as for the hospital everything was smooth,we went for dental procedure dr aysha was friendly and gave good explanation about out procedure as for the hospital everything was smooth,we go for dental procedure dr aysha be friendly and give good explanation about out procedure as for the hospital everything be smooth,POSITIVE,0.9848814010620117
Aster_Hospital_Mankhool,4.0,Doctors are good specially Dr.Maya Shreekumari she is well experienced and staff are very helpful just want to mention one thing that why we book pre appointment.. 2 times visited and waited for almost 2 hours to meet doctors,2 weeks ago,doctors are good specially dr maya shreekumari she is well experienced and staff are very helpful just want to mention one thing that why we book pre appointment 2 times visited and waited for almost 2 hours to meet doctors,doctors are good specially dr maya shreekumari she is well experienced and staff are very helpful just want to mention one thing that why we book pre appointment 2 times visited and waited for almost 2 hours to meet doctors,doctor be good specially dr maya shreekumari she be well experienced and staff be very helpful just want to mention one thing that why we book pre appointment 2 time visit and wait for almost 2 hour to meet doctor,POSITIVE,0.7025397419929504
Aster_Hospital_Mankhool,5.0,"The best hospital in Dubai, it keeps surprisingly me, the customer care is unmatched 🥹🤭 a big thanks to Ms Rousheena sajmar and Dr Khushbu bashir
I’m overwhelmed",5 days ago,the best hospital in dubai it keeps surprisingly me the customer care is unmatched a big thanks to ms rousheena sajmar and dr khushbu bashir i m overwhelmed,the best hospital in dubai it keeps surprisingly me the customer care is unmatched a big thanks to ms rousheena sajmar and dr khushbu bashir i m overwhelmed,the good hospital in dubai it keep surprisingly I the customer care be unmatched a big thank to ms rousheena sajmar and dr khushbu bashir I m overwhelmed,POSITIVE,0.9995099306106567
Aster_Hospital_Mankhool,5.0,"I recently visited for a Health Wellness Package, and I’m very impressed with the excellent service. The front desk staff — Gowri Janaki and Vanisha Miran — were extremely professional and helpful. They guided me through all the tests smoothly and performed everything efficiently, without any hesitation. Their assistance in managing all types of tests and appointments saved me a lot of valuable time.
Highly recommended for their outstanding support and professional attitude!",a week ago,i recently visited for a health wellness package and i m very impressed with the excellent service the front desk staff gowri janaki and vanisha miran were extremely professional and helpful they guided me through all the tests smoothly and performed everything efficiently without any hesitation their assistance in managing all types of tests and appointments saved me a lot of valuable time highly recommended for their outstanding support and professional attitude,i recently visited for a health wellness package and i m very impressed with the excellent service the front desk staff gowri janaki and vanisha miran were extremely professional and helpful they guided me through all the tests smoothly and performed everything efficiently without any hesitation their assistance in managing all types of tests and appointments saved me a lot of valuable time highly recommended for their outstanding support and professional attitude,I recently visit for a health wellness package and I m very impressed with the excellent service the front desk staff gowri janaki and vanisha miran be extremely professional and helpful they guide I through all the test smoothly and perform everything efficiently without any hesitation their assistance in manage all type of test and appointment save I a lot of valuable time highly recommend for their outstanding support and professional attitude,POSITIVE,0.9998064637184143
Aster_Hospital_Mankhool,5.0,Had overall a good experience with Dr Rajkumar team and special mention to Rhea at counter 3 for helping peacefully.If waiting time and que in billing counter if reduced it would have been a great experience.,a week ago,had overall a good experience with dr rajkumar team and special mention to rhea at counter 3 for helping peacefully if waiting time and que in billing counter if reduced it would have been a great experience,had overall a good experience with dr rajkumar team and special mention to rhea at counter 3 for helping peacefully if waiting time and que in billing counter if reduced it would have been a great experience,have overall a good experience with dr rajkumar team and special mention to rhea at counter 3 for help peacefully if wait time and que in billing counter if reduce it would have be a great experience,POSITIVE,0.9941880702972412
Aster_Hospital_Mankhool,1.0,"Actual Rating is ZERO due to lack of patient care and professionalism.
I am writing this review regarding the unacceptable experience my friend had at Aster Hospital Mankhool during Diwali. She suffered moderate to deep burns on her right hand and chest area after being accidentally hit by a firework while walking nearby.
Major Concerns she had faced in Aster Mankhool Branch are -
1. Delay in treatment: Despite reaching the hospital immediately, she was ignored for almost 2 and half hours without any first aid.
2. Lack of doctor's attention: The doctor who attended to her didn't examine her chest area properly and didn't ensure a lady doctor was present despite knowing the severity of her burns.
3. Nursing staff's ATTITUDE: The staff nurses, especially the senior staff Kavitha, were uncoordinated and displayed poor professionalism.
4. X-ray technician's BEHAVIOR: The X-ray technician, Mahalaxmi, was rude and non-empathetic.
The hospital's management needs to take immediate action to address these issues. Patients deserve better care and treatment. The staff's behavior seems to reflect their BURNOUT and FRUSTRATION, which shouldn't be taken out on patients.
I hope the management takes necessary steps to rectify these issues and provide better care to patients.
I urge the management to reevaluate their STAFFING POLICIES and SHIFT SCHEDULES to ensure that patients receive the care and attention they deserve. Perhaps implementing more manageable shifts for staff would help reduce burnout and improve the overall quality of care. After all, a happy and well-rested staff is more. likely to provide excellent patient care.
Failure to address these concerns will lead us to ESCALATE this matter to the Dubai Health Authority (DHA). Such unprofessional healthcare practices are unacceptable in the UAE, and we expect better from a reputable hospital like Aster.",2 weeks ago,actual rating is zero due to lack of patient care and professionalism i am writing this review regarding the unacceptable experience my friend had at aster hospital mankhool during diwali she suffered moderate to deep burns on her right hand and chest area after being accidentally hit by a firework while walking nearby major concerns she had faced in aster mankhool branch are 1 delay in treatment despite reaching the hospital immediately she was ignored for almost 2 and half hours without any first aid 2 lack of doctor s attention the doctor who attended to her didn t examine her chest area properly and didn t ensure a lady doctor was present despite knowing the severity of her burns 3 nursing staff s attitude the staff nurses especially the senior staff kavitha were uncoordinated and displayed poor professionalism 4 x ray technician s behavior the x ray technician mahalaxmi was rude and non empathetic the hospital s management needs to take immediate action to address these issues patients deserve better care and treatment the staff s behavior seems to reflect their burnout and frustration which shouldn t be taken out on patients i hope the management takes necessary steps to rectify these issues and provide better care to patients i urge the management to reevaluate their staffing policies and shift schedules to ensure that patients receive the care and attention they deserve perhaps implementing more manageable shifts for staff would help reduce burnout and improve the overall quality of care after all a happy and well rested staff is more likely to provide excellent patient care failure to address these concerns will lead us to escalate this matter to the dubai health authority dha such unprofessional healthcare practices are unacceptable in the uae and we expect better from a reputable hospital like aster,actual rating is zero due to lack of patient care and professionalism i am writing this review regarding the unacceptable experience my friend had at aster hospital mankhool during diwali she suffered moderate to deep burns on her right hand and chest area after being accidentally hit by a firework while walking nearby major concerns she had faced in aster mankhool branch are 1 delay in treatment despite reaching the hospital immediately she was ignored for almost 2 and half hours without any first aid 2 lack of doctor s attention the doctor who attended to her didn t examine her chest area properly and didn t ensure a lady doctor was present despite knowing the severity of her burns 3 nursing staff s attitude the staff nurses especially the senior staff kavitha were uncoordinated and displayed poor professionalism 4 x ray technician s behavior the x ray technician mahalaxmi was rude and non empathetic the hospital s management needs to take immediate action to address these issues patients deserve better care and treatment the staff s behavior seems to reflect their burnout and frustration which shouldn t be taken out on patients i hope the management takes necessary steps to rectify these issues and provide better care to patients i urge the management to reevaluate their staffing policies and shift schedules to ensure that patients receive the care and attention they deserve perhaps implementing more manageable shifts for staff would help reduce burnout and improve the overall quality of care after all a happy and well rested staff is more likely to provide excellent patient care failure to address these concerns will lead us to escalate this matter to the dubai health authority dha such unprofessional healthcare practices are unacceptable in the uae and we expect better from a reputable hospital like aster,actual rating be zero due to lack of patient care and professionalism I be write this review regard the unacceptable experience my friend have at aster hospital mankhool during diwali she suffer moderate to deep burn on her right hand and chest area after be accidentally hit by a firework while walk nearby major concern she have face in aster mankhool branch be 1 delay in treatment despite reach the hospital immediately she be ignore for almost 2 and half hour without any first aid 2 lack of doctor s attention the doctor who attend to her didn t examine her chest area properly and didn t ensure a lady doctor be present despite know the severity of her burn 3 nursing staff s attitude the staff nurse especially the senior staff kavitha be uncoordinate and display poor professionalism 4 x ray technician s behavior the x ray technician mahalaxmi be rude and non empathetic the hospital s management need to take immediate action to address these issue patient deserve well care and treatment the staff s behavior seem to reflect their burnout and frustration which shouldn t be take out on patient I hope the management take necessary step to rectify these issue and provide well care to patient I urge the management to reevaluate their staffing policy and shift schedule to ensure that patient receive the care and attention they deserve perhaps implement more manageable shift for staff would help reduce burnout and improve the overall quality of care after all a happy and well rest staff be more likely to provide excellent patient care failure to address these concern will lead we to escalate this matter to the dubai health authority dha such unprofessional healthcare practice be unacceptable in the uae and we expect well from a reputable hospital like aster,NEGATIVE,0.9989381432533264
Aster_Hospital_Mankhool,2.0,"""Dear Aster Hospital Team,

I recently visited Aster Hospital and was generally pleased with the service. However, my experience with Dr. Jyoti was disappointing. I felt rushed during the consultation, and the doctor didn't perform a thorough examination. Instead, I was prescribed medication and tests without a detailed assessment.

I hope you can look into this and improve the quality of care.",a week ago,dear aster hospital team i recently visited aster hospital and was generally pleased with the service however my experience with dr jyoti was disappointing i felt rushed during the consultation and the doctor didn t perform a thorough examination instead i was prescribed medication and tests without a detailed assessment i hope you can look into this and improve the quality of care,dear aster hospital team i recently visited aster hospital and was generally pleased with the service however my experience with dr jyoti was disappointing i felt rushed during the consultation and the doctor didn t perform a thorough examination instead i was prescribed medication and tests without a detailed assessment i hope you can look into this and improve the quality of care,dear aster hospital team I recently visit aster hospital and be generally pleased with the service however my experience with dr jyoti be disappointing I felt rush during the consultation and the doctor didn t perform a thorough examination instead I be prescribe medication and test without a detailed assessment I hope you can look into this and improve the quality of care,NEGATIVE,0.9389851689338684
Aster_Hospital_Mankhool,5.0,All services are very speedy. I like the way to treat the patient's. Well coordinate the team in opd. Appreciation to Ms Cinol for assistance and Dr. Arif is the best medicine doctor,a month ago,all services are very speedy i like the way to treat the patient s well coordinate the team in opd appreciation to ms cinol for assistance and dr arif is the best medicine doctor,all services are very speedy i like the way to treat the patient s well coordinate the team in opd appreciation to ms cinol for assistance and dr arif is the best medicine doctor,all service be very speedy I like the way to treat the patient s well coordinate the team in opd appreciation to ms cinol for assistance and dr arif be the good medicine doctor,POSITIVE,0.9977255463600159
Aster_Hospital_Mankhool,1.0,"Worst hospital experience ever. I came to the emergency with severe gastritis and stomach pain at 3:30 PM and was kept waiting until past 12:00 AM. I asked more than 15–20 times if the report was ready, but was told to wait. During this entire time, I was not allowed to eat, despite my severe gastritis.

I finally got my CT scan done at 7:30 PM, waited another 4 hours for the report, and only then did the doctor see me, just to say “everything is normal,” even though I still have pain. I was told I could pay the bill and go home, meaning I was kept fasting for another 4 hours unnecessarily. The report advised a CE CT abdomen, which was presumably the reason for fasting, but they did not actually do the scan again, and I was never informed about this until I saw the report.

Meanwhile, I saw other patients being prioritized only after they shouted at staff. No support from the nurses, manager, or doctor, completely unprofessional and careless. I will never visit this hospital again",2 months ago,worst hospital experience ever i came to the emergency with severe gastritis and stomach pain at 3 30 pm and was kept waiting until past 12 00 am i asked more than 15 20 times if the report was ready but was told to wait during this entire time i was not allowed to eat despite my severe gastritis i finally got my ct scan done at 7 30 pm waited another 4 hours for the report and only then did the doctor see me just to say everything is normal even though i still have pain i was told i could pay the bill and go home meaning i was kept fasting for another 4 hours unnecessarily the report advised a ce ct abdomen which was presumably the reason for fasting but they did not actually do the scan again and i was never informed about this until i saw the report meanwhile i saw other patients being prioritized only after they shouted at staff no support from the nurses manager or doctor completely unprofessional and careless i will never visit this hospital again,worst hospital experience ever i came to the emergency with severe gastritis and stomach pain at 3 30 pm and was kept waiting until past 12 00 am i asked more than 15 20 times if the report was ready but was told to wait during this entire time i was not allowed to eat despite my severe gastritis i finally got my ct scan done at 7 30 pm waited another 4 hours for the report and only then did the doctor see me just to say everything is normal even though i still have pain i was told i could pay the bill and go home meaning i was kept fasting for another 4 hours unnecessarily the report advised a ce ct abdomen which was presumably the reason for fasting but they did not actually do the scan again and i was never informed about this until i saw the report meanwhile i saw other patients being prioritized only after they shouted at staff no support from the nurses manager or doctor completely unprofessional and careless i will never visit this hospital again,bad hospital experience ever I come to the emergency with severe gastritis and stomach pain at 3 30 pm and be keep wait until past 12 00 am I ask more than 15 20 time if the report be ready but be tell to wait during this entire time I be not allow to eat despite my severe gastritis I finally get my ct scan do at 7 30 pm wait another 4 hour for the report and only then do the doctor see I just to say everything be normal even though I still have pain I be tell I could pay the bill and go home meaning I be keep fast for another 4 hour unnecessarily the report advise a ce ct abdomen which be presumably the reason for fast but they do not actually do the scan again and I be never inform about this until I see the report meanwhile I see other patient be prioritize only after they shout at staff no support from the nurse manager or doctor completely unprofessional and careless I will never visit this hospital again,NEGATIVE,0.9961347579956055
Aster_Hospital_Mankhool,5.0,Aster staff are very friendly and accommodating. Specially Mr Miko in gynecology reception. He help my friend to meet Dr khushbu.,3 days ago,aster staff are very friendly and accommodating specially mr miko in gynecology reception he help my friend to meet dr khushbu,aster staff are very friendly and accommodating specially mr miko in gynecology reception he help my friend to meet dr khushbu,aster staff be very friendly and accommodate specially mr miko in gynecology reception he help my friend to meet dr khushbu,POSITIVE,0.9970561265945435
Aster_Hospital_Mankhool,5.0,"Exceptional Cardiologist – Dr. Sachin Upadhyaya

I had the privilege of being treated by Dr. Sachin Upadhyaya, and I can confidently say that he is one of the most professional, knowledgeable, and compassionate cardiologists I have ever come across. From the very first consultation, Dr. Sachin took the time to listen attentively, explain everything in detail, and ensure I was completely informed and comfortable with the treatment plan.

His expertise in cardiology is evident, and what truly sets him apart is his humble and patient-centered approach. He doesn’t rush through appointments and genuinely cares about the well-being of his patients. His calm demeanor, accurate diagnosis, and clear communication helped me feel reassured and in safe hands throughout my treatment.

I highly recommend Dr. Sachin Upadhyaya to anyone seeking a dedicated and trustworthy heart specialist. With doctors like him, the healthcare system truly feels compassionate and effective. Thank you, Dr. Sachin, for your outstanding care!",4 months ago,exceptional cardiologist dr sachin upadhyaya i had the privilege of being treated by dr sachin upadhyaya and i can confidently say that he is one of the most professional knowledgeable and compassionate cardiologists i have ever come across from the very first consultation dr sachin took the time to listen attentively explain everything in detail and ensure i was completely informed and comfortable with the treatment plan his expertise in cardiology is evident and what truly sets him apart is his humble and patient centered approach he doesn t rush through appointments and genuinely cares about the well being of his patients his calm demeanor accurate diagnosis and clear communication helped me feel reassured and in safe hands throughout my treatment i highly recommend dr sachin upadhyaya to anyone seeking a dedicated and trustworthy heart specialist with doctors like him the healthcare system truly feels compassionate and effective thank you dr sachin for your outstanding care,exceptional cardiologist dr sachin upadhyaya i had the privilege of being treated by dr sachin upadhyaya and i can confidently say that he is one of the most professional knowledgeable and compassionate cardiologists i have ever come across from the very first consultation dr sachin took the time to listen attentively explain everything in detail and ensure i was completely informed and comfortable with the treatment plan his expertise in cardiology is evident and what truly sets him apart is his humble and patient centered approach he doesn t rush through appointments and genuinely cares about the well being of his patients his calm demeanor accurate diagnosis and clear communication helped me feel reassured and in safe hands throughout my treatment i highly recommend dr sachin upadhyaya to anyone seeking a dedicated and trustworthy heart specialist with doctors like him the healthcare system truly feels compassionate and effective thank you dr sachin for your outstanding care,exceptional cardiologist dr sachin upadhyaya I have the privilege of be treat by dr sachin upadhyaya and I can confidently say that he be one of the most professional knowledgeable and compassionate cardiologist I have ever come across from the very first consultation dr sachin take the time to listen attentively explain everything in detail and ensure I be completely informed and comfortable with the treatment plan his expertise in cardiology be evident and what truly set he apart be his humble and patient center approach he doesn t rush through appointment and genuinely care about the well being of his patient his calm demeanor accurate diagnosis and clear communication help I feel reassure and in safe hand throughout my treatment I highly recommend dr sachin upadhyaya to anyone seek a dedicated and trustworthy heart specialist with doctor like he the healthcare system truly feel compassionate and effective thank you dr sachin for your outstanding care,POSITIVE,0.9997795224189758
Aster_Hospital_Mankhool,5.0,"An absolute fantastic treatment. The entire nursing team attended to me with excellent care and attention during my stay, since Friday evening at the day surgery care ICU and ward. The Dr's and esp the entire Nursing team were very professional and caring.",Edited a month ago,an absolute fantastic treatment the entire nursing team attended to me with excellent care and attention during my stay since friday evening at the day surgery care icu and ward the dr s and esp the entire nursing team were very professional and caring,an absolute fantastic treatment the entire nursing team attended to me with excellent care and attention during my stay since friday evening at the day surgery care icu and ward the dr s and esp the entire nursing team were very professional and caring,an absolute fantastic treatment the entire nursing team attend to I with excellent care and attention during my stay since friday evening at the day surgery care icu and ward the dr s and esp the entire nursing team be very professional and caring,POSITIVE,0.9998090863227844
Aster_Hospital_Mankhool,5.0,"A very good hospital with best staffs.I would like to thank Dr Aysha salam for her best treatment for me .and also apart from that when I was admitted, the 5th floor nurses were very caring always be there on time whenever we need any help.especially I want to thank one nurse sister arum I dnt knw her full name .really she was so helpful for me for each n everything I need..even we had a very good experience at aster hospital.everything was so neat and well organized..a Big thanks to God and all the amazing team",a week ago,a very good hospital with best staffs i would like to thank dr aysha salam for her best treatment for me and also apart from that when i was admitted the 5th floor nurses were very caring always be there on time whenever we need any help especially i want to thank one nurse sister arum i dnt knw her full name really she was so helpful for me for each n everything i need even we had a very good experience at aster hospital everything was so neat and well organized a big thanks to god and all the amazing team,a very good hospital with best staffs i would like to thank dr aysha salam for her best treatment for me and also apart from that when i was admitted the 5th floor nurses were very caring always be there on time whenever we need any help especially i want to thank one nurse sister arum i dnt knw her full name really she was so helpful for me for each n everything i need even we had a very good experience at aster hospital everything was so neat and well organized a big thanks to god and all the amazing team,a very good hospital with good staff I would like to thank dr aysha salam for her good treatment for I and also apart from that when I be admit the 5th floor nurse be very caring always be there on time whenever we need any help especially I want to thank one nurse sister arum I dnt knw her full name really she be so helpful for I for each n everything I need even we have a very good experience at aster hospital everything be so neat and well organize a big thank to god and all the amazing team,POSITIVE,0.9995723366737366
Aster_Hospital_Mankhool,5.0,I’ve done my executive annual check-up here in Aster Mankhool. It’s a very good and smooth experience. Special thanks to Mr. Ridouan for the support and guidance during the check-up.,9 months ago,i ve done my executive annual check up here in aster mankhool it s a very good and smooth experience special thanks to mr ridouan for the support and guidance during the check up,i ve done my executive annual check up here in aster mankhool it s a very good and smooth experience special thanks to mr ridouan for the support and guidance during the check up,I ve do my executive annual check up here in aster mankhool it s a very good and smooth experience special thank to mr ridouan for the support and guidance during the check up,POSITIVE,0.9998431205749512
Aster_Hospital_Mankhool,5.0,"When we went there, they at assisted us is very well and they are too helpful and their people is all all all is too much good. Doctor also is too good nurses everyone is for the helping and they will make you relax. Also, you have to go there.",a month ago,when we went there they at assisted us is very well and they are too helpful and their people is all all all is too much good doctor also is too good nurses everyone is for the helping and they will make you relax also you have to go there,when we went there they at assisted us is very well and they are too helpful and their people is all all all is too much good doctor also is too good nurses everyone is for the helping and they will make you relax also you have to go there,when we go there they at assist we be very well and they be too helpful and their people be all all all be too much good doctor also be too good nurse everyone be for the helping and they will make you relax also you have to go there,POSITIVE,0.9980040192604065
Aster_Hospital_Mankhool,5.0,"Thanks Aster Mankhool Team,

Great hospitality from the Nursing team and the doctors. Delivery of my baby was very smooth and we were handled with care by Nurse team.
Sister Chaitin was helpful and caring.",a month ago,thanks aster mankhool team great hospitality from the nursing team and the doctors delivery of my baby was very smooth and we were handled with care by nurse team sister chaitin was helpful and caring,thanks aster mankhool team great hospitality from the nursing team and the doctors delivery of my baby was very smooth and we were handled with care by nurse team sister chaitin was helpful and caring,thank aster mankhool team great hospitality from the nursing team and the doctor delivery of my baby be very smooth and we be handle with care by nurse team sister chaitin be helpful and care,POSITIVE,0.9995684027671814
Aster_Hospital_Mankhool,5.0,"""I recently visited Aster Clinic and had a great experience. The treatment was good, and what impressed me the most was the friendliness of the staff. Everyone was approachable and made me feel at ease. I'd definitely recommend Aster Clinic for quality care and excellent customer",a week ago,i recently visited aster clinic and had a great experience the treatment was good and what impressed me the most was the friendliness of the staff everyone was approachable and made me feel at ease i d definitely recommend aster clinic for quality care and excellent customer,i recently visited aster clinic and had a great experience the treatment was good and what impressed me the most was the friendliness of the staff everyone was approachable and made me feel at ease i d definitely recommend aster clinic for quality care and excellent customer,I recently visit aster clinic and have a great experience the treatment be good and what impress I the most be the friendliness of the staff everyone be approachable and make I feel at ease I d definitely recommend aster clinic for quality care and excellent customer,POSITIVE,0.9997770190238953
Aster_Hospital_Mankhool,5.0,"Great experience and good care .. timing, management superb. mufaseena good working  and knowledgeable person common people can understand easily",a week ago,great experience and good care timing management superb mufaseena good working and knowledgeable person common people can understand easily,great experience and good care timing management superb mufaseena good working and knowledgeable person common people can understand easily,great experience and good care timing management superb mufaseena good work and knowledgeable person common people can understand easily,POSITIVE,0.9998286962509155
Aster_Hospital_Mankhool,5.0,Dr. Sejal is really helpful and all the nurses! Thank you so much for taking good care of me.,a week ago,dr sejal is really helpful and all the nurses thank you so much for taking good care of me,dr sejal is really helpful and all the nurses thank you so much for taking good care of me,dr sejal be really helpful and all the nurse thank you so much for take good care of I,POSITIVE,0.9995805621147156
Aster_Hospital_Mankhool,5.0,Ms rani from customer service gave a welcoming and she is excellent. She always has a smile on her face & attends patients very politely and listen and very well explains when u are first time visiting the hospital and also she was going extra mile and helping others,2 months ago,ms rani from customer service gave a welcoming and she is excellent she always has a smile on her face attends patients very politely and listen and very well explains when u are first time visiting the hospital and also she was going extra mile and helping others,ms rani from customer service gave a welcoming and she is excellent she always has a smile on her face attends patients very politely and listen and very well explains when u are first time visiting the hospital and also she was going extra mile and helping others,ms rani from customer service give a welcoming and she be excellent she always have a smile on her face attend patient very politely and listen and very well explain when u be first time visit the hospital and also she be go extra mile and help other,POSITIVE,0.9996030926704407
Aster_Hospital_Mankhool,5.0,Very patient friendly hospital. Dr. Balasaheb is take care of me good doctor. Also appreciate ms Cinol for helping me a lot during my visits,a month ago,very patient friendly hospital dr balasaheb is take care of me good doctor also appreciate ms cinol for helping me a lot during my visits,very patient friendly hospital dr balasaheb is take care of me good doctor also appreciate ms cinol for helping me a lot during my visits,very patient friendly hospital dr balasaheb be take care of I good doctor also appreciate ms cinol for help I a lot during my visit,POSITIVE,0.9994934797286987
Aster_Hospital_Mankhool,5.0,Everything was good all staff were kind they really assist you until you finished. Environment also was clean. Thank you 🌟🌟🌟🌟🌟🌟🌟,a month ago,everything was good all staff were kind they really assist you until you finished environment also was clean thank you,everything was good all staff were kind they really assist you until you finished environment also was clean thank you,everything be good all staff be kind they really assist you until you finish environment also be clean thank you,POSITIVE,0.9994776844978333
Aster_Hospital_Mankhool,5.0,"Visited Dr Sukumaran Pediatrician at Aster Mankhool for my baby girl. had good service right from the counter tuntil the consultation provided by Dr Sukumaran.
Happy with the hospital service.",3 weeks ago,visited dr sukumaran pediatrician at aster mankhool for my baby girl had good service right from the counter tuntil the consultation provided by dr sukumaran happy with the hospital service,visited dr sukumaran pediatrician at aster mankhool for my baby girl had good service right from the counter tuntil the consultation provided by dr sukumaran happy with the hospital service,visit dr sukumaran pediatrician at aster mankhool for my baby girl have good service right from the counter tuntil the consultation provide by dr sukumaran happy with the hospital service,POSITIVE,0.9968583583831787
Aster_Hospital_Mankhool,5.0,"Good communication and adviced from
MRI  technologist  ajesh athira teena and receptionsist. Excelent experinece for my mei scan done at aster mankhool.",Edited a month ago,good communication and adviced from mri technologist ajesh athira teena and receptionsist excelent experinece for my mei scan done at aster mankhool,good communication and adviced from mri technologist ajesh athira teena and receptionsist excelent experinece for my mei scan done at aster mankhool,good communication and advice from mri technologist ajesh athira teena and receptionsist excelent experinece for my mei scan do at aster mankhool,POSITIVE,0.9117234349250793
Aster_Hospital_Mankhool,5.0,"I want to express my sincere appreciation to the entire CCU team at Aster Mankhool for their exceptional care and professionalism. The nurses were incredibly attentive, compassionate, and patient — always ensuring comfort, timely medication, and clear communication. Their dedication and kindness made a difficult time much easier for both the patient and our family.

A special thanks as well to the Dr. Naveed for the thorough explanations, quick decisions, and reassuring guidance throughout the treatment. The level of expertise, empathy, and teamwork in the CCU is truly commendable.

I am deeply grateful for the excellent care provided — it made all the difference. Highly recommended to anyone in need of critical care with a human touch.",3 weeks ago,i want to express my sincere appreciation to the entire ccu team at aster mankhool for their exceptional care and professionalism the nurses were incredibly attentive compassionate and patient always ensuring comfort timely medication and clear communication their dedication and kindness made a difficult time much easier for both the patient and our family a special thanks as well to the dr naveed for the thorough explanations quick decisions and reassuring guidance throughout the treatment the level of expertise empathy and teamwork in the ccu is truly commendable i am deeply grateful for the excellent care provided it made all the difference highly recommended to anyone in need of critical care with a human touch,i want to express my sincere appreciation to the entire ccu team at aster mankhool for their exceptional care and professionalism the nurses were incredibly attentive compassionate and patient always ensuring comfort timely medication and clear communication their dedication and kindness made a difficult time much easier for both the patient and our family a special thanks as well to the dr naveed for the thorough explanations quick decisions and reassuring guidance throughout the treatment the level of expertise empathy and teamwork in the ccu is truly commendable i am deeply grateful for the excellent care provided it made all the difference highly recommended to anyone in need of critical care with a human touch,I want to express my sincere appreciation to the entire ccu team at aster mankhool for their exceptional care and professionalism the nurse be incredibly attentive compassionate and patient always ensure comfort timely medication and clear communication their dedication and kindness make a difficult time much easy for both the patient and our family a special thank as well to the dr naveed for the thorough explanation quick decision and reassure guidance throughout the treatment the level of expertise empathy and teamwork in the ccu be truly commendable I be deeply grateful for the excellent care provide it make all the difference highly recommend to anyone in need of critical care with a human touch,POSITIVE,0.9995168447494507
Aster_Hospital_Mankhool,5.0,We had an amazing visits in pediatric dept thanks to all staffs and doctors. Thank you Ms carolyn for assisting us.,a week ago,we had an amazing visits in pediatric dept thanks to all staffs and doctors thank you ms carolyn for assisting us,we had an amazing visits in pediatric dept thanks to all staffs and doctors thank you ms carolyn for assisting us,we have an amazing visit in pediatric dept thank to all staff and doctor thank you ms carolyn for assist we,POSITIVE,0.9997387528419495
Aster_Hospital_Mankhool,5.0,Excellent customer service ms Cinol. All staffs are dedicated in their services.  Opd is well organized for patients,2 weeks ago,excellent customer service ms cinol all staffs are dedicated in their services opd is well organized for patients,excellent customer service ms cinol all staffs are dedicated in their services opd is well organized for patients,excellent customer service ms cinol all staff be dedicate in their service opd be well organize for patient,POSITIVE,0.9982759952545166
Aster_Hospital_Mankhool,1.0,"I have waited for nearly half a day to check in, and I see that elderly individuals are also left waiting. This situation demonstrates a clear lack of care and requires immediate attention. Improvements are essential and demonstrate a clear lack of care, which needs to be addressed immediately. Improvements are essential.",a month ago,i have waited for nearly half a day to check in and i see that elderly individuals are also left waiting this situation demonstrates a clear lack of care and requires immediate attention improvements are essential and demonstrate a clear lack of care which needs to be addressed immediately improvements are essential,i have waited for nearly half a day to check in and i see that elderly individuals are also left waiting this situation demonstrates a clear lack of care and requires immediate attention improvements are essential and demonstrate a clear lack of care which needs to be addressed immediately improvements are essential,I have wait for nearly half a day to check in and I see that elderly individual be also leave wait this situation demonstrate a clear lack of care and require immediate attention improvement be essential and demonstrate a clear lack of care which need to be address immediately improvement be essential,NEGATIVE,0.9973824620246887
Aster_Hospital_Mankhool,5.0,Well managed the op no more much waiting time. Sincere gratitude towards Dr. Mahavir and all staffs in opd. Customer service team are excellent. Special appreciation to ms Cinol,a month ago,well managed the op no more much waiting time sincere gratitude towards dr mahavir and all staffs in opd customer service team are excellent special appreciation to ms cinol,well managed the op no more much waiting time sincere gratitude towards dr mahavir and all staffs in opd customer service team are excellent special appreciation to ms cinol,well manage the op no more much waiting time sincere gratitude towards dr mahavir and all staff in opd customer service team be excellent special appreciation to ms cinol,POSITIVE,0.9991549253463745
Aster_Hospital_Mankhool,5.0,"I had a very good experience at Aster Hospital Mankhool. I consulted Dr. Ranjith (Orthopaedics) and Dr. Shiddath (General Surgery) — both are excellent doctors who are very professional, kind, and attentive to patients. The supporting staff were also very courteous and helpful throughout my visits. Overall, I’m very satisfied with the care and service provided. Highly recommended!",3 weeks ago,i had a very good experience at aster hospital mankhool i consulted dr ranjith orthopaedics and dr shiddath general surgery both are excellent doctors who are very professional kind and attentive to patients the supporting staff were also very courteous and helpful throughout my visits overall i m very satisfied with the care and service provided highly recommended,i had a very good experience at aster hospital mankhool i consulted dr ranjith orthopaedics and dr shiddath general surgery both are excellent doctors who are very professional kind and attentive to patients the supporting staff were also very courteous and helpful throughout my visits overall i m very satisfied with the care and service provided highly recommended,I have a very good experience at aster hospital mankhool I consult dr ranjith orthopaedic and dr shiddath general surgery both be excellent doctor who be very professional kind and attentive to patient the support staff be also very courteous and helpful throughout my visit overall I m very satisfied with the care and service provide highly recommend,POSITIVE,0.9997369647026062
Aster_Hospital_Mankhool,5.0,The hospital facilities are good. Staffs are timely responsing regading quries. Ms Cinol is very polite and approchable,a week ago,the hospital facilities are good staffs are timely responsing regading quries ms cinol is very polite and approchable,the hospital facilities are good staffs are timely responsing regading quries ms cinol is very polite and approchable,the hospital facility be good staff be timely response regading qurie ms cinol be very polite and approchable,NEGATIVE,0.675250232219696
Aster_Hospital_Mankhool,5.0,"I have consulted Dr. Bharath ENT Surgeon and It was really good experience, staff behaviour was good, clear communication. Really appreciate their service.",4 weeks ago,i have consulted dr bharath ent surgeon and it was really good experience staff behaviour was good clear communication really appreciate their service,i have consulted dr bharath ent surgeon and it was really good experience staff behaviour was good clear communication really appreciate their service,I have consult dr bharath ent surgeon and it be really good experience staff behaviour be good clear communication really appreciate their service,POSITIVE,0.9995306730270386
Aster_Hospital_Mankhool,5.0,"This is my 1st time in my entire life here in Dubai that Im confine in the hospital that's why I'm afraid but thanks gods that all the the staff and doctors are kind and amazing they serve the patient with love / care that's why you feel like happy and comfortable with them ,thank you so much guys🙏 godbless u all",2 months ago,this is my 1st time in my entire life here in dubai that im confine in the hospital that s why i m afraid but thanks gods that all the the staff and doctors are kind and amazing they serve the patient with love care that s why you feel like happy and comfortable with them thank you so much guys godbless u all,this is my 1st time in my entire life here in dubai that im confine in the hospital that s why i m afraid but thanks gods that all the the staff and doctors are kind and amazing they serve the patient with love care that s why you feel like happy and comfortable with them thank you so much guys godbless u all,this be my 1st time in my entire life here in dubai that I m confine in the hospital that s why I m afraid but thank god that all the the staff and doctor be kind and amazing they serve the patient with love care that s why you feel like happy and comfortable with they thank you so much guy godbless u all,POSITIVE,0.9997524619102478
Mediclinic_City_Hospital,5.0,"We would like to express our deepest gratitude for the exceptional care we received during our recent hospitalization at Mediclinic City Hospital.

From the moment we arrived at the Emergency Room, we were met with professionalism, efficiency, and warmth. The receptionists were already amazing – setting the tone for what turned out to be a truly reassuring experience for our family.

Every step of the journey, from ER to the pediatric ward, was marked by kindness, attentiveness, and high-level expertise. The pediatric ward especially stood out – not only for its thoughtful design (we truly appreciated the fully enclosed elevator area for the children’s safety), but also because the rooms felt like a Legoland hotel! It made our stay less stressful and more comforting for both us and our child.

Our treating doctor was intelligent, calm, kind, and most importantly – a great listener. We felt genuinely heard and cared for. The nurses were phenomenal – so responsive and proactive that I didn’t even realize when my son called them; they were just instantly there. We would especially like to thank Nurse Daisy, Nurse Jaquelyn, Nurse Gian, and our nurse on October 14 (apologies for not catching your name!), as well as the pretty nurse whose name I unfortunately forgot – your compassion and dedication made all the difference.

A special mention also goes to the housekeeping and kitchen staff, who were incredibly attentive and generous. The food was delicious – it honestly felt more like a staycation than a hospital stay! The security personnel and front desk staff were always kind, helpful, and respectful.

We are so grateful for the care provided to our son and will wholeheartedly recommend Mediclinic City Hospital to all our family, friends, and anyone reading this.

More power to Mediclinic City Hospital – thank you for everything. - Mom of patient in Room 206 admission date 13-15 October 2025",3 weeks ago,we would like to express our deepest gratitude for the exceptional care we received during our recent hospitalization at mediclinic city hospital from the moment we arrived at the emergency room we were met with professionalism efficiency and warmth the receptionists were already amazing setting the tone for what turned out to be a truly reassuring experience for our family every step of the journey from er to the pediatric ward was marked by kindness attentiveness and high level expertise the pediatric ward especially stood out not only for its thoughtful design we truly appreciated the fully enclosed elevator area for the children s safety but also because the rooms felt like a legoland hotel it made our stay less stressful and more comforting for both us and our child our treating doctor was intelligent calm kind and most importantly a great listener we felt genuinely heard and cared for the nurses were phenomenal so responsive and proactive that i didn t even realize when my son called them they were just instantly there we would especially like to thank nurse daisy nurse jaquelyn nurse gian and our nurse on october 14 apologies for not catching your name as well as the pretty nurse whose name i unfortunately forgot your compassion and dedication made all the difference a special mention also goes to the housekeeping and kitchen staff who were incredibly attentive and generous the food was delicious it honestly felt more like a staycation than a hospital stay the security personnel and front desk staff were always kind helpful and respectful we are so grateful for the care provided to our son and will wholeheartedly recommend mediclinic city hospital to all our family friends and anyone reading this more power to mediclinic city hospital thank you for everything mom of patient in room 206 admission date 13 15 october 2025,we would like to express our deepest gratitude for the exceptional care we received during our recent hospitalization at mediclinic city hospital from the moment we arrived at the emergency room we were met with professionalism efficiency and warmth the receptionists were already amazing setting the tone for what turned out to be a truly reassuring experience for our family every step of the journey from er to the pediatric ward was marked by kindness attentiveness and high level expertise the pediatric ward especially stood out not only for its thoughtful design we truly appreciated the fully enclosed elevator area for the children s safety but also because the rooms felt like a legoland hotel it made our stay less stressful and more comforting for both us and our child our treating doctor was intelligent calm kind and most importantly a great listener we felt genuinely heard and cared for the nurses were phenomenal so responsive and proactive that i didn t even realize when my son called them they were just instantly there we would especially like to thank nurse daisy nurse jaquelyn nurse gian and our nurse on october 14 apologies for not catching your name as well as the pretty nurse whose name i unfortunately forgot your compassion and dedication made all the difference a special mention also goes to the housekeeping and kitchen staff who were incredibly attentive and generous the food was delicious it honestly felt more like a staycation than a hospital stay the security personnel and front desk staff were always kind helpful and respectful we are so grateful for the care provided to our son and will wholeheartedly recommend mediclinic city hospital to all our family friends and anyone reading this more power to mediclinic city hospital thank you for everything mom of patient in room 206 admission date 13 15 october 2025,we would like to express our deep gratitude for the exceptional care we receive during our recent hospitalization at mediclinic city hospital from the moment we arrive at the emergency room we be meet with professionalism efficiency and warmth the receptionist be already amazing set the tone for what turn out to be a truly reassuring experience for our family every step of the journey from er to the pediatric ward be mark by kindness attentiveness and high level expertise the pediatric ward especially stand out not only for its thoughtful design we truly appreciate the fully enclose elevator area for the child s safety but also because the room feel like a legoland hotel it make our stay less stressful and more comforting for both we and our child our treat doctor be intelligent calm kind and most importantly a great listener we felt genuinely hear and care for the nurse be phenomenal so responsive and proactive that I didn t even realize when my son call they they be just instantly there we would especially like to thank nurse daisy nurse jaquelyn nurse gian and our nurse on october 14 apology for not catch your name as well as the pretty nurse whose name I unfortunately forget your compassion and dedication make all the difference a special mention also go to the housekeeping and kitchen staff who be incredibly attentive and generous the food be delicious it honestly feel more like a staycation than a hospital stay the security personnel and front desk staff be always kind helpful and respectful we be so grateful for the care provide to our son and will wholeheartedly recommend mediclinic city hospital to all our family friend and anyone read this more power to mediclinic city hospital thank you for everything mom of patient in room 206 admission date 13 15 october 2025,POSITIVE,0.9998125433921814
Mediclinic_City_Hospital,5.0,"Brilliant experiences with Mediclinic across Dubai. On this occasion I was submitted into hospital for IV treatment and the doctors and nurses help to make the short stay relaxing. The facilities and room are what one would expect in a good quality Hospital.
I would have no hesitation in recommending treatment or hospital stays at Mediclinic facilities.",a month ago,brilliant experiences with mediclinic across dubai on this occasion i was submitted into hospital for iv treatment and the doctors and nurses help to make the short stay relaxing the facilities and room are what one would expect in a good quality hospital i would have no hesitation in recommending treatment or hospital stays at mediclinic facilities,brilliant experiences with mediclinic across dubai on this occasion i was submitted into hospital for iv treatment and the doctors and nurses help to make the short stay relaxing the facilities and room are what one would expect in a good quality hospital i would have no hesitation in recommending treatment or hospital stays at mediclinic facilities,brilliant experience with mediclinic across dubai on this occasion I be submit into hospital for iv treatment and the doctor and nurse help to make the short stay relax the facility and room be what one would expect in a good quality hospital I would have no hesitation in recommend treatment or hospital stay at mediclinic facility,POSITIVE,0.9968807697296143
Mediclinic_City_Hospital,5.0,"I can’t thank Dr. Kavita Goswami enough for the incredible care and support she gave me throughout my pregnancy and delivery. I was extremely sensitive to pain and initially planned for an elective C-section, but her calm reassurance, confidence, and compassion gave me the courage to try for a normal delivery.

She guided me every step of the way, patiently addressing all my fears and ensuring I felt safe and supported during labour. Thanks to her encouragement and expertise, I ended up having a beautiful, positive vaginal birth experience — something I never thought I could do.

I’ll always be grateful for her kindness, patience, and gentle motivation that made my delivery such a memorable and empowering journey. Truly the best gynaecologist I could have asked for! 💖

Special thanks to my midwife Linda who was extremely patient and supportive .

Thanks to Celine for all the smiles and encouragement.

It was our best decision to choose this hospital and this wonderful gynaecologist .",a week ago,i can t thank dr kavita goswami enough for the incredible care and support she gave me throughout my pregnancy and delivery i was extremely sensitive to pain and initially planned for an elective c section but her calm reassurance confidence and compassion gave me the courage to try for a normal delivery she guided me every step of the way patiently addressing all my fears and ensuring i felt safe and supported during labour thanks to her encouragement and expertise i ended up having a beautiful positive vaginal birth experience something i never thought i could do i ll always be grateful for her kindness patience and gentle motivation that made my delivery such a memorable and empowering journey truly the best gynaecologist i could have asked for special thanks to my midwife linda who was extremely patient and supportive thanks to celine for all the smiles and encouragement it was our best decision to choose this hospital and this wonderful gynaecologist,i can t thank dr kavita goswami enough for the incredible care and support she gave me throughout my pregnancy and delivery i was extremely sensitive to pain and initially planned for an elective c section but her calm reassurance confidence and compassion gave me the courage to try for a normal delivery she guided me every step of the way patiently addressing all my fears and ensuring i felt safe and supported during labour thanks to her encouragement and expertise i ended up having a beautiful positive vaginal birth experience something i never thought i could do i ll always be grateful for her kindness patience and gentle motivation that made my delivery such a memorable and empowering journey truly the best gynaecologist i could have asked for special thanks to my midwife linda who was extremely patient and supportive thanks to celine for all the smiles and encouragement it was our best decision to choose this hospital and this wonderful gynaecologist,I can t thank dr kavita goswami enough for the incredible care and support she give I throughout my pregnancy and delivery I be extremely sensitive to pain and initially plan for an elective c section but her calm reassurance confidence and compassion give I the courage to try for a normal delivery she guide I every step of the way patiently address all my fear and ensure I feel safe and support during labour thank to her encouragement and expertise I end up have a beautiful positive vaginal birth experience something I never think I could do I ll always be grateful for her kindness patience and gentle motivation that make my delivery such a memorable and empower journey truly the good gynaecologist I could have ask for special thank to my midwife linda who be extremely patient and supportive thank to celine for all the smile and encouragement it be our good decision to choose this hospital and this wonderful gynaecologist,POSITIVE,0.9997585415840149
Mediclinic_City_Hospital,5.0,"A truly wonderful experience at Mediclinic Maternity Department!

From the very beginning of our journey, the team at Mediclinic Maternity made us feel cared for, supported, and safe. Every single person we met went out of their way to make this special time in our lives even more memorable.

A special thank you to Dr. Kavita and Dr. Shantala for their exceptional care and constant follow-up during the most crucial stage of high-risk pregnancy. Your expertise, reassurance, and compassion gave us the strength and confidence we needed during those difficult weeks.

Heartfelt gratitude to the Emergency Labour Ward team for their incredible patience and kindness while performing CTG monitoring for over a month — your gentle reassurance and warm smiles made those visits so much easier.

To the amazing NICU team, thank you from the bottom of our hearts for taking such wonderful care of our little princess. Knowing she was in such loving and professional hands gave us immense peace of mind.

And finally, to the Postnatal team, thank you for your constant care, guidance, and encouragement after delivery. Your warmth and support made a world of difference in my recovery and transition into motherhood.

We are forever grateful for the love, dedication, and professionalism shown by everyone at Mediclinic. You truly made our maternity journey a beautiful, safe, and comforting experience. Highly recommend Mediclinic Maternity Department to all parents-to-be! 💕

Thank you all from the bottom of our hearts. 🙏 💖",4 days ago,a truly wonderful experience at mediclinic maternity department from the very beginning of our journey the team at mediclinic maternity made us feel cared for supported and safe every single person we met went out of their way to make this special time in our lives even more memorable a special thank you to dr kavita and dr shantala for their exceptional care and constant follow up during the most crucial stage of high risk pregnancy your expertise reassurance and compassion gave us the strength and confidence we needed during those difficult weeks heartfelt gratitude to the emergency labour ward team for their incredible patience and kindness while performing ctg monitoring for over a month your gentle reassurance and warm smiles made those visits so much easier to the amazing nicu team thank you from the bottom of our hearts for taking such wonderful care of our little princess knowing she was in such loving and professional hands gave us immense peace of mind and finally to the postnatal team thank you for your constant care guidance and encouragement after delivery your warmth and support made a world of difference in my recovery and transition into motherhood we are forever grateful for the love dedication and professionalism shown by everyone at mediclinic you truly made our maternity journey a beautiful safe and comforting experience highly recommend mediclinic maternity department to all parents to be thank you all from the bottom of our hearts,a truly wonderful experience at mediclinic maternity department from the very beginning of our journey the team at mediclinic maternity made us feel cared for supported and safe every single person we met went out of their way to make this special time in our lives even more memorable a special thank you to dr kavita and dr shantala for their exceptional care and constant follow up during the most crucial stage of high risk pregnancy your expertise reassurance and compassion gave us the strength and confidence we needed during those difficult weeks heartfelt gratitude to the emergency labour ward team for their incredible patience and kindness while performing ctg monitoring for over a month your gentle reassurance and warm smiles made those visits so much easier to the amazing nicu team thank you from the bottom of our hearts for taking such wonderful care of our little princess knowing she was in such loving and professional hands gave us immense peace of mind and finally to the postnatal team thank you for your constant care guidance and encouragement after delivery your warmth and support made a world of difference in my recovery and transition into motherhood we are forever grateful for the love dedication and professionalism shown by everyone at mediclinic you truly made our maternity journey a beautiful safe and comforting experience highly recommend mediclinic maternity department to all parents to be thank you all from the bottom of our hearts,a truly wonderful experience at mediclinic maternity department from the very beginning of our journey the team at mediclinic maternity make we feel care for supported and safe every single person we meet go out of their way to make this special time in our life even more memorable a special thank you to dr kavita and dr shantala for their exceptional care and constant follow up during the most crucial stage of high risk pregnancy your expertise reassurance and compassion give we the strength and confidence we need during those difficult week heartfelt gratitude to the emergency labour ward team for their incredible patience and kindness while perform ctg monitor for over a month your gentle reassurance and warm smile make those visit so much easy to the amazing nicu team thank you from the bottom of our heart for take such wonderful care of our little princess know she be in such love and professional hand give we immense peace of mind and finally to the postnatal team thank you for your constant care guidance and encouragement after delivery your warmth and support make a world of difference in my recovery and transition into motherhood we be forever grateful for the love dedication and professionalism show by everyone at mediclinic you truly make our maternity journey a beautiful safe and comfort experience highly recommend mediclinic maternity department to all parent to be thank you all from the bottom of our heart,POSITIVE,0.9998527765274048
Mediclinic_City_Hospital,5.0,"I had a meniscal tear in my knee and had surgery to repair it operated by my physician doctor Ahmad Yacoub. Doctor Ahmad has been amazing. He explained the procedure very clearly to me and was transparent and clear in communicating my options and in providing advice. He helped me with everything from pre-op preparation to the successful surgery to post-op recovery where he created a clear plan for me with continuous follow-ups on my physiotherapy and clear timeline on reaching certain metrics. Overall, it’s been a great experience with Doctor Yacoub, he is super knowledgeable and experienced and also really cares about his patients. He is always available to answer questions and address concerns. His nurse Gladie as well is by far the best nurse I’ve ever dealt with as she gets things done, is very supportive and always aware and on top of things. She has also made this experience a lot easier and simpler because of how good she is at her job.",6 days ago,i had a meniscal tear in my knee and had surgery to repair it operated by my physician doctor ahmad yacoub doctor ahmad has been amazing he explained the procedure very clearly to me and was transparent and clear in communicating my options and in providing advice he helped me with everything from pre op preparation to the successful surgery to post op recovery where he created a clear plan for me with continuous follow ups on my physiotherapy and clear timeline on reaching certain metrics overall it s been a great experience with doctor yacoub he is super knowledgeable and experienced and also really cares about his patients he is always available to answer questions and address concerns his nurse gladie as well is by far the best nurse i ve ever dealt with as she gets things done is very supportive and always aware and on top of things she has also made this experience a lot easier and simpler because of how good she is at her job,i had a meniscal tear in my knee and had surgery to repair it operated by my physician doctor ahmad yacoub doctor ahmad has been amazing he explained the procedure very clearly to me and was transparent and clear in communicating my options and in providing advice he helped me with everything from pre op preparation to the successful surgery to post op recovery where he created a clear plan for me with continuous follow ups on my physiotherapy and clear timeline on reaching certain metrics overall it s been a great experience with doctor yacoub he is super knowledgeable and experienced and also really cares about his patients he is always available to answer questions and address concerns his nurse gladie as well is by far the best nurse i ve ever dealt with as she gets things done is very supportive and always aware and on top of things she has also made this experience a lot easier and simpler because of how good she is at her job,I have a meniscal tear in my knee and have surgery to repair it operate by my physician doctor ahmad yacoub doctor ahmad have be amazing he explain the procedure very clearly to I and be transparent and clear in communicate my option and in provide advice he help I with everything from pre op preparation to the successful surgery to post op recovery where he create a clear plan for I with continuous follow up on my physiotherapy and clear timeline on reach certain metric overall it s be a great experience with doctor yacoub he be super knowledgeable and experienced and also really care about his patient he be always available to answer question and address concern his nurse gladie as well be by far the good nurse I ve ever deal with as she get thing do be very supportive and always aware and on top of thing she have also make this experience a lot easy and simple because of how good she be at her job,POSITIVE,0.998387336730957
Mediclinic_City_Hospital,5.0,"I have been seeing Dr Valentina Giaccaglia for several years and I could not be more grateful for the care she has given me. She knows me and my condition incredibly well, and from the very beginning she has always been caring, kind and deeply compassionate. Dr Giaccaglia consistently made time to listen, explain and reassure me, which brought real comfort during challenging moments.

She is exceptionally smart and truly knows her skill, yet she pairs her expertise with genuine humanity. I have always felt understood, respected and treated with complete dignity. Her sympathy, patience and professionalism made a world of difference to my experience.

It is rare to find a doctor who cares so deeply and remembers not just the condition but the person behind it. I trust her completely and recommend Dr Valentina Giaccaglia without hesitation. I am sincerely thankful for everything she has done for me over the years.",a week ago,i have been seeing dr valentina giaccaglia for several years and i could not be more grateful for the care she has given me she knows me and my condition incredibly well and from the very beginning she has always been caring kind and deeply compassionate dr giaccaglia consistently made time to listen explain and reassure me which brought real comfort during challenging moments she is exceptionally smart and truly knows her skill yet she pairs her expertise with genuine humanity i have always felt understood respected and treated with complete dignity her sympathy patience and professionalism made a world of difference to my experience it is rare to find a doctor who cares so deeply and remembers not just the condition but the person behind it i trust her completely and recommend dr valentina giaccaglia without hesitation i am sincerely thankful for everything she has done for me over the years,i have been seeing dr valentina giaccaglia for several years and i could not be more grateful for the care she has given me she knows me and my condition incredibly well and from the very beginning she has always been caring kind and deeply compassionate dr giaccaglia consistently made time to listen explain and reassure me which brought real comfort during challenging moments she is exceptionally smart and truly knows her skill yet she pairs her expertise with genuine humanity i have always felt understood respected and treated with complete dignity her sympathy patience and professionalism made a world of difference to my experience it is rare to find a doctor who cares so deeply and remembers not just the condition but the person behind it i trust her completely and recommend dr valentina giaccaglia without hesitation i am sincerely thankful for everything she has done for me over the years,I have be see dr valentina giaccaglia for several year and I could not be more grateful for the care she have give I she know I and my condition incredibly well and from the very beginning she have always be care kind and deeply compassionate dr giaccaglia consistently make time to listen explain and reassure I which bring real comfort during challenge moment she be exceptionally smart and truly know her skill yet she pair her expertise with genuine humanity I have always feel understand respect and treat with complete dignity her sympathy patience and professionalism make a world of difference to my experience it be rare to find a doctor who care so deeply and remember not just the condition but the person behind it I trust she completely and recommend dr valentina giaccaglia without hesitation I be sincerely thankful for everything she have do for I over the year,POSITIVE,0.9996569156646729
Mediclinic_City_Hospital,5.0,"Dr. Ansari at mediclinic citi hospital is truly exceptional! From the moment I met him, I was impressed by his extensive knowledge and cooperative nature. He took the time to listen to my concerns with great patience, providing calm reassurances that made me feel secure and understood. His approach to patient care is remarkable; it's clear that he genuinely cares about the well-being of those he treats. I left our appointment feeling significantly better; I would say about 30% more at ease; just from his presence and thoughtful responses. If you're looking for a doctor who combines expertise with compassion, Dr. Ansari(family physician) is the one to see!",6 days ago,dr ansari at mediclinic citi hospital is truly exceptional from the moment i met him i was impressed by his extensive knowledge and cooperative nature he took the time to listen to my concerns with great patience providing calm reassurances that made me feel secure and understood his approach to patient care is remarkable it s clear that he genuinely cares about the well being of those he treats i left our appointment feeling significantly better i would say about 30 more at ease just from his presence and thoughtful responses if you re looking for a doctor who combines expertise with compassion dr ansari family physician is the one to see,dr ansari at mediclinic citi hospital is truly exceptional from the moment i met him i was impressed by his extensive knowledge and cooperative nature he took the time to listen to my concerns with great patience providing calm reassurances that made me feel secure and understood his approach to patient care is remarkable it s clear that he genuinely cares about the well being of those he treats i left our appointment feeling significantly better i would say about 30 more at ease just from his presence and thoughtful responses if you re looking for a doctor who combines expertise with compassion dr ansari family physician is the one to see,dr ansari at mediclinic citi hospital be truly exceptional from the moment I meet he I be impress by his extensive knowledge and cooperative nature he take the time to listen to my concern with great patience provide calm reassurance that make I feel secure and understand his approach to patient care be remarkable it s clear that he genuinely care about the well being of those he treat I leave our appointment feeling significantly well I would say about 30 more at ease just from his presence and thoughtful response if you re look for a doctor who combine expertise with compassion dr ansari family physician be the one to see,POSITIVE,0.9997318387031555
Mediclinic_City_Hospital,5.0,"I am great full to mediclinic city hospital for providing us the best care and exceptional professional services.
Some names we cant forget:
Dr Kavitha Goswamy
Dr Shanthala vadayar
Nurses & midwives:-Akanesia,Nita,Christina,Charina,Hanan,
Maya,and other OT staff who assisted us with utmost care.

From our first consult to post-delivery follow-ups, Dr. Kavitha Goswamy was exceptional.
At the stage of pregnancy , she quickly identified Natasha’s  weight drop and gave us clear, practical steps to fix it—no drama, just evidence-based advice that worked.

She performed my wife’s  delivery with precision and calm, kept us fully informed, and checked in proactively. Thanks to her guidance, my wife’s recovery has been smooth. We’re deeply grateful for the care and confidence Dr. Kavitha brought to every stage.",Edited 4 days ago,i am great full to mediclinic city hospital for providing us the best care and exceptional professional services some names we cant forget dr kavitha goswamy dr shanthala vadayar nurses midwives akanesia nita christina charina hanan maya and other ot staff who assisted us with utmost care from our first consult to post delivery follow ups dr kavitha goswamy was exceptional at the stage of pregnancy she quickly identified natasha s weight drop and gave us clear practical steps to fix it no drama just evidence based advice that worked she performed my wife s delivery with precision and calm kept us fully informed and checked in proactively thanks to her guidance my wife s recovery has been smooth we re deeply grateful for the care and confidence dr kavitha brought to every stage,i am great full to mediclinic city hospital for providing us the best care and exceptional professional services some names we cant forget dr kavitha goswamy dr shanthala vadayar nurses midwives akanesia nita christina charina hanan maya and other ot staff who assisted us with utmost care from our first consult to post delivery follow ups dr kavitha goswamy was exceptional at the stage of pregnancy she quickly identified natasha s weight drop and gave us clear practical steps to fix it no drama just evidence based advice that worked she performed my wife s delivery with precision and calm kept us fully informed and checked in proactively thanks to her guidance my wife s recovery has been smooth we re deeply grateful for the care and confidence dr kavitha brought to every stage,I be great full to mediclinic city hospital for provide we the good care and exceptional professional service some name we can not forget dr kavitha goswamy dr shanthala vadayar nurse midwive akanesia nita christina charina hanan maya and other ot staff who assist we with utmost care from our first consult to post delivery follow up dr kavitha goswamy be exceptional at the stage of pregnancy she quickly identify natasha s weight drop and give we clear practical step to fix it no drama just evidence base advice that work she perform my wife s delivery with precision and calm keep we fully inform and check in proactively thank to her guidance my wife s recovery have be smooth we re deeply grateful for the care and confidence dr kavitha bring to every stage,POSITIVE,0.9928935170173645
Mediclinic_City_Hospital,5.0,"I would like to extend my heartfelt gratitude to the medical team who attended to me during my emergency visit on Sunday night, October 19, around 9:30 PM.

From the moment I arrived, I was assisted with care and patience. A Filipino female staff member attended to me with exceptional kindness and understanding. The doctor on duty, a male Arab (possibly from Sudan), displayed remarkable professionalism and patience, explaining my condition clearly and even taking the time to explain everything to my husband.

The Indian nurse who cared for me was attentive, respectful, and considerate, ensuring I was comfortable and assisting me when I needed to go to the restroom. The CT scan procedure was handled by a Filipino operator, and there were two Filipino female nurses on duty as well.

The entire team of Dr. Elrasheed Salih, Filipino nurse, and Indian nurse, worked together with dignity, dedication, and genuine compassion. Both my husband and I were deeply touched by the kindness and professionalism of everyone involved.

If possible, I would greatly appreciate it if you could help me find the other names of the team members to please, extend my gratitude to them.

Thank you once again for the exceptional care and compassion shown.",2 weeks ago,i would like to extend my heartfelt gratitude to the medical team who attended to me during my emergency visit on sunday night october 19 around 9 30 pm from the moment i arrived i was assisted with care and patience a filipino female staff member attended to me with exceptional kindness and understanding the doctor on duty a male arab possibly from sudan displayed remarkable professionalism and patience explaining my condition clearly and even taking the time to explain everything to my husband the indian nurse who cared for me was attentive respectful and considerate ensuring i was comfortable and assisting me when i needed to go to the restroom the ct scan procedure was handled by a filipino operator and there were two filipino female nurses on duty as well the entire team of dr elrasheed salih filipino nurse and indian nurse worked together with dignity dedication and genuine compassion both my husband and i were deeply touched by the kindness and professionalism of everyone involved if possible i would greatly appreciate it if you could help me find the other names of the team members to please extend my gratitude to them thank you once again for the exceptional care and compassion shown,i would like to extend my heartfelt gratitude to the medical team who attended to me during my emergency visit on sunday night october 19 around 9 30 pm from the moment i arrived i was assisted with care and patience a filipino female staff member attended to me with exceptional kindness and understanding the doctor on duty a male arab possibly from sudan displayed remarkable professionalism and patience explaining my condition clearly and even taking the time to explain everything to my husband the indian nurse who cared for me was attentive respectful and considerate ensuring i was comfortable and assisting me when i needed to go to the restroom the ct scan procedure was handled by a filipino operator and there were two filipino female nurses on duty as well the entire team of dr elrasheed salih filipino nurse and indian nurse worked together with dignity dedication and genuine compassion both my husband and i were deeply touched by the kindness and professionalism of everyone involved if possible i would greatly appreciate it if you could help me find the other names of the team members to please extend my gratitude to them thank you once again for the exceptional care and compassion shown,I would like to extend my heartfelt gratitude to the medical team who attend to I during my emergency visit on sunday night october 19 around 9 30 pm from the moment I arrive I be assist with care and patience a filipino female staff member attend to I with exceptional kindness and understand the doctor on duty a male arab possibly from sudan display remarkable professionalism and patience explain my condition clearly and even take the time to explain everything to my husband the indian nurse who care for I be attentive respectful and considerate ensure I be comfortable and assist I when I need to go to the restroom the ct scan procedure be handle by a filipino operator and there be two filipino female nurse on duty as well the entire team of dr elrasheed salih filipino nurse and indian nurse work together with dignity dedication and genuine compassion both my husband and I be deeply touch by the kindness and professionalism of everyone involve if possible I would greatly appreciate it if you could help I find the other name of the team member to please extend my gratitude to they thank you once again for the exceptional care and compassion show,POSITIVE,0.9996892213821411
Mediclinic_City_Hospital,5.0,"I wanted to take a moment to express my deepest gratitude for the exceptional care and support you’ve provided. Your expertise and kindness have truly made a difference in my journey, and I am incredibly thankful for the dedication and professionalism you’ve shown.
Dr. Eliane younes & Dr.Ramzi , your knowledge and guidance have been invaluable, and I’m so grateful for the thoughtful way you’ve approached treatment.
And special thanks to Nurse Aiswarya Roy , your compassion and attentiveness have been a source of comfort, and I truly appreciate all the little things you do that make such a big difference.
Thank you all for going above and beyond.

With sincere appreciation",2 weeks ago,i wanted to take a moment to express my deepest gratitude for the exceptional care and support you ve provided your expertise and kindness have truly made a difference in my journey and i am incredibly thankful for the dedication and professionalism you ve shown dr eliane younes dr ramzi your knowledge and guidance have been invaluable and i m so grateful for the thoughtful way you ve approached treatment and special thanks to nurse aiswarya roy your compassion and attentiveness have been a source of comfort and i truly appreciate all the little things you do that make such a big difference thank you all for going above and beyond with sincere appreciation,i wanted to take a moment to express my deepest gratitude for the exceptional care and support you ve provided your expertise and kindness have truly made a difference in my journey and i am incredibly thankful for the dedication and professionalism you ve shown dr eliane younes dr ramzi your knowledge and guidance have been invaluable and i m so grateful for the thoughtful way you ve approached treatment and special thanks to nurse aiswarya roy your compassion and attentiveness have been a source of comfort and i truly appreciate all the little things you do that make such a big difference thank you all for going above and beyond with sincere appreciation,I want to take a moment to express my deep gratitude for the exceptional care and support you ve provide your expertise and kindness have truly make a difference in my journey and I be incredibly thankful for the dedication and professionalism you ve show dr eliane younes dr ramzi your knowledge and guidance have be invaluable and I m so grateful for the thoughtful way you ve approach treatment and special thank to nurse aiswarya roy your compassion and attentiveness have be a source of comfort and I truly appreciate all the little thing you do that make such a big difference thank you all for go above and beyond with sincere appreciation,POSITIVE,0.9998370409011841
Mediclinic_City_Hospital,5.0,"I want to express my heartfelt gratitude to the entire team at the PICU in Mediclinic City. From the moment we arrived, the care, professionalism, and compassion shown by everyone made such a difficult time so much easier. The doctors were incredibly thorough and attentive, and the nurses went above and beyond to make sure our little one was comfortable, safe, and cared for around the clock.

A very special thanks to Nurse Carlos, whose kindness, patience, and dedication truly stood out. His gentle approach, reassuring words, and constant attention made all the difference for both our child and our family. We felt genuinely cared for and supported every step of the way.

Thank you to the entire PICU team for the incredible work you do every day — you are real heroes. 🌟",2 weeks ago,i want to express my heartfelt gratitude to the entire team at the picu in mediclinic city from the moment we arrived the care professionalism and compassion shown by everyone made such a difficult time so much easier the doctors were incredibly thorough and attentive and the nurses went above and beyond to make sure our little one was comfortable safe and cared for around the clock a very special thanks to nurse carlos whose kindness patience and dedication truly stood out his gentle approach reassuring words and constant attention made all the difference for both our child and our family we felt genuinely cared for and supported every step of the way thank you to the entire picu team for the incredible work you do every day you are real heroes,i want to express my heartfelt gratitude to the entire team at the picu in mediclinic city from the moment we arrived the care professionalism and compassion shown by everyone made such a difficult time so much easier the doctors were incredibly thorough and attentive and the nurses went above and beyond to make sure our little one was comfortable safe and cared for around the clock a very special thanks to nurse carlos whose kindness patience and dedication truly stood out his gentle approach reassuring words and constant attention made all the difference for both our child and our family we felt genuinely cared for and supported every step of the way thank you to the entire picu team for the incredible work you do every day you are real heroes,I want to express my heartfelt gratitude to the entire team at the picu in mediclinic city from the moment we arrive the care professionalism and compassion show by everyone make such a difficult time so much easy the doctor be incredibly thorough and attentive and the nurse go above and beyond to make sure our little one be comfortable safe and care for around the clock a very special thank to nurse carlos whose kindness patience and dedication truly stand out his gentle approach reassure word and constant attention make all the difference for both our child and our family we felt genuinely care for and support every step of the way thank you to the entire picu team for the incredible work you do every day you be real hero,POSITIVE,0.9996925592422485
Mediclinic_City_Hospital,5.0,"I would like to express my sincere appreciation to Dr. Gagan Wahi, Radiology Specialist. He is very accommodating- despite having a full schedule, he still made time for my ultrasound. So kind and warm. Thank You, Lord,  bless  him with such compassion.

A heartfelt thanks as well to Nurse Jane and to our fellow kabayan - you know who you are.",3 weeks ago,i would like to express my sincere appreciation to dr gagan wahi radiology specialist he is very accommodating despite having a full schedule he still made time for my ultrasound so kind and warm thank you lord bless him with such compassion a heartfelt thanks as well to nurse jane and to our fellow kabayan you know who you are,i would like to express my sincere appreciation to dr gagan wahi radiology specialist he is very accommodating despite having a full schedule he still made time for my ultrasound so kind and warm thank you lord bless him with such compassion a heartfelt thanks as well to nurse jane and to our fellow kabayan you know who you are,I would like to express my sincere appreciation to dr gagan wahi radiology specialist he be very accommodate despite have a full schedule he still make time for my ultrasound so kind and warm thank you lord bless he with such compassion a heartfelt thank as well to nurse jane and to our fellow kabayan you know who you be,POSITIVE,0.9996978044509888
Mediclinic_City_Hospital,5.0,"To: The Management of Mediclinic City Hospital
Subject: Appreciation for Dr. Shravan Tirunagari

Dear Management Team,

I would like to extend my sincere gratitude and heartfelt appreciation to Dr. Shravan Tirunagari, Pain Management Specialist at Mediclinic City Hospital, for his exceptional care and dedication throughout my treatment.

Dr. Shravan has demonstrated outstanding medical expertise, professionalism, and compassion that truly reflect the high standards of your institution. His continuous support and deep understanding of my condition have made a remarkable difference in my recovery and quality of life.

I believe Dr. Shravan Tirunagari is one of the most skilled and dedicated specialists in the country, and he truly represents the excellence and integrity that Mediclinic stands for. I kindly request that his remarkable efforts and contribution be recognized and appreciated by the hospital’s management.

Thank you to Mediclinic City Hospital for having such an exceptional doctor on your team, and for maintaining such a high level of care for your patients.

With great respect and appreciation,
Saeed Bin Hendi Al Mheiri",2 weeks ago,to the management of mediclinic city hospital subject appreciation for dr shravan tirunagari dear management team i would like to extend my sincere gratitude and heartfelt appreciation to dr shravan tirunagari pain management specialist at mediclinic city hospital for his exceptional care and dedication throughout my treatment dr shravan has demonstrated outstanding medical expertise professionalism and compassion that truly reflect the high standards of your institution his continuous support and deep understanding of my condition have made a remarkable difference in my recovery and quality of life i believe dr shravan tirunagari is one of the most skilled and dedicated specialists in the country and he truly represents the excellence and integrity that mediclinic stands for i kindly request that his remarkable efforts and contribution be recognized and appreciated by the hospital s management thank you to mediclinic city hospital for having such an exceptional doctor on your team and for maintaining such a high level of care for your patients with great respect and appreciation saeed bin hendi al mheiri,to the management of mediclinic city hospital subject appreciation for dr shravan tirunagari dear management team i would like to extend my sincere gratitude and heartfelt appreciation to dr shravan tirunagari pain management specialist at mediclinic city hospital for his exceptional care and dedication throughout my treatment dr shravan has demonstrated outstanding medical expertise professionalism and compassion that truly reflect the high standards of your institution his continuous support and deep understanding of my condition have made a remarkable difference in my recovery and quality of life i believe dr shravan tirunagari is one of the most skilled and dedicated specialists in the country and he truly represents the excellence and integrity that mediclinic stands for i kindly request that his remarkable efforts and contribution be recognized and appreciated by the hospital s management thank you to mediclinic city hospital for having such an exceptional doctor on your team and for maintaining such a high level of care for your patients with great respect and appreciation saeed bin hendi al mheiri,to the management of mediclinic city hospital subject appreciation for dr shravan tirunagari dear management team I would like to extend my sincere gratitude and heartfelt appreciation to dr shravan tirunagari pain management specialist at mediclinic city hospital for his exceptional care and dedication throughout my treatment dr shravan have demonstrate outstanding medical expertise professionalism and compassion that truly reflect the high standard of your institution his continuous support and deep understanding of my condition have make a remarkable difference in my recovery and quality of life I believe dr shravan tirunagari be one of the most skilled and dedicated specialist in the country and he truly represent the excellence and integrity that mediclinic stand for I kindly request that his remarkable effort and contribution be recognize and appreciate by the hospital s management thank you to mediclinic city hospital for have such an exceptional doctor on your team and for maintain such a high level of care for your patient with great respect and appreciation saeed bin hendi al mheiri,POSITIVE,0.9997925162315369
Mediclinic_City_Hospital,5.0,"I am so grateful to Dr. Ahmad Yacob (Orthopaedic Specialist) his exceptional team, including Mr Asad and Ms Glade, for their outstanding care and professionalism throughout my little finger surgery and recovery. From my initial consultation to post-surgery follow-up, Dr. Yacob's expertise and attention to detail gave me full confidence in the process. Ms Glade and Mr Asad provided warmth, support, and efficient coordination, making every stage comfortable and reassuring. The team’s thorough explanations, genuine empathy, and commitment to patient well-being made a stressful procedure much easier to navigate. I highly recommend Dr. Yacob and his team for anyone seeking excellent orthopaedic care.",a week ago,i am so grateful to dr ahmad yacob orthopaedic specialist his exceptional team including mr asad and ms glade for their outstanding care and professionalism throughout my little finger surgery and recovery from my initial consultation to post surgery follow up dr yacob s expertise and attention to detail gave me full confidence in the process ms glade and mr asad provided warmth support and efficient coordination making every stage comfortable and reassuring the team s thorough explanations genuine empathy and commitment to patient well being made a stressful procedure much easier to navigate i highly recommend dr yacob and his team for anyone seeking excellent orthopaedic care,i am so grateful to dr ahmad yacob orthopaedic specialist his exceptional team including mr asad and ms glade for their outstanding care and professionalism throughout my little finger surgery and recovery from my initial consultation to post surgery follow up dr yacob s expertise and attention to detail gave me full confidence in the process ms glade and mr asad provided warmth support and efficient coordination making every stage comfortable and reassuring the team s thorough explanations genuine empathy and commitment to patient well being made a stressful procedure much easier to navigate i highly recommend dr yacob and his team for anyone seeking excellent orthopaedic care,I be so grateful to dr ahmad yacob orthopaedic specialist his exceptional team include mr asad and ms glade for their outstanding care and professionalism throughout my little finger surgery and recovery from my initial consultation to post surgery follow up dr yacob s expertise and attention to detail give I full confidence in the process ms glade and mr asad provide warmth support and efficient coordination make every stage comfortable and reassure the team s thorough explanation genuine empathy and commitment to patient well be make a stressful procedure much easy to navigate I highly recommend dr yacob and his team for anyone seek excellent orthopaedic care,POSITIVE,0.9998146891593933
Mediclinic_City_Hospital,5.0,"I would like to express my deepest appreciation for Dr. Deeb Kayed, who has been my neurologist for several years. Throughout this time, he has shown exceptional professionalism, compassion, and dedication to his patients.

Dr. Kayed has always been there whenever I needed him—responding quickly, offering clear guidance, and ensuring I receive the best possible care. He takes the time to listen, explain, and support me in every step of my treatment journey. His commitment to staying up to date with the latest medical advancements gives me great confidence that I’m always receiving the most effective and modern treatment options available.

He truly cares for his patients not only medically but also emotionally, making me feel safe, understood, and well taken care of. I am sincerely grateful for his expertise, kindness, and continuous support. Without a doubt, he is one of the best neurologists I have ever met.
Mediclinc you are so lucky having such Doctor",a month ago,i would like to express my deepest appreciation for dr deeb kayed who has been my neurologist for several years throughout this time he has shown exceptional professionalism compassion and dedication to his patients dr kayed has always been there whenever i needed him responding quickly offering clear guidance and ensuring i receive the best possible care he takes the time to listen explain and support me in every step of my treatment journey his commitment to staying up to date with the latest medical advancements gives me great confidence that i m always receiving the most effective and modern treatment options available he truly cares for his patients not only medically but also emotionally making me feel safe understood and well taken care of i am sincerely grateful for his expertise kindness and continuous support without a doubt he is one of the best neurologists i have ever met mediclinc you are so lucky having such doctor,i would like to express my deepest appreciation for dr deeb kayed who has been my neurologist for several years throughout this time he has shown exceptional professionalism compassion and dedication to his patients dr kayed has always been there whenever i needed him responding quickly offering clear guidance and ensuring i receive the best possible care he takes the time to listen explain and support me in every step of my treatment journey his commitment to staying up to date with the latest medical advancements gives me great confidence that i m always receiving the most effective and modern treatment options available he truly cares for his patients not only medically but also emotionally making me feel safe understood and well taken care of i am sincerely grateful for his expertise kindness and continuous support without a doubt he is one of the best neurologists i have ever met mediclinc you are so lucky having such doctor,I would like to express my deep appreciation for dr deeb kayed who have be my neurologist for several year throughout this time he have show exceptional professionalism compassion and dedication to his patient dr kaye have always be there whenever I need he respond quickly offer clear guidance and ensure I receive the well possible care he take the time to listen explain and support I in every step of my treatment journey his commitment to stay up to date with the late medical advancement give I great confidence that I m always receive the most effective and modern treatment option available he truly care for his patient not only medically but also emotionally make I feel safe understand and well take care of I be sincerely grateful for his expertise kindness and continuous support without a doubt he be one of the good neurologist I have ever meet mediclinc you be so lucky have such doctor,POSITIVE,0.999462902545929
Mediclinic_City_Hospital,5.0,"I have to thank the entire NICU team at Mediclinic City Hospital for saving my precious babies. My twin baby girls came earlier into the world and it was with the dedicated care of the NICU doctors and nurses - my babies’ guardian angels that we were able to bring them home.

The twins‘ stay at the NICU was about 5 weeks and everyday I would go there and find the nurses positive, encouraging and ever helpful. they showed us great kindness every day - from taking amazing care of our babies to talking and guiding us every step of the way. The only way I was able to leave my babies every day was because of their guardian angels - the NICU nurses and doctors taking care of them night and day. Even though hospitals are usually gloomy this NICU became my second home and the team like my family. They showed the same attention, kindness and love to my babies as they would to their own children 🥹

I wish I could name every single nurse but the entire team under Dr Abdelazeim, Dr Bharathi, Dr Ahmad, Dr Manal and the brilliant nurses - Jolanta, Baimon, Shiji, Blessie, Emee, Deepa, Sawmya, Josna, Bhavya, Mary Car, Ruby Anne, Charnie, Mary Grace, April, Ruby Anne, Katrina, Anila, Shiny, Elby, Rowena. I apologize if I may have missed anyone but huge thanks to the entire team, I owe them all my kids heathy and safe return home.

the team even celebrated the twins graduation from the NICU by arranging a graduation party for us and several photography sessions throughout our stay ☺️❤️

Words cannot truly do justice but an eternity of gratitude for the brilliant NICU team!

With love,
Parents of Alayna & Amyrah",7 months ago,i have to thank the entire nicu team at mediclinic city hospital for saving my precious babies my twin baby girls came earlier into the world and it was with the dedicated care of the nicu doctors and nurses my babies guardian angels that we were able to bring them home the twins stay at the nicu was about 5 weeks and everyday i would go there and find the nurses positive encouraging and ever helpful they showed us great kindness every day from taking amazing care of our babies to talking and guiding us every step of the way the only way i was able to leave my babies every day was because of their guardian angels the nicu nurses and doctors taking care of them night and day even though hospitals are usually gloomy this nicu became my second home and the team like my family they showed the same attention kindness and love to my babies as they would to their own children i wish i could name every single nurse but the entire team under dr abdelazeim dr bharathi dr ahmad dr manal and the brilliant nurses jolanta baimon shiji blessie emee deepa sawmya josna bhavya mary car ruby anne charnie mary grace april ruby anne katrina anila shiny elby rowena i apologize if i may have missed anyone but huge thanks to the entire team i owe them all my kids heathy and safe return home the team even celebrated the twins graduation from the nicu by arranging a graduation party for us and several photography sessions throughout our stay words cannot truly do justice but an eternity of gratitude for the brilliant nicu team with love parents of alayna amyrah,i have to thank the entire nicu team at mediclinic city hospital for saving my precious babies my twin baby girls came earlier into the world and it was with the dedicated care of the nicu doctors and nurses my babies guardian angels that we were able to bring them home the twins stay at the nicu was about 5 weeks and everyday i would go there and find the nurses positive encouraging and ever helpful they showed us great kindness every day from taking amazing care of our babies to talking and guiding us every step of the way the only way i was able to leave my babies every day was because of their guardian angels the nicu nurses and doctors taking care of them night and day even though hospitals are usually gloomy this nicu became my second home and the team like my family they showed the same attention kindness and love to my babies as they would to their own children i wish i could name every single nurse but the entire team under dr abdelazeim dr bharathi dr ahmad dr manal and the brilliant nurses jolanta baimon shiji blessie emee deepa sawmya josna bhavya mary car ruby anne charnie mary grace april ruby anne katrina anila shiny elby rowena i apologize if i may have missed anyone but huge thanks to the entire team i owe them all my kids heathy and safe return home the team even celebrated the twins graduation from the nicu by arranging a graduation party for us and several photography sessions throughout our stay words cannot truly do justice but an eternity of gratitude for the brilliant nicu team with love parents of alayna amyrah,I have to thank the entire nicu team at mediclinic city hospital for save my precious baby my twin baby girl come early into the world and it be with the dedicated care of the nicu doctor and nurse my baby guardian angel that we be able to bring they home the twin stay at the nicu be about 5 week and everyday I would go there and find the nurse positive encouraging and ever helpful they show we great kindness every day from take amazing care of our baby to talk and guide we every step of the way the only way I be able to leave my baby every day be because of their guardian angel the nicu nurse and doctor take care of they night and day even though hospital be usually gloomy this nicu become my second home and the team like my family they show the same attention kindness and love to my baby as they would to their own child I wish I could name every single nurse but the entire team under dr abdelazeim dr bharathi dr ahmad dr manal and the brilliant nurse jolanta baimon shiji blessie emee deepa sawmya josna bhavya mary car ruby anne charnie mary grace april ruby anne katrina anila shiny elby rowena I apologize if I may have miss anyone but huge thank to the entire team I owe they all my kid heathy and safe return home the team even celebrate the twins graduation from the nicu by arrange a graduation party for we and several photography session throughout our stay word can not truly do justice but an eternity of gratitude for the brilliant nicu team with love parent of alayna amyrah,POSITIVE,0.9997310042381287
Mediclinic_City_Hospital,5.0,"I had a great experience with Dr. Paolo Cellocco and his nurse. The doctor gave thorough attention to my problem, listened carefully, and explained everything clearly. The nurse was helpful and attentive, and I appreciated that they could do an X-ray on the spot — it made the whole visit efficient and convenient. A very professional and caring team. Highly recommend!",a week ago,i had a great experience with dr paolo cellocco and his nurse the doctor gave thorough attention to my problem listened carefully and explained everything clearly the nurse was helpful and attentive and i appreciated that they could do an x ray on the spot it made the whole visit efficient and convenient a very professional and caring team highly recommend,i had a great experience with dr paolo cellocco and his nurse the doctor gave thorough attention to my problem listened carefully and explained everything clearly the nurse was helpful and attentive and i appreciated that they could do an x ray on the spot it made the whole visit efficient and convenient a very professional and caring team highly recommend,I have a great experience with dr paolo cellocco and his nurse the doctor give thorough attention to my problem listen carefully and explain everything clearly the nurse be helpful and attentive and I appreciate that they could do an x ray on the spot it make the whole visit efficient and convenient a very professional and caring team highly recommend,POSITIVE,0.9995469450950623
Mediclinic_City_Hospital,5.0,"To the entire team on the 6th floor Maternity Unit (midwives, nurses, cleaners, and all staff); Thank you from the bottom of my heart for your exceptional care. Every single member of the team was professional, kind, and made my experience so much better.
A special thank you to Corazon. Your big smile, constant kindness, and professionalism made such a difference.
I am truly grateful for your wonderful service.
Additionally, to the dedicated and passionate NICU team on the 5th floor; Thank you for your tireless work. It is clear that you are passionate about your job, and we saw how that passion helps the babies become stronger every day. Your willingness to listen and be there for emotional support or physical support with our baby during day or night meant the world to me!
MCH, your maternity and NICU teams are the absolute best! You should be so proud of the incredible people you have working on the 6th and 5th floors.
Thousands of thanks again!",a week ago,to the entire team on the 6th floor maternity unit midwives nurses cleaners and all staff thank you from the bottom of my heart for your exceptional care every single member of the team was professional kind and made my experience so much better a special thank you to corazon your big smile constant kindness and professionalism made such a difference i am truly grateful for your wonderful service additionally to the dedicated and passionate nicu team on the 5th floor thank you for your tireless work it is clear that you are passionate about your job and we saw how that passion helps the babies become stronger every day your willingness to listen and be there for emotional support or physical support with our baby during day or night meant the world to me mch your maternity and nicu teams are the absolute best you should be so proud of the incredible people you have working on the 6th and 5th floors thousands of thanks again,to the entire team on the 6th floor maternity unit midwives nurses cleaners and all staff thank you from the bottom of my heart for your exceptional care every single member of the team was professional kind and made my experience so much better a special thank you to corazon your big smile constant kindness and professionalism made such a difference i am truly grateful for your wonderful service additionally to the dedicated and passionate nicu team on the 5th floor thank you for your tireless work it is clear that you are passionate about your job and we saw how that passion helps the babies become stronger every day your willingness to listen and be there for emotional support or physical support with our baby during day or night meant the world to me mch your maternity and nicu teams are the absolute best you should be so proud of the incredible people you have working on the 6th and 5th floors thousands of thanks again,to the entire team on the 6th floor maternity unit midwive nurse cleaner and all staff thank you from the bottom of my heart for your exceptional care every single member of the team be professional kind and make my experience so much well a special thank you to corazon your big smile constant kindness and professionalism make such a difference I be truly grateful for your wonderful service additionally to the dedicated and passionate nicu team on the 5th floor thank you for your tireless work it be clear that you be passionate about your job and we see how that passion help the baby become strong every day your willingness to listen and be there for emotional support or physical support with our baby during day or night mean the world to I mch your maternity and nicu team be the absolute good you should be so proud of the incredible people you have work on the 6th and 5th floor thousand of thank again,POSITIVE,0.9998078942298889
Mediclinic_City_Hospital,5.0,"I would like to sincerely thank the entire team at Mediclinic City Hospital for the excellent care and service I received during my delivery.
A special thanks to Dr. Chandan Tikoo from Mediclinic Dubai Mall for her expert guidance and support throughout my pregnancy — her regular check-ups and kind approach truly put me at ease.

My delivery experience at Mediclinic City Hospital was very positive. I felt supported every step of the way by Dr. Chandan, the midwives — especially Titila — and the rest of the staff. They consistently checked on me and my baby, ensured meals and medications were given on time, and were always available to help. As a new mom, the nurses not only cared for me but also taught me what I needed to know to start this new journey with confidence.

On the day of my discharge, Litty clearly explained all medications and the next steps, which I truly appreciated. A few days later, we also visited lactation consultant Somaya Rasooli, whose advice and support were incredibly helpful for both me and my baby.

Thank you to the entire Mediclinic team for your dedication, kindness, and timely care — from pregnancy to motherhood. I’m so grateful for everything you’ve done to support me during this important time in my life.",a month ago,i would like to sincerely thank the entire team at mediclinic city hospital for the excellent care and service i received during my delivery a special thanks to dr chandan tikoo from mediclinic dubai mall for her expert guidance and support throughout my pregnancy her regular check ups and kind approach truly put me at ease my delivery experience at mediclinic city hospital was very positive i felt supported every step of the way by dr chandan the midwives especially titila and the rest of the staff they consistently checked on me and my baby ensured meals and medications were given on time and were always available to help as a new mom the nurses not only cared for me but also taught me what i needed to know to start this new journey with confidence on the day of my discharge litty clearly explained all medications and the next steps which i truly appreciated a few days later we also visited lactation consultant somaya rasooli whose advice and support were incredibly helpful for both me and my baby thank you to the entire mediclinic team for your dedication kindness and timely care from pregnancy to motherhood i m so grateful for everything you ve done to support me during this important time in my life,i would like to sincerely thank the entire team at mediclinic city hospital for the excellent care and service i received during my delivery a special thanks to dr chandan tikoo from mediclinic dubai mall for her expert guidance and support throughout my pregnancy her regular check ups and kind approach truly put me at ease my delivery experience at mediclinic city hospital was very positive i felt supported every step of the way by dr chandan the midwives especially titila and the rest of the staff they consistently checked on me and my baby ensured meals and medications were given on time and were always available to help as a new mom the nurses not only cared for me but also taught me what i needed to know to start this new journey with confidence on the day of my discharge litty clearly explained all medications and the next steps which i truly appreciated a few days later we also visited lactation consultant somaya rasooli whose advice and support were incredibly helpful for both me and my baby thank you to the entire mediclinic team for your dedication kindness and timely care from pregnancy to motherhood i m so grateful for everything you ve done to support me during this important time in my life,I would like to sincerely thank the entire team at mediclinic city hospital for the excellent care and service I receive during my delivery a special thank to dr chandan tikoo from mediclinic dubai mall for her expert guidance and support throughout my pregnancy her regular check up and kind approach truly put I at ease my delivery experience at mediclinic city hospital be very positive I felt support every step of the way by dr chandan the midwife especially titila and the rest of the staff they consistently check on I and my baby ensure meal and medication be give on time and be always available to help as a new mom the nurse not only care for I but also teach I what I need to know to start this new journey with confidence on the day of my discharge litty clearly explain all medication and the next step which I truly appreciate a few day later we also visit lactation consultant somaya rasooli whose advice and support be incredibly helpful for both I and my baby thank you to the entire mediclinic team for your dedication kindness and timely care from pregnancy to motherhood I m so grateful for everything you ve do to support I during this important time in my life,POSITIVE,0.9997653365135193
Mediclinic_City_Hospital,5.0,"I had a wonderful experience with Dr. Mohammed Ansary, Family Medicine Consultant Physician at Mediclinic City Hospital. Despite not having an appointment, he kindly made time to see me. As someone new to Dubai, I truly appreciated his professionalism, warmth, and understanding. Dr. Ansary, who trained in the UK, was incredibly thorough and attentive, he listened carefully, explained everything clearly, and made sure I felt completely comfortable throughout. I left very happy and confident that I’ve found a doctor I can truly trust. He’s 100% going to be my go-to doctor from now on!",2 weeks ago,i had a wonderful experience with dr mohammed ansary family medicine consultant physician at mediclinic city hospital despite not having an appointment he kindly made time to see me as someone new to dubai i truly appreciated his professionalism warmth and understanding dr ansary who trained in the uk was incredibly thorough and attentive he listened carefully explained everything clearly and made sure i felt completely comfortable throughout i left very happy and confident that i ve found a doctor i can truly trust he s 100 going to be my go to doctor from now on,i had a wonderful experience with dr mohammed ansary family medicine consultant physician at mediclinic city hospital despite not having an appointment he kindly made time to see me as someone new to dubai i truly appreciated his professionalism warmth and understanding dr ansary who trained in the uk was incredibly thorough and attentive he listened carefully explained everything clearly and made sure i felt completely comfortable throughout i left very happy and confident that i ve found a doctor i can truly trust he s 100 going to be my go to doctor from now on,I have a wonderful experience with dr mohammed ansary family medicine consultant physician at mediclinic city hospital despite not have an appointment he kindly make time to see I as someone new to dubai I truly appreciate his professionalism warmth and understand dr ansary who train in the uk be incredibly thorough and attentive he listen carefully explain everything clearly and make sure I feel completely comfortable throughout I leave very happy and confident that I ve find a doctor I can truly trust he s 100 go to be my go to doctor from now on,POSITIVE,0.999806821346283
Mediclinic_City_Hospital,5.0,"Hello, my name is Kemal,
and I want to deeply thank the best doctor ever Dr. Roger Gerjy for his incredible care, professionalism, and talent.
I have Crohn’s disease, and he performed a robotic colon surgery for me at Mediclinic.
The surgery was a complete successfully, I started walking on the second day, and by the sixth day, I was walking normally with no pain or complications.

Dr. Gerjy is a truly talented doctor who cares deeply for his patients. He visited me many times every day, always checking on me personally and encouraging me to recover faster. His kindness, dedication, and attention made a huge difference in my healing.

I also want to thank his amazing medical team, the nurses, and the entire Mediclinic Hospital for their outstanding care and support.

Thank you, Dr. Roger Gerjy — you are truly the best, and I will always be grateful for what you’ve done for me. <3",2 weeks ago,hello my name is kemal and i want to deeply thank the best doctor ever dr roger gerjy for his incredible care professionalism and talent i have crohn s disease and he performed a robotic colon surgery for me at mediclinic the surgery was a complete successfully i started walking on the second day and by the sixth day i was walking normally with no pain or complications dr gerjy is a truly talented doctor who cares deeply for his patients he visited me many times every day always checking on me personally and encouraging me to recover faster his kindness dedication and attention made a huge difference in my healing i also want to thank his amazing medical team the nurses and the entire mediclinic hospital for their outstanding care and support thank you dr roger gerjy you are truly the best and i will always be grateful for what you ve done for me 3,hello my name is kemal and i want to deeply thank the best doctor ever dr roger gerjy for his incredible care professionalism and talent i have crohn s disease and he performed a robotic colon surgery for me at mediclinic the surgery was a complete successfully i started walking on the second day and by the sixth day i was walking normally with no pain or complications dr gerjy is a truly talented doctor who cares deeply for his patients he visited me many times every day always checking on me personally and encouraging me to recover faster his kindness dedication and attention made a huge difference in my healing i also want to thank his amazing medical team the nurses and the entire mediclinic hospital for their outstanding care and support thank you dr roger gerjy you are truly the best and i will always be grateful for what you ve done for me 3,hello my name be kemal and I want to deeply thank the good doctor ever dr roger gerjy for his incredible care professionalism and talent I have crohn s disease and he perform a robotic colon surgery for I at mediclinic the surgery be a complete successfully I start walk on the second day and by the sixth day I be walk normally with no pain or complication dr gerjy be a truly talented doctor who care deeply for his patient he visit I many time every day always check on I personally and encourage I to recover fast his kindness dedication and attention make a huge difference in my healing I also want to thank his amazing medical team the nurse and the entire mediclinic hospital for their outstanding care and support thank you dr roger gerjy you be truly the good and I will always be grateful for what you ve do for I 3,POSITIVE,0.9997112154960632
Mediclinic_City_Hospital,5.0,"Dr. Kavita Goswami provided exceptional care and support during one of the most difficult times of my life — my ectopic pregnancy. From the moment of diagnosis to the successful completion of the surgery, she showed incredible professionalism, empathy, and skill. Her ability to clearly explain the situation, answer all our questions with patience, and guide us through every step gave me and my family a sense of comfort and trust during a very overwhelming time.

Beyond her surgical expertise, what stood out most was her genuine compassion. Dr. Kavita went above and beyond to check on my emotional well-being, not just my physical recovery. She made sure my family felt involved and reassured throughout the process, which made a world of difference. We are truly grateful for her care, and I would wholeheartedly recommend her to anyone in need of a doctor who combines medical excellence with heartfelt support.",a month ago,dr kavita goswami provided exceptional care and support during one of the most difficult times of my life my ectopic pregnancy from the moment of diagnosis to the successful completion of the surgery she showed incredible professionalism empathy and skill her ability to clearly explain the situation answer all our questions with patience and guide us through every step gave me and my family a sense of comfort and trust during a very overwhelming time beyond her surgical expertise what stood out most was her genuine compassion dr kavita went above and beyond to check on my emotional well being not just my physical recovery she made sure my family felt involved and reassured throughout the process which made a world of difference we are truly grateful for her care and i would wholeheartedly recommend her to anyone in need of a doctor who combines medical excellence with heartfelt support,dr kavita goswami provided exceptional care and support during one of the most difficult times of my life my ectopic pregnancy from the moment of diagnosis to the successful completion of the surgery she showed incredible professionalism empathy and skill her ability to clearly explain the situation answer all our questions with patience and guide us through every step gave me and my family a sense of comfort and trust during a very overwhelming time beyond her surgical expertise what stood out most was her genuine compassion dr kavita went above and beyond to check on my emotional well being not just my physical recovery she made sure my family felt involved and reassured throughout the process which made a world of difference we are truly grateful for her care and i would wholeheartedly recommend her to anyone in need of a doctor who combines medical excellence with heartfelt support,dr kavita goswami provide exceptional care and support during one of the most difficult time of my life my ectopic pregnancy from the moment of diagnosis to the successful completion of the surgery she show incredible professionalism empathy and skill her ability to clearly explain the situation answer all our question with patience and guide we through every step give I and my family a sense of comfort and trust during a very overwhelming time beyond her surgical expertise what stand out most be her genuine compassion dr kavita go above and beyond to check on my emotional well be not just my physical recovery she make sure my family feel involved and reassure throughout the process which make a world of difference we be truly grateful for her care and I would wholeheartedly recommend she to anyone in need of a doctor who combine medical excellence with heartfelt support,POSITIVE,0.9996269941329956
Mediclinic_City_Hospital,5.0,"I couldn’t be happier with Dr. Ansary! He’s one of those rare doctors who truly listens, takes his time to understand every concern, and explains everything with care and clarity. His calm energy and genuine compassion make every visit feel comfortable and reassuring. I always leave feeling well taken care of and confident in the treatment plan.

It’s clear that Dr. Ansary is dedicated to his patients’ wellbeing — not just physically, but emotionally too. I’m so grateful to have found such a knowledgeable, kind, and trustworthy general doctor. Highly recommend him to anyone looking for exceptional medical care!",3 weeks ago,i couldn t be happier with dr ansary he s one of those rare doctors who truly listens takes his time to understand every concern and explains everything with care and clarity his calm energy and genuine compassion make every visit feel comfortable and reassuring i always leave feeling well taken care of and confident in the treatment plan it s clear that dr ansary is dedicated to his patients wellbeing not just physically but emotionally too i m so grateful to have found such a knowledgeable kind and trustworthy general doctor highly recommend him to anyone looking for exceptional medical care,i couldn t be happier with dr ansary he s one of those rare doctors who truly listens takes his time to understand every concern and explains everything with care and clarity his calm energy and genuine compassion make every visit feel comfortable and reassuring i always leave feeling well taken care of and confident in the treatment plan it s clear that dr ansary is dedicated to his patients wellbeing not just physically but emotionally too i m so grateful to have found such a knowledgeable kind and trustworthy general doctor highly recommend him to anyone looking for exceptional medical care,I couldn t be happy with dr ansary he s one of those rare doctor who truly listen take his time to understand every concern and explain everything with care and clarity his calm energy and genuine compassion make every visit feel comfortable and reassuring I always leave feel well take care of and confident in the treatment plan it s clear that dr ansary be dedicate to his patient wellbee not just physically but emotionally too I m so grateful to have find such a knowledgeable kind and trustworthy general doctor highly recommend he to anyone look for exceptional medical care,POSITIVE,0.9995266199111938
Mediclinic_City_Hospital,5.0,"Dr. Sangeetha has been an amazing support throughout our 9 months of pregnancy. She’s warm, encouraging, and always takes the time to explain everything clearly. She truly felt like family to us, and with her expert guidance, our baby girl arrived perfectly healthy. My wife had a very smooth delivery.
Couldn’t have asked for a better doctor! ❤️",2 weeks ago,dr sangeetha has been an amazing support throughout our 9 months of pregnancy she s warm encouraging and always takes the time to explain everything clearly she truly felt like family to us and with her expert guidance our baby girl arrived perfectly healthy my wife had a very smooth delivery couldn t have asked for a better doctor,dr sangeetha has been an amazing support throughout our 9 months of pregnancy she s warm encouraging and always takes the time to explain everything clearly she truly felt like family to us and with her expert guidance our baby girl arrived perfectly healthy my wife had a very smooth delivery couldn t have asked for a better doctor,dr sangeetha have be an amazing support throughout our 9 month of pregnancy she s warm encouraging and always take the time to explain everything clearly she truly feel like family to we and with her expert guidance our baby girl arrive perfectly healthy my wife have a very smooth delivery couldn t have ask for a well doctor,POSITIVE,0.9998012185096741
Mediclinic_City_Hospital,5.0,"Our first child was welcomed at City Hospital by Dr. Kavita Goswami. As mentioned on her bio on the hospital site , she is easy going , kind hearted and warm in nature . Our experience  was truly awesome , right from detection of pregnancy with her. She made sure that all our concerns and all your queries gets addressed effectively during this  journey of nine months . We are thankful to her for bringing our beautiful child safely in this world by using her skills , experience and her intelligence .

In addition , other doctors who carried out fetal scans , or anesthetists or whom we could able to see only after delivery (pediatrics, lactation consultant etc.) were also generous and supportive . Mid wives, nurses and administrative staff played important role during role and they had carried out their tasks smoothly and efficiently .

In short , words and adjectives are running short to describe about this wonderful experience . We don’t even have to remind or follow up with any of the staff in the hospital during pregnancy . Each and every tasks was very well planned and organized by the hospital staff and administration.

As promised to Dr.Kavita, we will definitely plan our next pregnancy under your medical supervision only .

Thanks Dr.Kavita, Louis and Mediclinic City Hospital for this beautiful experience.",5 months ago,our first child was welcomed at city hospital by dr kavita goswami as mentioned on her bio on the hospital site she is easy going kind hearted and warm in nature our experience was truly awesome right from detection of pregnancy with her she made sure that all our concerns and all your queries gets addressed effectively during this journey of nine months we are thankful to her for bringing our beautiful child safely in this world by using her skills experience and her intelligence in addition other doctors who carried out fetal scans or anesthetists or whom we could able to see only after delivery pediatrics lactation consultant etc were also generous and supportive mid wives nurses and administrative staff played important role during role and they had carried out their tasks smoothly and efficiently in short words and adjectives are running short to describe about this wonderful experience we don t even have to remind or follow up with any of the staff in the hospital during pregnancy each and every tasks was very well planned and organized by the hospital staff and administration as promised to dr kavita we will definitely plan our next pregnancy under your medical supervision only thanks dr kavita louis and mediclinic city hospital for this beautiful experience,our first child was welcomed at city hospital by dr kavita goswami as mentioned on her bio on the hospital site she is easy going kind hearted and warm in nature our experience was truly awesome right from detection of pregnancy with her she made sure that all our concerns and all your queries gets addressed effectively during this journey of nine months we are thankful to her for bringing our beautiful child safely in this world by using her skills experience and her intelligence in addition other doctors who carried out fetal scans or anesthetists or whom we could able to see only after delivery pediatrics lactation consultant etc were also generous and supportive mid wives nurses and administrative staff played important role during role and they had carried out their tasks smoothly and efficiently in short words and adjectives are running short to describe about this wonderful experience we don t even have to remind or follow up with any of the staff in the hospital during pregnancy each and every tasks was very well planned and organized by the hospital staff and administration as promised to dr kavita we will definitely plan our next pregnancy under your medical supervision only thanks dr kavita louis and mediclinic city hospital for this beautiful experience,our first child be welcome at city hospital by dr kavita goswami as mention on her bio on the hospital site she be easy go kind hearted and warm in nature our experience be truly awesome right from detection of pregnancy with she she make sure that all our concern and all your query get address effectively during this journey of nine month we be thankful to she for bring our beautiful child safely in this world by use her skill experience and her intelligence in addition other doctor who carry out fetal scan or anesthetist or whom we could able to see only after delivery pediatric lactation consultant etc be also generous and supportive mid wife nurse and administrative staff play important role during role and they have carry out their task smoothly and efficiently in short word and adjective be run short to describe about this wonderful experience we don t even have to remind or follow up with any of the staff in the hospital during pregnancy each and every task be very well plan and organize by the hospital staff and administration as promise to dr kavita we will definitely plan our next pregnancy under your medical supervision only thanks dr kavita louis and mediclinic city hospital for this beautiful experience,POSITIVE,0.9996707439422607
Mediclinic_City_Hospital,5.0,"I had a V-NOTES surgery at Mediclinic City Hospital for adenomyosis and fibroids, and I couldn’t have asked for a better experience. Dr. Kavita Goswami was absolutely outstanding, knowledgeable, skilled, and genuinely compassionate.

Before the surgery, I was anxious and unsure about what to expect, especially after years of dealing with painful symptoms. From the first consultation, Dr. Kavita took time to explain everything clearly and helped me understand that V-NOTES would allow for a minimally invasive, scar-free surgery while conserving my ovaries. The surgery went beautifully, and my recovery was incredibly smooth — I was up and walking within a day and felt like myself again far sooner than expected.

What impressed me most was not only her surgical expertise but also the compassion and reassurance throughout the process. The whole Mediclinic City Hospital team — from the nurses to the anesthetist — were kind, professional, and attentive.

I am so grateful to Dr. Kavita Goswami and the team for giving me such an excellent outcome and a positive experience. I would highly recommend Dr. Kavita to anyone considering V-NOTES or any gynaecological surgery or treatments.",3 weeks ago,i had a v notes surgery at mediclinic city hospital for adenomyosis and fibroids and i couldn t have asked for a better experience dr kavita goswami was absolutely outstanding knowledgeable skilled and genuinely compassionate before the surgery i was anxious and unsure about what to expect especially after years of dealing with painful symptoms from the first consultation dr kavita took time to explain everything clearly and helped me understand that v notes would allow for a minimally invasive scar free surgery while conserving my ovaries the surgery went beautifully and my recovery was incredibly smooth i was up and walking within a day and felt like myself again far sooner than expected what impressed me most was not only her surgical expertise but also the compassion and reassurance throughout the process the whole mediclinic city hospital team from the nurses to the anesthetist were kind professional and attentive i am so grateful to dr kavita goswami and the team for giving me such an excellent outcome and a positive experience i would highly recommend dr kavita to anyone considering v notes or any gynaecological surgery or treatments,i had a v notes surgery at mediclinic city hospital for adenomyosis and fibroids and i couldn t have asked for a better experience dr kavita goswami was absolutely outstanding knowledgeable skilled and genuinely compassionate before the surgery i was anxious and unsure about what to expect especially after years of dealing with painful symptoms from the first consultation dr kavita took time to explain everything clearly and helped me understand that v notes would allow for a minimally invasive scar free surgery while conserving my ovaries the surgery went beautifully and my recovery was incredibly smooth i was up and walking within a day and felt like myself again far sooner than expected what impressed me most was not only her surgical expertise but also the compassion and reassurance throughout the process the whole mediclinic city hospital team from the nurses to the anesthetist were kind professional and attentive i am so grateful to dr kavita goswami and the team for giving me such an excellent outcome and a positive experience i would highly recommend dr kavita to anyone considering v notes or any gynaecological surgery or treatments,I have a v note surgery at mediclinic city hospital for adenomyosis and fibroid and I couldn t have ask for a well experience dr kavita goswami be absolutely outstanding knowledgeable skilled and genuinely compassionate before the surgery I be anxious and unsure about what to expect especially after year of deal with painful symptom from the first consultation dr kavita take time to explain everything clearly and help I understand that v note would allow for a minimally invasive scar free surgery while conserve my ovary the surgery go beautifully and my recovery be incredibly smooth I be up and walk within a day and feel like myself again far soon than expect what impress I most be not only her surgical expertise but also the compassion and reassurance throughout the process the whole mediclinic city hospital team from the nurse to the anesthetist be kind professional and attentive I be so grateful to dr kavita goswami and the team for give I such an excellent outcome and a positive experience I would highly recommend dr kavita to anyone consider v note or any gynaecological surgery or treatment,POSITIVE,0.9964087605476379
Mediclinic_City_Hospital,5.0,"I had a wonderful experience with Dr. Jennifer George at Mediclinic City Hospital, Dubai. My daughter was born with low birth weight, and Dr. Jennifer was incredibly kind, calm, and reassuring. She took her time to explain everything clearly, checked my baby so gently, and gave me the confidence and guidance I needed to help her gain weight.

My other daughter was also born preterm, and that journey was very difficult. I didn’t receive the proper care or support back then, and her weight gain was a real struggle. It’s all in God’s hands, but I truly wish I had found Dr. Jennifer earlier. She made such a big difference this time not just medically, but emotionally as well.

She also looks after all my kids now, and every time she’s patient, sweet, and very thorough. After some disappointing experiences with other pediatric and NICU doctors, meeting her has been such a blessing. She’s truly excellent at what she does and genuinely cares for both the baby and the mother. Highly, highly recommend her to any parent, especially those with premature or low birth weight babies.",2 weeks ago,i had a wonderful experience with dr jennifer george at mediclinic city hospital dubai my daughter was born with low birth weight and dr jennifer was incredibly kind calm and reassuring she took her time to explain everything clearly checked my baby so gently and gave me the confidence and guidance i needed to help her gain weight my other daughter was also born preterm and that journey was very difficult i didn t receive the proper care or support back then and her weight gain was a real struggle it s all in god s hands but i truly wish i had found dr jennifer earlier she made such a big difference this time not just medically but emotionally as well she also looks after all my kids now and every time she s patient sweet and very thorough after some disappointing experiences with other pediatric and nicu doctors meeting her has been such a blessing she s truly excellent at what she does and genuinely cares for both the baby and the mother highly highly recommend her to any parent especially those with premature or low birth weight babies,i had a wonderful experience with dr jennifer george at mediclinic city hospital dubai my daughter was born with low birth weight and dr jennifer was incredibly kind calm and reassuring she took her time to explain everything clearly checked my baby so gently and gave me the confidence and guidance i needed to help her gain weight my other daughter was also born preterm and that journey was very difficult i didn t receive the proper care or support back then and her weight gain was a real struggle it s all in god s hands but i truly wish i had found dr jennifer earlier she made such a big difference this time not just medically but emotionally as well she also looks after all my kids now and every time she s patient sweet and very thorough after some disappointing experiences with other pediatric and nicu doctors meeting her has been such a blessing she s truly excellent at what she does and genuinely cares for both the baby and the mother highly highly recommend her to any parent especially those with premature or low birth weight babies,I have a wonderful experience with dr jennifer george at mediclinic city hospital dubai my daughter be bear with low birth weight and dr jennifer be incredibly kind calm and reassuring she take her time to explain everything clearly check my baby so gently and give I the confidence and guidance I need to help she gain weight my other daughter be also bear preterm and that journey be very difficult I didn t receive the proper care or support back then and her weight gain be a real struggle it s all in god s hand but I truly wish I have find dr jennifer early she make such a big difference this time not just medically but emotionally as well she also look after all my kid now and every time she s patient sweet and very thorough after some disappointing experience with other pediatric and nicu doctor meet she have be such a blessing she s truly excellent at what she do and genuinely care for both the baby and the mother highly highly recommend she to any parent especially those with premature or low birth weight baby,POSITIVE,0.9961689114570618
Mediclinic_City_Hospital,5.0,"Heartfelt Thanks to Mediclinic City Hospital (PICU)

My 4-year-old son Abhijay was admitted to the PICU 4 at Mediclinic City Hospital from October 18th to 23rd, 2025. Those days were some of the hardest moments of our lives — seeing our little boy unwell and feeling helpless as parents was truly painful.

But in those difficult days, we found comfort and hope in the hands of the amazing doctors and nurses at Mediclinic. Especially the duty nurses — they are nothing short of angels sent by God. The way they cared for my son, the gentle words, the patience, and the way they handled everything with so much love and professionalism — it truly touched our hearts.

They treated our child not just as a patient, but with the same care and affection as if he were their own. Every smile, every comforting word, every sleepless night they spent caring for him meant the world to us.

From the bottom of our hearts, we want to say thank you to each and every one of you. Your kindness, dedication, and compassion will always be remembered.",2 weeks ago,heartfelt thanks to mediclinic city hospital picu my 4 year old son abhijay was admitted to the picu 4 at mediclinic city hospital from october 18th to 23rd 2025 those days were some of the hardest moments of our lives seeing our little boy unwell and feeling helpless as parents was truly painful but in those difficult days we found comfort and hope in the hands of the amazing doctors and nurses at mediclinic especially the duty nurses they are nothing short of angels sent by god the way they cared for my son the gentle words the patience and the way they handled everything with so much love and professionalism it truly touched our hearts they treated our child not just as a patient but with the same care and affection as if he were their own every smile every comforting word every sleepless night they spent caring for him meant the world to us from the bottom of our hearts we want to say thank you to each and every one of you your kindness dedication and compassion will always be remembered,heartfelt thanks to mediclinic city hospital picu my 4 year old son abhijay was admitted to the picu 4 at mediclinic city hospital from october 18th to 23rd 2025 those days were some of the hardest moments of our lives seeing our little boy unwell and feeling helpless as parents was truly painful but in those difficult days we found comfort and hope in the hands of the amazing doctors and nurses at mediclinic especially the duty nurses they are nothing short of angels sent by god the way they cared for my son the gentle words the patience and the way they handled everything with so much love and professionalism it truly touched our hearts they treated our child not just as a patient but with the same care and affection as if he were their own every smile every comforting word every sleepless night they spent caring for him meant the world to us from the bottom of our hearts we want to say thank you to each and every one of you your kindness dedication and compassion will always be remembered,heartfelt thank to mediclinic city hospital picu my 4 year old son abhijay be admit to the picu 4 at mediclinic city hospital from october 18th to 23rd 2025 those day be some of the hard moment of our life see our little boy unwell and feel helpless as parent be truly painful but in those difficult day we find comfort and hope in the hand of the amazing doctor and nurse at mediclinic especially the duty nurse they be nothing short of angel send by god the way they care for my son the gentle word the patience and the way they handle everything with so much love and professionalism it truly touch our heart they treat our child not just as a patient but with the same care and affection as if he be their own every smile every comforting word every sleepless night they spend care for he mean the world to we from the bottom of our heart we want to say thank you to each and every one of you your kindness dedication and compassion will always be remember,POSITIVE,0.9981916546821594
Mediclinic_City_Hospital,5.0,"I have been a patient of Dr. Valentina Giaccaglia over several years for a chronic issue, which eventually needed to be fixed through surgery.
I highly recommend Dr Valentina as she is a very professional and knowledgeable doctor. At the same time, she is caring and empathetic, always patient and attentive to my concerns.
At each appointment Dr. Valentina took ample time to listen to my issue and to thoroughly check. She started with a conservative approach for the issue, and proceeded with recommending minimally invasive surgery since the issue was reoccurring.
Surgery went great, as well as the recovery after. Dr. Valentina was very reassuring, before and after, which removed a lot of the anxiety that would usually come with having to go through a surgery. She was available to attend to any concern post surgery via messages to which she replied swiftly.
It was great to be treated by Dr. Valentina as she is a great doctor and a great human, above all.",a month ago,i have been a patient of dr valentina giaccaglia over several years for a chronic issue which eventually needed to be fixed through surgery i highly recommend dr valentina as she is a very professional and knowledgeable doctor at the same time she is caring and empathetic always patient and attentive to my concerns at each appointment dr valentina took ample time to listen to my issue and to thoroughly check she started with a conservative approach for the issue and proceeded with recommending minimally invasive surgery since the issue was reoccurring surgery went great as well as the recovery after dr valentina was very reassuring before and after which removed a lot of the anxiety that would usually come with having to go through a surgery she was available to attend to any concern post surgery via messages to which she replied swiftly it was great to be treated by dr valentina as she is a great doctor and a great human above all,i have been a patient of dr valentina giaccaglia over several years for a chronic issue which eventually needed to be fixed through surgery i highly recommend dr valentina as she is a very professional and knowledgeable doctor at the same time she is caring and empathetic always patient and attentive to my concerns at each appointment dr valentina took ample time to listen to my issue and to thoroughly check she started with a conservative approach for the issue and proceeded with recommending minimally invasive surgery since the issue was reoccurring surgery went great as well as the recovery after dr valentina was very reassuring before and after which removed a lot of the anxiety that would usually come with having to go through a surgery she was available to attend to any concern post surgery via messages to which she replied swiftly it was great to be treated by dr valentina as she is a great doctor and a great human above all,I have be a patient of dr valentina giaccaglia over several year for a chronic issue which eventually need to be fix through surgery I highly recommend dr valentina as she be a very professional and knowledgeable doctor at the same time she be care and empathetic always patient and attentive to my concern at each appointment dr valentina take ample time to listen to my issue and to thoroughly check she start with a conservative approach for the issue and proceed with recommend minimally invasive surgery since the issue be reoccurre surgery go great as well as the recovery after dr valentina be very reassuring before and after which remove a lot of the anxiety that would usually come with have to go through a surgery she be available to attend to any concern post surgery via message to which she reply swiftly it be great to be treat by dr valentina as she be a great doctor and a great human above all,POSITIVE,0.9954322576522827
Mediclinic_City_Hospital,4.0,"We had a very positive experience with medical care and the labor and delivery ward for the birth of our child. The midwife in particular was kind, patient, and made us feel taken care of, more than just another patient or task in her day. The new delivery rooms were nice and we felt like we had all options needed for a good birth experience.

Overall the hospital bureaucracy and layout can still be confusing, but we were very happy with the midwives and delivery experience.",5 days ago,we had a very positive experience with medical care and the labor and delivery ward for the birth of our child the midwife in particular was kind patient and made us feel taken care of more than just another patient or task in her day the new delivery rooms were nice and we felt like we had all options needed for a good birth experience overall the hospital bureaucracy and layout can still be confusing but we were very happy with the midwives and delivery experience,we had a very positive experience with medical care and the labor and delivery ward for the birth of our child the midwife in particular was kind patient and made us feel taken care of more than just another patient or task in her day the new delivery rooms were nice and we felt like we had all options needed for a good birth experience overall the hospital bureaucracy and layout can still be confusing but we were very happy with the midwives and delivery experience,we have a very positive experience with medical care and the labor and delivery ward for the birth of our child the midwife in particular be kind patient and make we feel take care of more than just another patient or task in her day the new delivery room be nice and we feel like we have all option need for a good birth experience overall the hospital bureaucracy and layout can still be confusing but we be very happy with the midwife and delivery experience,POSITIVE,0.9996312856674194
Mediclinic_City_Hospital,5.0,"The ER team is beyond what words can relay!

First, the legendary Dr. Anzal Rehman…

Thank you from the bottom of my heart for your amazing, culturally-sensitive, humble, knowledgeable, and well-planned approach to my mother’s case.

As a physician, I can see any thought processes taking place in a healthcare giver’s mind when counseling the patient and their family, and Dr. Anzal Rehman is definitely top-tier!

Although both my mother and I are physicians (and haven’t disclosed it till the end of initial counseling session), he avoided medical jargons and followed every exact (100% Mark) communication skill and clinical approach guideline.

I cannot recommend him enough!
He will definitely be reaching high hills in his field and is also an optimal candidate for teaching medical students, interns, residents, and other physicians how to truly approach a patient!

And don’t get me started on the Triage’s RN Anna Sheryan and the ER’s RN Ana Badajos! They were both extremely empathetic, kind, gentle, and efficient!

They wasted no time in recognizing my mother’s category, transporting her to the room, positioning her, starting her primary survey, putting her on oxygen, and have worked in harmony like merciful bees in a hive!

I’m writing this on the spot, as I am truly impressed by the team!

If you need to seek medical care, look no further than Mediclinic City Hospital in Dubai Healthcare City! The whole team is amazing, and if you happen to encounter the heroes in my tale, well then, you just got a double-win!",2 months ago,the er team is beyond what words can relay first the legendary dr anzal rehman thank you from the bottom of my heart for your amazing culturally sensitive humble knowledgeable and well planned approach to my mother s case as a physician i can see any thought processes taking place in a healthcare giver s mind when counseling the patient and their family and dr anzal rehman is definitely top tier although both my mother and i are physicians and haven t disclosed it till the end of initial counseling session he avoided medical jargons and followed every exact 100 mark communication skill and clinical approach guideline i cannot recommend him enough he will definitely be reaching high hills in his field and is also an optimal candidate for teaching medical students interns residents and other physicians how to truly approach a patient and don t get me started on the triage s rn anna sheryan and the er s rn ana badajos they were both extremely empathetic kind gentle and efficient they wasted no time in recognizing my mother s category transporting her to the room positioning her starting her primary survey putting her on oxygen and have worked in harmony like merciful bees in a hive i m writing this on the spot as i am truly impressed by the team if you need to seek medical care look no further than mediclinic city hospital in dubai healthcare city the whole team is amazing and if you happen to encounter the heroes in my tale well then you just got a double win,the er team is beyond what words can relay first the legendary dr anzal rehman thank you from the bottom of my heart for your amazing culturally sensitive humble knowledgeable and well planned approach to my mother s case as a physician i can see any thought processes taking place in a healthcare giver s mind when counseling the patient and their family and dr anzal rehman is definitely top tier although both my mother and i are physicians and haven t disclosed it till the end of initial counseling session he avoided medical jargons and followed every exact 100 mark communication skill and clinical approach guideline i cannot recommend him enough he will definitely be reaching high hills in his field and is also an optimal candidate for teaching medical students interns residents and other physicians how to truly approach a patient and don t get me started on the triage s rn anna sheryan and the er s rn ana badajos they were both extremely empathetic kind gentle and efficient they wasted no time in recognizing my mother s category transporting her to the room positioning her starting her primary survey putting her on oxygen and have worked in harmony like merciful bees in a hive i m writing this on the spot as i am truly impressed by the team if you need to seek medical care look no further than mediclinic city hospital in dubai healthcare city the whole team is amazing and if you happen to encounter the heroes in my tale well then you just got a double win,the er team be beyond what word can relay first the legendary dr anzal rehman thank you from the bottom of my heart for your amazing culturally sensitive humble knowledgeable and well plan approach to my mother s case as a physician I can see any thought process take place in a healthcare giver s mind when counsel the patient and their family and dr anzal rehman be definitely top tier although both my mother and I be physician and haven t disclose it till the end of initial counseling session he avoid medical jargon and follow every exact 100 mark communication skill and clinical approach guideline I can not recommend he enough he will definitely be reach high hill in his field and be also an optimal candidate for teach medical student intern resident and other physician how to truly approach a patient and don t get I start on the triage s rn anna sheryan and the er s rn ana badajos they be both extremely empathetic kind gentle and efficient they waste no time in recognize my mother s category transport she to the room position she start her primary survey put she on oxygen and have work in harmony like merciful bee in a hive I m write this on the spot as I be truly impressed by the team if you need to seek medical care look no far than mediclinic city hospital in dubai healthcare city the whole team be amazing and if you happen to encounter the hero in my tale well then you just get a double win,POSITIVE,0.9995902180671692
Mediclinic_City_Hospital,5.0,"The staff at Mediclinic are truly accommodating and welcoming. I recently had my birth experience at MCH, and everything went smoothly—from doctor check-ups to delivery. Special thanks to the wonderful team who took care of me during my C-section, especially my OB, Dr. Kavita, for ensuring a safe and smooth delivery.

I’m also deeply grateful to the NICU team for looking after my baby during the two days of observation, as well as the Postnatal Ward team—from the attentive nurses to the room service staff—for their exceptional care. Despite ongoing renovations in some areas, it never affected patient comfort, which speaks volumes about their dedication. Kudos to everyone for making this journey such a positive experience!",a month ago,the staff at mediclinic are truly accommodating and welcoming i recently had my birth experience at mch and everything went smoothly from doctor check ups to delivery special thanks to the wonderful team who took care of me during my c section especially my ob dr kavita for ensuring a safe and smooth delivery i m also deeply grateful to the nicu team for looking after my baby during the two days of observation as well as the postnatal ward team from the attentive nurses to the room service staff for their exceptional care despite ongoing renovations in some areas it never affected patient comfort which speaks volumes about their dedication kudos to everyone for making this journey such a positive experience,the staff at mediclinic are truly accommodating and welcoming i recently had my birth experience at mch and everything went smoothly from doctor check ups to delivery special thanks to the wonderful team who took care of me during my c section especially my ob dr kavita for ensuring a safe and smooth delivery i m also deeply grateful to the nicu team for looking after my baby during the two days of observation as well as the postnatal ward team from the attentive nurses to the room service staff for their exceptional care despite ongoing renovations in some areas it never affected patient comfort which speaks volumes about their dedication kudos to everyone for making this journey such a positive experience,the staff at mediclinic be truly accommodate and welcome I recently have my birth experience at mch and everything go smoothly from doctor check up to delivery special thank to the wonderful team who take care of I during my c section especially my ob dr kavita for ensure a safe and smooth delivery I m also deeply grateful to the nicu team for look after my baby during the two day of observation as well as the postnatal ward team from the attentive nurse to the room service staff for their exceptional care despite ongoing renovation in some area it never affect patient comfort which speak volume about their dedication kudo to everyone for make this journey such a positive experience,POSITIVE,0.9998112320899963
Mediclinic_City_Hospital,5.0,"I had a shoulder surgery here last week and the whole experience was excellent. From the smooth admission process to the comfortable and clean room, everything was handled with great care. The doctors and nurses were attentive, professional, and genuinely supportive throughout my stay. Even the meals and overall hygiene of the private room exceeded my expectations. Recovery went well, and I felt truly well looked after during the overnight stay. A special thank you to my surgeon, Dr. Ahmed Yacoub, for his exceptional care and skill.",a month ago,i had a shoulder surgery here last week and the whole experience was excellent from the smooth admission process to the comfortable and clean room everything was handled with great care the doctors and nurses were attentive professional and genuinely supportive throughout my stay even the meals and overall hygiene of the private room exceeded my expectations recovery went well and i felt truly well looked after during the overnight stay a special thank you to my surgeon dr ahmed yacoub for his exceptional care and skill,i had a shoulder surgery here last week and the whole experience was excellent from the smooth admission process to the comfortable and clean room everything was handled with great care the doctors and nurses were attentive professional and genuinely supportive throughout my stay even the meals and overall hygiene of the private room exceeded my expectations recovery went well and i felt truly well looked after during the overnight stay a special thank you to my surgeon dr ahmed yacoub for his exceptional care and skill,I have a shoulder surgery here last week and the whole experience be excellent from the smooth admission process to the comfortable and clean room everything be handle with great care the doctor and nurse be attentive professional and genuinely supportive throughout my stay even the meal and overall hygiene of the private room exceed my expectation recovery go well and I felt truly well look after during the overnight stay a special thank you to my surgeon dr ahmed yacoub for his exceptional care and skill,POSITIVE,0.9997422099113464
Mediclinic_City_Hospital,5.0,"I have been going to Mediclinic City Hospital. for my follow up check-ups. As a history I had to undergo a brain procedure where they had to insert a flow diverter stent in my right carotid artery. This will avoid  the artery from rupturing thus preventing stroke. Dr. Kassem El Shunnar is the best in his field. He was able to give me a very clear explanation about the status of my stent and its progress. He is very caring and intentional to his patients. I would also thank his nurse Ms. Lerma for also assisting my needs and even calling me to update on my requests. They also have the best Neuroradiologist Dr. Rosario Papa. He handled my case with utmost professionalism and genuine care. Very skilled in his chosen craft.

And of course how could II forget my Nephrologist Dr. Imane Guermah. From the time I met her and took my case we felt her genuine care and love. She is very intentional checking on me by whatsapp messaging my wife. Checking my BP, food intake and even my sleep. She already made a plan on how to take care of my kidneys. And did I mention that it was through her initiative to get my brain MRI  that the aneurysm in my brain was found out and was treated. That shows her tremendous knowledge about her chosen field. She gave us inspiration to even train my eldest daughter to be a Nephro like her.

Everyday I thank God for these people who are taking good care of me. Grateful to have met them and very happy with the care they are giving me. God bless you all.

No photos due to confidentiality. 😊",3 months ago,i have been going to mediclinic city hospital for my follow up check ups as a history i had to undergo a brain procedure where they had to insert a flow diverter stent in my right carotid artery this will avoid the artery from rupturing thus preventing stroke dr kassem el shunnar is the best in his field he was able to give me a very clear explanation about the status of my stent and its progress he is very caring and intentional to his patients i would also thank his nurse ms lerma for also assisting my needs and even calling me to update on my requests they also have the best neuroradiologist dr rosario papa he handled my case with utmost professionalism and genuine care very skilled in his chosen craft and of course how could ii forget my nephrologist dr imane guermah from the time i met her and took my case we felt her genuine care and love she is very intentional checking on me by whatsapp messaging my wife checking my bp food intake and even my sleep she already made a plan on how to take care of my kidneys and did i mention that it was through her initiative to get my brain mri that the aneurysm in my brain was found out and was treated that shows her tremendous knowledge about her chosen field she gave us inspiration to even train my eldest daughter to be a nephro like her everyday i thank god for these people who are taking good care of me grateful to have met them and very happy with the care they are giving me god bless you all no photos due to confidentiality,i have been going to mediclinic city hospital for my follow up check ups as a history i had to undergo a brain procedure where they had to insert a flow diverter stent in my right carotid artery this will avoid the artery from rupturing thus preventing stroke dr kassem el shunnar is the best in his field he was able to give me a very clear explanation about the status of my stent and its progress he is very caring and intentional to his patients i would also thank his nurse ms lerma for also assisting my needs and even calling me to update on my requests they also have the best neuroradiologist dr rosario papa he handled my case with utmost professionalism and genuine care very skilled in his chosen craft and of course how could ii forget my nephrologist dr imane guermah from the time i met her and took my case we felt her genuine care and love she is very intentional checking on me by whatsapp messaging my wife checking my bp food intake and even my sleep she already made a plan on how to take care of my kidneys and did i mention that it was through her initiative to get my brain mri that the aneurysm in my brain was found out and was treated that shows her tremendous knowledge about her chosen field she gave us inspiration to even train my eldest daughter to be a nephro like her everyday i thank god for these people who are taking good care of me grateful to have met them and very happy with the care they are giving me god bless you all no photos due to confidentiality,I have be go to mediclinic city hospital for my follow up check up as a history I have to undergo a brain procedure where they have to insert a flow diverter stent in my right carotid artery this will avoid the artery from rupture thus prevent stroke dr kassem el shunnar be the good in his field he be able to give I a very clear explanation about the status of my stent and its progress he be very caring and intentional to his patient I would also thank his nurse ms lerma for also assist my need and even call I to update on my request they also have the good neuroradiologist dr rosario papa he handle my case with utmost professionalism and genuine care very skilled in his choose craft and of course how could ii forget my nephrologist dr imane guermah from the time I meet she and take my case we feel her genuine care and love she be very intentional checking on I by whatsapp message my wife check my bp food intake and even my sleep she already make a plan on how to take care of my kidney and do I mention that it be through her initiative to get my brain mri that the aneurysm in my brain be find out and be treat that show her tremendous knowledge about her choose field she give we inspiration to even train my eld daughter to be a nephro like she everyday I thank god for these people who be take good care of I grateful to have meet they and very happy with the care they be give I god bless you all no photo due to confidentiality,POSITIVE,0.9875172972679138
Mediclinic_City_Hospital,5.0,"I truly appreciate the incredible care and dedication shown throughout my daughter’s surgery. From the moment we arrived, the team welcomed her with smiles and positivity, helping her walk into the operating room feeling calm and reassured. Even after the procedure, the staff remained attentive and supportive, always available for any treatment she needed.

A special thank you to Dr. Yasser Abdul Razzak for his continuous follow-up and unwavering support. His presence and availability at every stage meant a great deal to our family.",a month ago,i truly appreciate the incredible care and dedication shown throughout my daughter s surgery from the moment we arrived the team welcomed her with smiles and positivity helping her walk into the operating room feeling calm and reassured even after the procedure the staff remained attentive and supportive always available for any treatment she needed a special thank you to dr yasser abdul razzak for his continuous follow up and unwavering support his presence and availability at every stage meant a great deal to our family,i truly appreciate the incredible care and dedication shown throughout my daughter s surgery from the moment we arrived the team welcomed her with smiles and positivity helping her walk into the operating room feeling calm and reassured even after the procedure the staff remained attentive and supportive always available for any treatment she needed a special thank you to dr yasser abdul razzak for his continuous follow up and unwavering support his presence and availability at every stage meant a great deal to our family,I truly appreciate the incredible care and dedication show throughout my daughter s surgery from the moment we arrive the team welcome she with smile and positivity help she walk into the operating room feel calm and reassure even after the procedure the staff remain attentive and supportive always available for any treatment she need a special thank you to dr yasser abdul razzak for his continuous follow up and unwavere support his presence and availability at every stage mean a great deal to our family,POSITIVE,0.9996852874755859
Mediclinic_City_Hospital,5.0,"Dr Sangeeta at Mediclinic city hospital is not only highly qualified but also very passionate about her job. It shows through her work, she deeply cares for her patients and in a very calm and confident manner handles any situation which is very important if you have been told you have a high risk pregnancy. The way she delivers the fetal scan reports without causing panic or fear is very important to stay positive throughout your pregnancy. She makes sure to double check every detail. She is also very up to date with the latest research.The whole experience of C-section was pain free and recovery was very smooth and post surgery she regularly checked in to ensure the baby and I were doing fine and there was no concern with the baby or discomfort for me. Overall she played a pivotal role throughout my pregnancy journey as well as postpartum",a month ago,dr sangeeta at mediclinic city hospital is not only highly qualified but also very passionate about her job it shows through her work she deeply cares for her patients and in a very calm and confident manner handles any situation which is very important if you have been told you have a high risk pregnancy the way she delivers the fetal scan reports without causing panic or fear is very important to stay positive throughout your pregnancy she makes sure to double check every detail she is also very up to date with the latest research the whole experience of c section was pain free and recovery was very smooth and post surgery she regularly checked in to ensure the baby and i were doing fine and there was no concern with the baby or discomfort for me overall she played a pivotal role throughout my pregnancy journey as well as postpartum,dr sangeeta at mediclinic city hospital is not only highly qualified but also very passionate about her job it shows through her work she deeply cares for her patients and in a very calm and confident manner handles any situation which is very important if you have been told you have a high risk pregnancy the way she delivers the fetal scan reports without causing panic or fear is very important to stay positive throughout your pregnancy she makes sure to double check every detail she is also very up to date with the latest research the whole experience of c section was pain free and recovery was very smooth and post surgery she regularly checked in to ensure the baby and i were doing fine and there was no concern with the baby or discomfort for me overall she played a pivotal role throughout my pregnancy journey as well as postpartum,dr sangeeta at mediclinic city hospital be not only highly qualified but also very passionate about her job it show through her work she deeply care for her patient and in a very calm and confident manner handle any situation which be very important if you have be tell you have a high risk pregnancy the way she deliver the fetal scan report without cause panic or fear be very important to stay positive throughout your pregnancy she make sure to double check every detail she be also very up to date with the late research the whole experience of c section be pain free and recovery be very smooth and post surgery she regularly check in to ensure the baby and I be do fine and there be no concern with the baby or discomfort for I overall she play a pivotal role throughout my pregnancy journey as well as postpartum,POSITIVE,0.9996918439865112
Mediclinic_City_Hospital,2.0,"Complaint Regarding Decline in Service Quality at Mediclinic City Hospital

I have been a loyal patient at Mediclinic for over four years. In the past, my experience was excellent, and I trusted your services fully. Unfortunately, over the last two years, the quality of care at City Hospital has declined significantly. I am compelled to raise the following concerns:

1. Misdiagnosis and Negligence (Husband’s Case)
Two years ago, my husband visited the hospital due to bleeding. After a check-up, the doctor concluded that “all is fine.” Recently, we discovered he has gallbladder stones, which by now have grown so large they cannot be dissolved. This represents a clear case of medical negligence. Despite submitting a formal complaint, the representative who contacted us excused and defended the doctor instead of acknowledging responsibility. Until today, no corrective action has been taken.

2. Emergency Visit – Broken Sample and Lack of Communication
I visited the emergency department with severe pain, fever, and diarrhea. I was discharged and asked to leave stool samples for testing. After 15 days, during another appointment, I was informed that the test results never came out because the sample containers were broken. No one contacted me to inform me of this failure, leaving my condition untreated and unresolved.

3. Influenza Diagnosis – Missing Critical Prescription
Two days ago, I was admitted again with 40.2°C fever, chest pain, cough, headache, and body pain. I was diagnosed with influenza, and the doctor clearly stated Tamiflu would be prescribed. However, upon reviewing my medications later, I realized Tamiflu was never given — despite being the primary treatment for influenza. This is a serious error that put my health at risk.

4. Pediatrician department
We came running with our baby with high fever to see if we can get a walking appointment, Pediatrician replied to us: ""go to emergency because I am in a photo shooting right now"" in this a proper and professional answer?

5. General Decline in Patient Care
While there are a few excellent doctors who truly care for their patients, many others appear to treat patients as tasks, without empathy or proper attention. Often, patients feel rushed or dismissed instead of being properly heard. This mechanical, “robotic” approach is very concerning, because we aren't taking this health service for free,  through our insurance a lot of money has been paid.

6. Cultural Representation of Staff
Given Dubai’s multicultural environment, I strongly recommend Mediclinic consider hiring more doctors and nurses from diverse nationalities. Patients often feel more comfortable expressing sensitive issues in a culturally familiar environment, which would improve trust and satisfaction.

These repeated incidents reflect a pattern of negligence, poor communication, and lack of accountability. Mediclinic was once a trusted name for my family, but my recent experiences at City Hospital have left us deeply disappointed and concerned for our safety as patients.

I urge you to take immediate corrective action, investigate these cases properly, and ensure higher standards of patient care are restored. Otherwise, you risk losing the trust of long-standing patients like myself.",a month ago,complaint regarding decline in service quality at mediclinic city hospital i have been a loyal patient at mediclinic for over four years in the past my experience was excellent and i trusted your services fully unfortunately over the last two years the quality of care at city hospital has declined significantly i am compelled to raise the following concerns 1 misdiagnosis and negligence husband s case two years ago my husband visited the hospital due to bleeding after a check up the doctor concluded that all is fine recently we discovered he has gallbladder stones which by now have grown so large they cannot be dissolved this represents a clear case of medical negligence despite submitting a formal complaint the representative who contacted us excused and defended the doctor instead of acknowledging responsibility until today no corrective action has been taken 2 emergency visit broken sample and lack of communication i visited the emergency department with severe pain fever and diarrhea i was discharged and asked to leave stool samples for testing after 15 days during another appointment i was informed that the test results never came out because the sample containers were broken no one contacted me to inform me of this failure leaving my condition untreated and unresolved 3 influenza diagnosis missing critical prescription two days ago i was admitted again with 40 2 c fever chest pain cough headache and body pain i was diagnosed with influenza and the doctor clearly stated tamiflu would be prescribed however upon reviewing my medications later i realized tamiflu was never given despite being the primary treatment for influenza this is a serious error that put my health at risk 4 pediatrician department we came running with our baby with high fever to see if we can get a walking appointment pediatrician replied to us go to emergency because i am in a photo shooting right now in this a proper and professional answer 5 general decline in patient care while there are a few excellent doctors who truly care for their patients many others appear to treat patients as tasks without empathy or proper attention often patients feel rushed or dismissed instead of being properly heard this mechanical robotic approach is very concerning because we aren t taking this health service for free through our insurance a lot of money has been paid 6 cultural representation of staff given dubai s multicultural environment i strongly recommend mediclinic consider hiring more doctors and nurses from diverse nationalities patients often feel more comfortable expressing sensitive issues in a culturally familiar environment which would improve trust and satisfaction these repeated incidents reflect a pattern of negligence poor communication and lack of accountability mediclinic was once a trusted name for my family but my recent experiences at city hospital have left us deeply disappointed and concerned for our safety as patients i urge you to take immediate corrective action investigate these cases properly and ensure higher standards of patient care are restored otherwise you risk losing the trust of long standing patients like myself,complaint regarding decline in service quality at mediclinic city hospital i have been a loyal patient at mediclinic for over four years in the past my experience was excellent and i trusted your services fully unfortunately over the last two years the quality of care at city hospital has declined significantly i am compelled to raise the following concerns 1 misdiagnosis and negligence husband s case two years ago my husband visited the hospital due to bleeding after a check up the doctor concluded that all is fine recently we discovered he has gallbladder stones which by now have grown so large they cannot be dissolved this represents a clear case of medical negligence despite submitting a formal complaint the representative who contacted us excused and defended the doctor instead of acknowledging responsibility until today no corrective action has been taken 2 emergency visit broken sample and lack of communication i visited the emergency department with severe pain fever and diarrhea i was discharged and asked to leave stool samples for testing after 15 days during another appointment i was informed that the test results never came out because the sample containers were broken no one contacted me to inform me of this failure leaving my condition untreated and unresolved 3 influenza diagnosis missing critical prescription two days ago i was admitted again with 40 2 c fever chest pain cough headache and body pain i was diagnosed with influenza and the doctor clearly stated tamiflu would be prescribed however upon reviewing my medications later i realized tamiflu was never given despite being the primary treatment for influenza this is a serious error that put my health at risk 4 pediatrician department we came running with our baby with high fever to see if we can get a walking appointment pediatrician replied to us go to emergency because i am in a photo shooting right now in this a proper and professional answer 5 general decline in patient care while there are a few excellent doctors who truly care for their patients many others appear to treat patients as tasks without empathy or proper attention often patients feel rushed or dismissed instead of being properly heard this mechanical robotic approach is very concerning because we aren t taking this health service for free through our insurance a lot of money has been paid 6 cultural representation of staff given dubai s multicultural environment i strongly recommend mediclinic consider hiring more doctors and nurses from diverse nationalities patients often feel more comfortable expressing sensitive issues in a culturally familiar environment which would improve trust and satisfaction these repeated incidents reflect a pattern of negligence poor communication and lack of accountability mediclinic was once a trusted name for my family but my recent experiences at city hospital have left us deeply disappointed and concerned for our safety as patients i urge you to take immediate corrective action investigate these cases properly and ensure higher standards of patient care are restored otherwise you risk losing the trust of long standing patients like myself,complaint regard decline in service quality at mediclinic city hospital I have be a loyal patient at mediclinic for over four year in the past my experience be excellent and I trust your service fully unfortunately over the last two year the quality of care at city hospital have decline significantly I be compel to raise the follow concern 1 misdiagnosis and negligence husband s case two year ago my husband visit the hospital due to bleed after a check up the doctor conclude that all be fine recently we discover he have gallbladder stone which by now have grow so large they can not be dissolve this represent a clear case of medical negligence despite submit a formal complaint the representative who contact we excuse and defend the doctor instead of acknowledge responsibility until today no corrective action have be take 2 emergency visit broken sample and lack of communication I visit the emergency department with severe pain fever and diarrhea I be discharge and ask to leave stool sample for testing after 15 day during another appointment I be inform that the test result never come out because the sample container be break no one contact I to inform I of this failure leave my condition untreated and unresolve 3 influenza diagnosis miss critical prescription two day ago I be admit again with 40 2 c fever chest pain cough headache and body pain I be diagnose with influenza and the doctor clearly state tamiflu would be prescribe however upon review my medication later I realize tamiflu be never give despite be the primary treatment for influenza this be a serious error that put my health at risk 4 pediatrician department we came run with our baby with high fever to see if we can get a walk appointment pediatrician reply to we go to emergency because I be in a photo shoot right now in this a proper and professional answer 5 general decline in patient care while there be a few excellent doctor who truly care for their patient many other appear to treat patient as task without empathy or proper attention often patient feel rush or dismiss instead of be properly hear this mechanical robotic approach be very concerning because we aren t take this health service for free through our insurance a lot of money have be pay 6 cultural representation of staff give dubai s multicultural environment I strongly recommend mediclinic consider hire more doctor and nurse from diverse nationality patient often feel more comfortable express sensitive issue in a culturally familiar environment which would improve trust and satisfaction these repeat incident reflect a pattern of negligence poor communication and lack of accountability mediclinic be once a trust name for my family but my recent experience at city hospital have leave we deeply disappointed and concerned for our safety as patient I urge you to take immediate corrective action investigate these case properly and ensure high standard of patient care be restore otherwise you risk lose the trust of long stand patient like myself,POSITIVE,0.5415928959846497
Mediclinic_City_Hospital,5.0,"I visited doctor Mohammed Ansary, city hospital. last week because I was experiencing some strange physical changes and symptoms that I suspected might be related to anxiety. He listened carefully, asked the right questions, and made sure to run all the necessary tests to rule out anything serious.

When my results came back, he didn’t just tell me it was anxiety and send me off — he took the time to discuss how I wanted to approach my healing journey. He explained everything clearly, encouraged me to stay committed to my wellbeing, and made sure I understood every step.

He’s very knowledgeable, compassionate, and genuinely cares about his patients. I really appreciated his thoughtful, supportive approach. Highly recommended",3 weeks ago,i visited doctor mohammed ansary city hospital last week because i was experiencing some strange physical changes and symptoms that i suspected might be related to anxiety he listened carefully asked the right questions and made sure to run all the necessary tests to rule out anything serious when my results came back he didn t just tell me it was anxiety and send me off he took the time to discuss how i wanted to approach my healing journey he explained everything clearly encouraged me to stay committed to my wellbeing and made sure i understood every step he s very knowledgeable compassionate and genuinely cares about his patients i really appreciated his thoughtful supportive approach highly recommended,i visited doctor mohammed ansary city hospital last week because i was experiencing some strange physical changes and symptoms that i suspected might be related to anxiety he listened carefully asked the right questions and made sure to run all the necessary tests to rule out anything serious when my results came back he didn t just tell me it was anxiety and send me off he took the time to discuss how i wanted to approach my healing journey he explained everything clearly encouraged me to stay committed to my wellbeing and made sure i understood every step he s very knowledgeable compassionate and genuinely cares about his patients i really appreciated his thoughtful supportive approach highly recommended,I visit doctor mohamme ansary city hospital last week because I be experience some strange physical change and symptom that I suspect might be relate to anxiety he listen carefully ask the right question and make sure to run all the necessary test to rule out anything serious when my result come back he didn t just tell I it be anxiety and send I off he take the time to discuss how I want to approach my healing journey he explain everything clearly encourage I to stay committed to my wellbeing and make sure I understand every step he s very knowledgeable compassionate and genuinely care about his patient I really appreciate his thoughtful supportive approach highly recommend,NEGATIVE,0.6480576992034912
Mediclinic_City_Hospital,5.0,"I would like to commend Dr. Natasha Shah, one of the best doctors I have ever interacted with here in Dubai. She is very easy to talk to, genuinely empathetic, and it is clear that she truly cares for her patients. I also wish to express my appreciation to the rest of the Mediclinic team who assisted me — Ms. Apple, Ms. Jena, Ms. Luz, and Ms. Kristine — who conducted my ultrasound with great professionalism. They were very attentive, pleasant to talk to, and made the entire experience comfortable. Thank you for your outstanding care and service.",a month ago,i would like to commend dr natasha shah one of the best doctors i have ever interacted with here in dubai she is very easy to talk to genuinely empathetic and it is clear that she truly cares for her patients i also wish to express my appreciation to the rest of the mediclinic team who assisted me ms apple ms jena ms luz and ms kristine who conducted my ultrasound with great professionalism they were very attentive pleasant to talk to and made the entire experience comfortable thank you for your outstanding care and service,i would like to commend dr natasha shah one of the best doctors i have ever interacted with here in dubai she is very easy to talk to genuinely empathetic and it is clear that she truly cares for her patients i also wish to express my appreciation to the rest of the mediclinic team who assisted me ms apple ms jena ms luz and ms kristine who conducted my ultrasound with great professionalism they were very attentive pleasant to talk to and made the entire experience comfortable thank you for your outstanding care and service,I would like to commend dr natasha shah one of the good doctor I have ever interact with here in dubai she be very easy to talk to genuinely empathetic and it be clear that she truly care for her patient I also wish to express my appreciation to the rest of the mediclinic team who assist I ms apple ms jena ms luz and ms kristine who conduct my ultrasound with great professionalism they be very attentive pleasant to talk to and make the entire experience comfortable thank you for your outstanding care and service,POSITIVE,0.9998188614845276
Mediclinic_City_Hospital,5.0,"We are truly grateful to Ms. Kameela Fortune, Physiotherapist for being a great support throughout my husband’s recovery journey. Her spontaneous ability to identify the root of the problem and her exceptional skills in resolving it made a remarkable difference. Her reassuring words and guidance gave us the strength and confidence we needed during the healing process. We’re really glad we found her — she’s truly dedicated, knowledgeable, and compassionate. It was a wonderful experience, and we highly recommend her to anyone seeking expert physiotherapy care.",4 weeks ago,we are truly grateful to ms kameela fortune physiotherapist for being a great support throughout my husband s recovery journey her spontaneous ability to identify the root of the problem and her exceptional skills in resolving it made a remarkable difference her reassuring words and guidance gave us the strength and confidence we needed during the healing process we re really glad we found her she s truly dedicated knowledgeable and compassionate it was a wonderful experience and we highly recommend her to anyone seeking expert physiotherapy care,we are truly grateful to ms kameela fortune physiotherapist for being a great support throughout my husband s recovery journey her spontaneous ability to identify the root of the problem and her exceptional skills in resolving it made a remarkable difference her reassuring words and guidance gave us the strength and confidence we needed during the healing process we re really glad we found her she s truly dedicated knowledgeable and compassionate it was a wonderful experience and we highly recommend her to anyone seeking expert physiotherapy care,we be truly grateful to ms kameela fortune physiotherapist for be a great support throughout my husband s recovery journey her spontaneous ability to identify the root of the problem and her exceptional skill in resolve it make a remarkable difference her reassure word and guidance give we the strength and confidence we need during the healing process we re really glad we find she she s truly dedicated knowledgeable and compassionate it be a wonderful experience and we highly recommend she to anyone seek expert physiotherapy care,POSITIVE,0.9998487234115601
Mediclinic_City_Hospital,5.0,"Excellent experience. Came in to the City Hospital branch with flu symptoms and was seen quickly. Swab test results were ready in about an hour. Dr. Mohammed Ansary was personable, thorough, and gave clear, practical medical advice tailored to my needs. Highly recommended for efficient and professional care.",a week ago,excellent experience came in to the city hospital branch with flu symptoms and was seen quickly swab test results were ready in about an hour dr mohammed ansary was personable thorough and gave clear practical medical advice tailored to my needs highly recommended for efficient and professional care,excellent experience came in to the city hospital branch with flu symptoms and was seen quickly swab test results were ready in about an hour dr mohammed ansary was personable thorough and gave clear practical medical advice tailored to my needs highly recommended for efficient and professional care,excellent experience come in to the city hospital branch with flu symptom and be see quickly swab test result be ready in about an hour dr mohammed ansary be personable thorough and give clear practical medical advice tailor to my need highly recommend for efficient and professional care,POSITIVE,0.9777612686157227
Mediclinic_City_Hospital,5.0,"I had a wonderful experience delivering my first baby at this hospital.
Right from consulting with Dr. Kavita Goswami, Gynecology and Dr. Shanti Sairam to delivery under the midwives and nurses (Daniella, Akanisi, Celine, Rachelle) the care and professionalism shown by the entire staff was truly outstanding.

Dr. Kavita’s calm demeanor and reassurance made a world of difference during my pregnancy. I felt completely supported and well-informed at every stage.

I must comment on the post care and attentiveness of Dr. Bharati Ramakrishna and Dr. Ghassan Nakib- Excellent team, very timely and proactive action taken in critical conditions. 🙏🏼

The facilities are modern and well-maintained- valet for car parking, good coffee house/snacks in the premises, close to metro. Appointments are on time- everything taken care on the app.  Excellent prenatal education by Serena.

Strongly recommend!",5 months ago,i had a wonderful experience delivering my first baby at this hospital right from consulting with dr kavita goswami gynecology and dr shanti sairam to delivery under the midwives and nurses daniella akanisi celine rachelle the care and professionalism shown by the entire staff was truly outstanding dr kavita s calm demeanor and reassurance made a world of difference during my pregnancy i felt completely supported and well informed at every stage i must comment on the post care and attentiveness of dr bharati ramakrishna and dr ghassan nakib excellent team very timely and proactive action taken in critical conditions the facilities are modern and well maintained valet for car parking good coffee house snacks in the premises close to metro appointments are on time everything taken care on the app excellent prenatal education by serena strongly recommend,i had a wonderful experience delivering my first baby at this hospital right from consulting with dr kavita goswami gynecology and dr shanti sairam to delivery under the midwives and nurses daniella akanisi celine rachelle the care and professionalism shown by the entire staff was truly outstanding dr kavita s calm demeanor and reassurance made a world of difference during my pregnancy i felt completely supported and well informed at every stage i must comment on the post care and attentiveness of dr bharati ramakrishna and dr ghassan nakib excellent team very timely and proactive action taken in critical conditions the facilities are modern and well maintained valet for car parking good coffee house snacks in the premises close to metro appointments are on time everything taken care on the app excellent prenatal education by serena strongly recommend,I have a wonderful experience deliver my first baby at this hospital right from consult with dr kavita goswami gynecology and dr shanti sairam to delivery under the midwife and nurse daniella akanisi celine rachelle the care and professionalism show by the entire staff be truly outstanding dr kavita s calm demeanor and reassurance make a world of difference during my pregnancy I feel completely support and well inform at every stage I must comment on the post care and attentiveness of dr bharati ramakrishna and dr ghassan nakib excellent team very timely and proactive action take in critical condition the facility be modern and well maintain valet for car parking good coffee house snack in the premise close to metro appointment be on time everything take care on the app excellent prenatal education by serena strongly recommend,POSITIVE,0.999804675579071
Mediclinic_City_Hospital,5.0,"From the start of my pregnancy up to my delivery, the services were so amazing! They put so much care and effort to every patient. Politely asking what I need and providing the necessities I needed. The doctors and nurses are so caring even the food service is amazing. Special thanks to Doctor Kashia and team for making me safe and my baby. Will definitely recommend this hospital.",a month ago,from the start of my pregnancy up to my delivery the services were so amazing they put so much care and effort to every patient politely asking what i need and providing the necessities i needed the doctors and nurses are so caring even the food service is amazing special thanks to doctor kashia and team for making me safe and my baby will definitely recommend this hospital,from the start of my pregnancy up to my delivery the services were so amazing they put so much care and effort to every patient politely asking what i need and providing the necessities i needed the doctors and nurses are so caring even the food service is amazing special thanks to doctor kashia and team for making me safe and my baby will definitely recommend this hospital,from the start of my pregnancy up to my delivery the service be so amazing they put so much care and effort to every patient politely ask what I need and provide the necessity I need the doctor and nurse be so care even the food service be amazing special thank to doctor kashia and team for make I safe and my baby will definitely recommend this hospital,POSITIVE,0.9997866749763489
Mediclinic_City_Hospital,5.0,"I had an excellent experience with Dr Sweeney. He was very professional, patient, and thorough in explaining my condition and treatment options. The consultation was well-organized, and the doctor took the time to listen carefully to my concerns. I felt confident and reassured throughout the process. Highly recommend for anyone dealing with digestive or stomach-related issues.",a month ago,i had an excellent experience with dr sweeney he was very professional patient and thorough in explaining my condition and treatment options the consultation was well organized and the doctor took the time to listen carefully to my concerns i felt confident and reassured throughout the process highly recommend for anyone dealing with digestive or stomach related issues,i had an excellent experience with dr sweeney he was very professional patient and thorough in explaining my condition and treatment options the consultation was well organized and the doctor took the time to listen carefully to my concerns i felt confident and reassured throughout the process highly recommend for anyone dealing with digestive or stomach related issues,I have an excellent experience with dr sweeney he be very professional patient and thorough in explain my condition and treatment option the consultation be well organized and the doctor take the time to listen carefully to my concern I feel confident and reassure throughout the process highly recommend for anyone deal with digestive or stomach relate issue,POSITIVE,0.9995417594909668
Mediclinic_City_Hospital,5.0,"I would like to express my heartfelt thanks to Dr. Kavita Goswami for taking such good care of me after I was transferred to her in the middle of my pregnancy. She was incredibly approachable and easy to talk to, which made every conversation feel light and comfortable. I never felt any pressure when speaking with her, only genuine care and kindness. She truly is such a sweet and compassionate doctor.",3 weeks ago,i would like to express my heartfelt thanks to dr kavita goswami for taking such good care of me after i was transferred to her in the middle of my pregnancy she was incredibly approachable and easy to talk to which made every conversation feel light and comfortable i never felt any pressure when speaking with her only genuine care and kindness she truly is such a sweet and compassionate doctor,i would like to express my heartfelt thanks to dr kavita goswami for taking such good care of me after i was transferred to her in the middle of my pregnancy she was incredibly approachable and easy to talk to which made every conversation feel light and comfortable i never felt any pressure when speaking with her only genuine care and kindness she truly is such a sweet and compassionate doctor,I would like to express my heartfelt thank to dr kavita goswami for take such good care of I after I be transfer to she in the middle of my pregnancy she be incredibly approachable and easy to talk to which make every conversation feel light and comfortable I never feel any pressure when speak with her only genuine care and kindness she truly be such a sweet and compassionate doctor,POSITIVE,0.9992086291313171
Mediclinic_City_Hospital,5.0,"My appreciation and gratitude goes to Dr. Sreela Nair for an extremely rich, professional and engaging session about my Diet plans, as a follow up to my annual executive health check up results. Since I am an Asian and a Vegetarian, she was able to better understand my concerns and give viable suggestions. A 20 minute session as was originally plan lasted for over 80 mins and Dr. Nair was patient and empathetic at all times. Instead of suggesting many tests and complete changes to food habits, Dr. Advised absolutely no test or major changes in lifestyle, rather gradually to adapt it. Diet, together with physical and mental well being were discussed. She followed a holistic approach, backed with scientific explanations. None of the recommendations seemed baseless or refutable and were easy to implement…. Loved the open conversation, your energy and passion into this topic. Would highly recommend you to my friends and family, since Diet is no longer a health topic but a well-being one…. Can’t thank you enough!! 🙏",3 weeks ago,my appreciation and gratitude goes to dr sreela nair for an extremely rich professional and engaging session about my diet plans as a follow up to my annual executive health check up results since i am an asian and a vegetarian she was able to better understand my concerns and give viable suggestions a 20 minute session as was originally plan lasted for over 80 mins and dr nair was patient and empathetic at all times instead of suggesting many tests and complete changes to food habits dr advised absolutely no test or major changes in lifestyle rather gradually to adapt it diet together with physical and mental well being were discussed she followed a holistic approach backed with scientific explanations none of the recommendations seemed baseless or refutable and were easy to implement loved the open conversation your energy and passion into this topic would highly recommend you to my friends and family since diet is no longer a health topic but a well being one can t thank you enough,my appreciation and gratitude goes to dr sreela nair for an extremely rich professional and engaging session about my diet plans as a follow up to my annual executive health check up results since i am an asian and a vegetarian she was able to better understand my concerns and give viable suggestions a 20 minute session as was originally plan lasted for over 80 mins and dr nair was patient and empathetic at all times instead of suggesting many tests and complete changes to food habits dr advised absolutely no test or major changes in lifestyle rather gradually to adapt it diet together with physical and mental well being were discussed she followed a holistic approach backed with scientific explanations none of the recommendations seemed baseless or refutable and were easy to implement loved the open conversation your energy and passion into this topic would highly recommend you to my friends and family since diet is no longer a health topic but a well being one can t thank you enough,my appreciation and gratitude go to dr sreela nair for an extremely rich professional and engaging session about my diet plan as a follow up to my annual executive health check up result since I be an asian and a vegetarian she be able to well understand my concern and give viable suggestion a 20 minute session as be originally plan last for over 80 min and dr nair be patient and empathetic at all time instead of suggest many test and complete change to food habit dr advise absolutely no test or major change in lifestyle rather gradually to adapt it diet together with physical and mental well be be discuss she follow a holistic approach back with scientific explanation none of the recommendation seem baseless or refutable and be easy to implement love the open conversation your energy and passion into this topic would highly recommend you to my friend and family since diet be no long a health topic but a well be one can t thank you enough,POSITIVE,0.9987084865570068
Mediclinic_City_Hospital,5.0,"We delivered our baby girl in the hospital under the able and warm guidance of dr kavita goswami. We choose the hospital for being the family friendly hospital initiative certified, took the lovely maternity tour offered by the hospital and finally felt at ease after meeting dr kavita. Starting from the way shes comes and greets you in the waiting area for all her consultations to holding your hand and then ur baby for the first time, we felt we had a family member treating us… such warmth is unbelievable. And last but not least, shes the most responsive doctor we have ever met. From easing our fears and questions late night/ post office/ anytime we were worried to ensuring we have the right and preferred medical supplies from pharmacy, shes goes way beyond her Job description to treat her patients, medically, emotionally and psychologically!!! God bless her!!! And dubai is lucky to have an NHS expert like her!",2 months ago,we delivered our baby girl in the hospital under the able and warm guidance of dr kavita goswami we choose the hospital for being the family friendly hospital initiative certified took the lovely maternity tour offered by the hospital and finally felt at ease after meeting dr kavita starting from the way shes comes and greets you in the waiting area for all her consultations to holding your hand and then ur baby for the first time we felt we had a family member treating us such warmth is unbelievable and last but not least shes the most responsive doctor we have ever met from easing our fears and questions late night post office anytime we were worried to ensuring we have the right and preferred medical supplies from pharmacy shes goes way beyond her job description to treat her patients medically emotionally and psychologically god bless her and dubai is lucky to have an nhs expert like her,we delivered our baby girl in the hospital under the able and warm guidance of dr kavita goswami we choose the hospital for being the family friendly hospital initiative certified took the lovely maternity tour offered by the hospital and finally felt at ease after meeting dr kavita starting from the way shes comes and greets you in the waiting area for all her consultations to holding your hand and then ur baby for the first time we felt we had a family member treating us such warmth is unbelievable and last but not least shes the most responsive doctor we have ever met from easing our fears and questions late night post office anytime we were worried to ensuring we have the right and preferred medical supplies from pharmacy shes goes way beyond her job description to treat her patients medically emotionally and psychologically god bless her and dubai is lucky to have an nhs expert like her,we deliver our baby girl in the hospital under the able and warm guidance of dr kavita goswami we choose the hospital for be the family friendly hospital initiative certify take the lovely maternity tour offer by the hospital and finally feel at ease after meet dr kavita start from the way she s come and greet you in the wait area for all her consultation to hold your hand and then ur baby for the first time we feel we have a family member treat we such warmth be unbelievable and last but not least she s the most responsive doctor we have ever meet from ease our fear and question late night post office anytime we be worried to ensure we have the right and preferred medical supply from pharmacy she s go way beyond her job description to treat her patient medically emotionally and psychologically god bless she and dubai be lucky to have an nhs expert like she,POSITIVE,0.9983306527137756
Mediclinic_City_Hospital,5.0,"I recently gave birth at this hospital and sincerely recommend the facility and its team.

Although the induction was challenging, the cesarean section went smoothly: the team was caring and supportive, and we were able to stay together as a family throughout, without ever being separated, which was very important to us.

The medical follow-up for our baby was excellent from start to finish. The whole team was extremely careful about the baby’s health and never took any risks.

Thank you again to the entire team for their kindness and professionalism.",3 months ago,i recently gave birth at this hospital and sincerely recommend the facility and its team although the induction was challenging the cesarean section went smoothly the team was caring and supportive and we were able to stay together as a family throughout without ever being separated which was very important to us the medical follow up for our baby was excellent from start to finish the whole team was extremely careful about the baby s health and never took any risks thank you again to the entire team for their kindness and professionalism,i recently gave birth at this hospital and sincerely recommend the facility and its team although the induction was challenging the cesarean section went smoothly the team was caring and supportive and we were able to stay together as a family throughout without ever being separated which was very important to us the medical follow up for our baby was excellent from start to finish the whole team was extremely careful about the baby s health and never took any risks thank you again to the entire team for their kindness and professionalism,I recently give birth at this hospital and sincerely recommend the facility and its team although the induction be challenge the cesarean section go smoothly the team be care and supportive and we be able to stay together as a family throughout without ever be separate which be very important to we the medical follow up for our baby be excellent from start to finish the whole team be extremely careful about the baby s health and never take any risk thank you again to the entire team for their kindness and professionalism,POSITIVE,0.9997467398643494
Mediclinic_City_Hospital,5.0,"I had an excellent experience at Mediclinic City Hospital. The staff were highly professional, kind, and attentive throughout my visit. From the reception team to the nurses and doctors, everyone made me feel comfortable and well cared for. The hospital is very clean, modern, and well-organized, which really adds to the confidence in their services.

The doctors took the time to listen carefully, explain everything in detail, and provide the best treatment options. The nursing staff were also very supportive and prompt in attending to any needs.

Overall, I felt reassured and confident in the quality of care provided. I would definitely recommend Mediclinic City Hospital to anyone looking for excellent healthcare in Dubai.",2 months ago,i had an excellent experience at mediclinic city hospital the staff were highly professional kind and attentive throughout my visit from the reception team to the nurses and doctors everyone made me feel comfortable and well cared for the hospital is very clean modern and well organized which really adds to the confidence in their services the doctors took the time to listen carefully explain everything in detail and provide the best treatment options the nursing staff were also very supportive and prompt in attending to any needs overall i felt reassured and confident in the quality of care provided i would definitely recommend mediclinic city hospital to anyone looking for excellent healthcare in dubai,i had an excellent experience at mediclinic city hospital the staff were highly professional kind and attentive throughout my visit from the reception team to the nurses and doctors everyone made me feel comfortable and well cared for the hospital is very clean modern and well organized which really adds to the confidence in their services the doctors took the time to listen carefully explain everything in detail and provide the best treatment options the nursing staff were also very supportive and prompt in attending to any needs overall i felt reassured and confident in the quality of care provided i would definitely recommend mediclinic city hospital to anyone looking for excellent healthcare in dubai,I have an excellent experience at mediclinic city hospital the staff be highly professional kind and attentive throughout my visit from the reception team to the nurse and doctor everyone make I feel comfortable and well care for the hospital be very clean modern and well organize which really add to the confidence in their service the doctor take the time to listen carefully explain everything in detail and provide the good treatment option the nursing staff be also very supportive and prompt in attend to any need overall I feel reassured and confident in the quality of care provide I would definitely recommend mediclinic city hospital to anyone look for excellent healthcare in dubai,POSITIVE,0.9996957778930664
Mediclinic_City_Hospital,5.0,"I brought my mother in for an appointment with Dr. Mohammed Ansary at Mediclinic City Hospital. His ability to explain things clearly and simply to her, despite her not being a 100% comfortable speaking in English, made her feel heard. Dr. Ansary was patient, kind and attentive throughout the appointment. His close follow-up with patients is a testament to his dedication to them.",2 weeks ago,i brought my mother in for an appointment with dr mohammed ansary at mediclinic city hospital his ability to explain things clearly and simply to her despite her not being a 100 comfortable speaking in english made her feel heard dr ansary was patient kind and attentive throughout the appointment his close follow up with patients is a testament to his dedication to them,i brought my mother in for an appointment with dr mohammed ansary at mediclinic city hospital his ability to explain things clearly and simply to her despite her not being a 100 comfortable speaking in english made her feel heard dr ansary was patient kind and attentive throughout the appointment his close follow up with patients is a testament to his dedication to them,I bring my mother in for an appointment with dr mohammed ansary at mediclinic city hospital his ability to explain thing clearly and simply to she despite she not be a 100 comfortable speak in english make her feel hear dr ansary be patient kind and attentive throughout the appointment his close follow up with patient be a testament to his dedication to they,POSITIVE,0.9982151985168457
Mediclinic_City_Hospital,5.0,"I had been struggling with my health for a long time without understanding what was going on. Dr. Mohammed Ansary (Family Medicine) at the Mediclinic City Hospital Location was recommended to me, and from the very beginning of my first visit I could see why. He spent over an hour explaining everything in detail—both positives and negatives—making sure I left fully informed and with the comfort of knowing I wasn’t starting this journey alone. He genuinely cares for his patients’ well-being, speaks with the warmth of a friend rather than just as a doctor, and always follows up. He’s approachable, easy to talk to, and truly goes above and beyond for his patients. He’ll continue to be my go-to as I can’t say enough good things about him. Highly recommend.",a month ago,i had been struggling with my health for a long time without understanding what was going on dr mohammed ansary family medicine at the mediclinic city hospital location was recommended to me and from the very beginning of my first visit i could see why he spent over an hour explaining everything in detail both positives and negatives making sure i left fully informed and with the comfort of knowing i wasn t starting this journey alone he genuinely cares for his patients well being speaks with the warmth of a friend rather than just as a doctor and always follows up he s approachable easy to talk to and truly goes above and beyond for his patients he ll continue to be my go to as i can t say enough good things about him highly recommend,i had been struggling with my health for a long time without understanding what was going on dr mohammed ansary family medicine at the mediclinic city hospital location was recommended to me and from the very beginning of my first visit i could see why he spent over an hour explaining everything in detail both positives and negatives making sure i left fully informed and with the comfort of knowing i wasn t starting this journey alone he genuinely cares for his patients well being speaks with the warmth of a friend rather than just as a doctor and always follows up he s approachable easy to talk to and truly goes above and beyond for his patients he ll continue to be my go to as i can t say enough good things about him highly recommend,I have be struggle with my health for a long time without understand what be go on dr mohammed ansary family medicine at the mediclinic city hospital location be recommend to I and from the very beginning of my first visit I could see why he spend over an hour explain everything in detail both positive and negative make sure I leave fully informed and with the comfort of know i wasn t start this journey alone he genuinely care for his patient well be speak with the warmth of a friend rather than just as a doctor and always follow up he s approachable easy to talk to and truly go above and beyond for his patient he ll continue to be my go to as I can t say enough good thing about he highly recommend,POSITIVE,0.9954544305801392
Mediclinic_City_Hospital,5.0,"I had an excellent experience at Mediclinic City Hospital. Dr. Ved Goswami was very kind, professional, and explained everything clearly. He spoke with me in a respectful and caring way, and gave me the correct diagnosis for my injury. The process was quick ,I didn’t have to wait long and the staff were very helpful. Highly recommended!",2 weeks ago,i had an excellent experience at mediclinic city hospital dr ved goswami was very kind professional and explained everything clearly he spoke with me in a respectful and caring way and gave me the correct diagnosis for my injury the process was quick i didn t have to wait long and the staff were very helpful highly recommended,i had an excellent experience at mediclinic city hospital dr ved goswami was very kind professional and explained everything clearly he spoke with me in a respectful and caring way and gave me the correct diagnosis for my injury the process was quick i didn t have to wait long and the staff were very helpful highly recommended,I have an excellent experience at mediclinic city hospital dr ve goswami be very kind professional and explain everything clearly he speak with I in a respectful and caring way and give I the correct diagnosis for my injury the process be quick I didn t have to wait long and the staff be very helpful highly recommend,POSITIVE,0.9996914863586426
Mediclinic_City_Hospital,5.0,"My husband and I recently visited Dr. Mohamed Ansari at Mediclinic City Hospital for our vaccines and blood test check, and we had a great experience. Dr. Ansari was extremely kind, patient, and professional. He took the time to explain everything in detail, making sure we understood each step of the process. We both felt very comfortable and well cared for throughout the visit. Highly recommend him for anyone looking for a trustworthy and knowledgeable doctor.",a month ago,my husband and i recently visited dr mohamed ansari at mediclinic city hospital for our vaccines and blood test check and we had a great experience dr ansari was extremely kind patient and professional he took the time to explain everything in detail making sure we understood each step of the process we both felt very comfortable and well cared for throughout the visit highly recommend him for anyone looking for a trustworthy and knowledgeable doctor,my husband and i recently visited dr mohamed ansari at mediclinic city hospital for our vaccines and blood test check and we had a great experience dr ansari was extremely kind patient and professional he took the time to explain everything in detail making sure we understood each step of the process we both felt very comfortable and well cared for throughout the visit highly recommend him for anyone looking for a trustworthy and knowledgeable doctor,my husband and I recently visit dr mohame ansari at mediclinic city hospital for our vaccine and blood test check and we have a great experience dr ansari be extremely kind patient and professional he take the time to explain everything in detail make sure we understand each step of the process we both feel very comfortable and well care for throughout the visit highly recommend he for anyone look for a trustworthy and knowledgeable doctor,POSITIVE,0.9995704293251038
Mediclinic_City_Hospital,5.0,"Five star review for Nurse Nithya Nithyanandan Kumari
It has been two years since Nurse Nithya first took care of me and her consistency care kindness and attention have never changed. She always provides thorough observation complete reassurance and follows every protocol and medical update with exceptional professionalism. I have also seen how other patients feel very comfortable and confident under her care which truly reflects her compassion dedication and experience. She deserves a five star award for her outstanding service and for always going above and beyond in her performance. I am very happy and grateful that she continues to take care of me and other patients. We truly need more nurses like her who are committed caring and devoted to the highest standards of teamwork and patient care. Thank you from my heart Nurse Nithya.",Edited a month ago,five star review for nurse nithya nithyanandan kumari it has been two years since nurse nithya first took care of me and her consistency care kindness and attention have never changed she always provides thorough observation complete reassurance and follows every protocol and medical update with exceptional professionalism i have also seen how other patients feel very comfortable and confident under her care which truly reflects her compassion dedication and experience she deserves a five star award for her outstanding service and for always going above and beyond in her performance i am very happy and grateful that she continues to take care of me and other patients we truly need more nurses like her who are committed caring and devoted to the highest standards of teamwork and patient care thank you from my heart nurse nithya,five star review for nurse nithya nithyanandan kumari it has been two years since nurse nithya first took care of me and her consistency care kindness and attention have never changed she always provides thorough observation complete reassurance and follows every protocol and medical update with exceptional professionalism i have also seen how other patients feel very comfortable and confident under her care which truly reflects her compassion dedication and experience she deserves a five star award for her outstanding service and for always going above and beyond in her performance i am very happy and grateful that she continues to take care of me and other patients we truly need more nurses like her who are committed caring and devoted to the highest standards of teamwork and patient care thank you from my heart nurse nithya,five star review for nurse nithya nithyanandan kumari it have be two year since nurse nithya first take care of I and her consistency care kindness and attention have never change she always provide thorough observation complete reassurance and follow every protocol and medical update with exceptional professionalism I have also see how other patient feel very comfortable and confident under her care which truly reflect her compassion dedication and experience she deserve a five star award for her outstanding service and for always go above and beyond in her performance I be very happy and grateful that she continue to take care of I and other patient we truly need more nurse like she who be commit care and devote to the high standard of teamwork and patient care thank you from my heart nurse nithya,POSITIVE,0.9994321465492249
Mediclinic_City_Hospital,5.0,"Dr. Yacoub and his team are amazing. This is now my third knee surgery, but first time doing it in Dubai. They were very quick and efficient. Throughout my whole process they have been lovely and very professional. Would definitely recommend this team to everyone.",6 days ago,dr yacoub and his team are amazing this is now my third knee surgery but first time doing it in dubai they were very quick and efficient throughout my whole process they have been lovely and very professional would definitely recommend this team to everyone,dr yacoub and his team are amazing this is now my third knee surgery but first time doing it in dubai they were very quick and efficient throughout my whole process they have been lovely and very professional would definitely recommend this team to everyone,dr yacoub and his team be amazing this be now my third knee surgery but first time do it in dubai they be very quick and efficient throughout my whole process they have be lovely and very professional would definitely recommend this team to everyone,POSITIVE,0.9998171925544739
Mediclinic_City_Hospital,5.0,"I had an excellent experience with Dr. Sandra George. She takes the time to explain everything clearly, making sure I fully understand my health and any tests or treatments. I really appreciate how attentive she is, even personally calling to update me on my test results. Her professionalism, care, and approachability make her truly outstanding. I highly recommend Dr. Sandra to anyone looking for a knowledgeable and compassionate gynecologist.",2 months ago,i had an excellent experience with dr sandra george she takes the time to explain everything clearly making sure i fully understand my health and any tests or treatments i really appreciate how attentive she is even personally calling to update me on my test results her professionalism care and approachability make her truly outstanding i highly recommend dr sandra to anyone looking for a knowledgeable and compassionate gynecologist,i had an excellent experience with dr sandra george she takes the time to explain everything clearly making sure i fully understand my health and any tests or treatments i really appreciate how attentive she is even personally calling to update me on my test results her professionalism care and approachability make her truly outstanding i highly recommend dr sandra to anyone looking for a knowledgeable and compassionate gynecologist,I have an excellent experience with dr sandra george she take the time to explain everything clearly make sure I fully understand my health and any test or treatment I really appreciate how attentive she be even personally call to update I on my test result her professionalism care and approachability make she truly outstanding I highly recommend dr sandra to anyone look for a knowledgeable and compassionate gynecologist,POSITIVE,0.9998044371604919
Mediclinic_City_Hospital,5.0,"I would like to thank Mediclinic City Hospital for their excellent service and care. The staff was professional, kind, and supportive throughout our visit.

A special thanks to Dr. Zaid for treating my daughter with such compassion and expertise. His attention, patience, and reassuring approach made a big difference for us. We are truly grateful for the care we received.

Highly recommend this hospital for anyone seeking quality medical care.",a month ago,i would like to thank mediclinic city hospital for their excellent service and care the staff was professional kind and supportive throughout our visit a special thanks to dr zaid for treating my daughter with such compassion and expertise his attention patience and reassuring approach made a big difference for us we are truly grateful for the care we received highly recommend this hospital for anyone seeking quality medical care,i would like to thank mediclinic city hospital for their excellent service and care the staff was professional kind and supportive throughout our visit a special thanks to dr zaid for treating my daughter with such compassion and expertise his attention patience and reassuring approach made a big difference for us we are truly grateful for the care we received highly recommend this hospital for anyone seeking quality medical care,I would like to thank mediclinic city hospital for their excellent service and care the staff be professional kind and supportive throughout our visit a special thank to dr zaid for treat my daughter with such compassion and expertise his attention patience and reassuring approach make a big difference for we we be truly grateful for the care we receive highly recommend this hospital for anyone seek quality medical care,POSITIVE,0.9998138546943665
Mediclinic_City_Hospital,5.0,"Great experience with Dr Ansary. He didn’t jump into prescribing tests and meds straight away, but explored my lifestyle and medical history to understand the root cause of my concerns. I really appreciate his approach - clinical and personal. And I highly recommend him.",2 weeks ago,great experience with dr ansary he didn t jump into prescribing tests and meds straight away but explored my lifestyle and medical history to understand the root cause of my concerns i really appreciate his approach clinical and personal and i highly recommend him,great experience with dr ansary he didn t jump into prescribing tests and meds straight away but explored my lifestyle and medical history to understand the root cause of my concerns i really appreciate his approach clinical and personal and i highly recommend him,great experience with dr ansary he didn t jump into prescribing test and med straight away but explore my lifestyle and medical history to understand the root cause of my concern I really appreciate his approach clinical and personal and I highly recommend he,POSITIVE,0.9998070597648621
Mediclinic_City_Hospital,5.0,"Dr. Mohammad Subhan Ansary is an excellent family physician. His history taking, communication, and patient management skills are top notch. He has broad knowledge of the vast field of medicine which shows when he is communicating with the patient in a manner understandable by any patient.
I highly recommend him.",2 weeks ago,dr mohammad subhan ansary is an excellent family physician his history taking communication and patient management skills are top notch he has broad knowledge of the vast field of medicine which shows when he is communicating with the patient in a manner understandable by any patient i highly recommend him,dr mohammad subhan ansary is an excellent family physician his history taking communication and patient management skills are top notch he has broad knowledge of the vast field of medicine which shows when he is communicating with the patient in a manner understandable by any patient i highly recommend him,dr mohammad subhan ansary be an excellent family physician his history take communication and patient management skill be top notch he have broad knowledge of the vast field of medicine which show when he be communicate with the patient in a manner understandable by any patient I highly recommend he,POSITIVE,0.9996552467346191
Mediclinic_City_Hospital,5.0,"i gave birth for the first time on may 16 2025 to my twins, a baby boy and girl. as a first time mom i couldn’t have been in better hands than with the nurses and midwives at mediclinic city. i delivered there on the suggestion of my amazing obgyn - dr Dalia khalife - from jumeirah american clinic, who delivers there usually. it was the best decision ever as my transition into motherhood couldn’t have been smoother. from the team during my c section to the day shift nurses and the night shift’s. even housekeeping and room service. everyone was so positive and professional, it created a wonderful atmosphere for the occasion. i’m so grateful especially to the following nurses who took amazing care of my family and me: Hajarabi, Ailein, Maureen, Glory, Rachel, Ziya, Praseetha, Rica. i also want to mention the amazing MAYA who assisted me as a lactation consultant during my stay at the hospital and at a follow up meeting. she was so patient and helpful and kind. after delivery, we stayed at the VIP ward which was so comfortable and accommodating to our big family. on that note, i also want to mention Emma who coordinated the booking for me at the VIP ward and comforted me leading up to my check in. i would recommend the maternity experience at mediclinic city to any woman with the most confidence she will have a similar experience as me. every nurse that came my way knew so much about feeding and newborns and are so patient in teaching.",5 months ago,i gave birth for the first time on may 16 2025 to my twins a baby boy and girl as a first time mom i couldn t have been in better hands than with the nurses and midwives at mediclinic city i delivered there on the suggestion of my amazing obgyn dr dalia khalife from jumeirah american clinic who delivers there usually it was the best decision ever as my transition into motherhood couldn t have been smoother from the team during my c section to the day shift nurses and the night shift s even housekeeping and room service everyone was so positive and professional it created a wonderful atmosphere for the occasion i m so grateful especially to the following nurses who took amazing care of my family and me hajarabi ailein maureen glory rachel ziya praseetha rica i also want to mention the amazing maya who assisted me as a lactation consultant during my stay at the hospital and at a follow up meeting she was so patient and helpful and kind after delivery we stayed at the vip ward which was so comfortable and accommodating to our big family on that note i also want to mention emma who coordinated the booking for me at the vip ward and comforted me leading up to my check in i would recommend the maternity experience at mediclinic city to any woman with the most confidence she will have a similar experience as me every nurse that came my way knew so much about feeding and newborns and are so patient in teaching,i gave birth for the first time on may 16 2025 to my twins a baby boy and girl as a first time mom i couldn t have been in better hands than with the nurses and midwives at mediclinic city i delivered there on the suggestion of my amazing obgyn dr dalia khalife from jumeirah american clinic who delivers there usually it was the best decision ever as my transition into motherhood couldn t have been smoother from the team during my c section to the day shift nurses and the night shift s even housekeeping and room service everyone was so positive and professional it created a wonderful atmosphere for the occasion i m so grateful especially to the following nurses who took amazing care of my family and me hajarabi ailein maureen glory rachel ziya praseetha rica i also want to mention the amazing maya who assisted me as a lactation consultant during my stay at the hospital and at a follow up meeting she was so patient and helpful and kind after delivery we stayed at the vip ward which was so comfortable and accommodating to our big family on that note i also want to mention emma who coordinated the booking for me at the vip ward and comforted me leading up to my check in i would recommend the maternity experience at mediclinic city to any woman with the most confidence she will have a similar experience as me every nurse that came my way knew so much about feeding and newborns and are so patient in teaching,I give birth for the first time on may 16 2025 to my twin a baby boy and girl as a first time mom i couldn t have be in well hand than with the nurse and midwife at mediclinic city I deliver there on the suggestion of my amazing obgyn dr dalia khalife from jumeirah american clinic who deliver there usually it be the good decision ever as my transition into motherhood couldn t have be smooth from the team during my c section to the day shift nurse and the night shift s even housekeeping and room service everyone be so positive and professional it create a wonderful atmosphere for the occasion I m so grateful especially to the follow nurse who take amazing care of my family and I hajarabi ailein maureen glory rachel ziya praseetha rica I also want to mention the amazing maya who assist I as a lactation consultant during my stay at the hospital and at a follow up meeting she be so patient and helpful and kind after delivery we stay at the vip ward which be so comfortable and accommodate to our big family on that note I also want to mention emma who coordinate the booking for I at the vip ward and comfort I lead up to my check in I would recommend the maternity experience at mediclinic city to any woman with the most confidence she will have a similar experience as I every nurse that come my way know so much about feeding and newborn and be so patient in teach,POSITIVE,0.9923611283302307
Mediclinic_City_Hospital,5.0,"I just want to give out the biggest thank you to Mediclinic Hospital. Recently I had an emergency which required for me to be hospitalized, and I have received QUALITY service from city hospital. Biggest thank you to Dr. Carlos, Nurse Anju (pediatric ward), Nurse Anne (ER). All of the services were amazing and alhamdulilah I feel amazing after their treatment. The hospital technology and equipment were amazing and really helpful. The needles, the tests, the IV’s were all painless. Thank you!!!",4 months ago,i just want to give out the biggest thank you to mediclinic hospital recently i had an emergency which required for me to be hospitalized and i have received quality service from city hospital biggest thank you to dr carlos nurse anju pediatric ward nurse anne er all of the services were amazing and alhamdulilah i feel amazing after their treatment the hospital technology and equipment were amazing and really helpful the needles the tests the iv s were all painless thank you,i just want to give out the biggest thank you to mediclinic hospital recently i had an emergency which required for me to be hospitalized and i have received quality service from city hospital biggest thank you to dr carlos nurse anju pediatric ward nurse anne er all of the services were amazing and alhamdulilah i feel amazing after their treatment the hospital technology and equipment were amazing and really helpful the needles the tests the iv s were all painless thank you,I just want to give out the big thank you to mediclinic hospital recently I have an emergency which require for I to be hospitalize and I have receive quality service from city hospital big thank you to dr carlos nurse anju pediatric ward nurse anne er all of the service be amazing and alhamdulilah I feel amazing after their treatment the hospital technology and equipment be amazing and really helpful the needle the test the iv s be all painless thank you,POSITIVE,0.9996040463447571
Mediclinic_City_Hospital,5.0,"I had surgery in July 2025 to remove lymph nodes from my neck, and I am incredibly grateful for Dr. Abdul Aleem's care. From start to finish, my experience was exceptional. I didn't feel any pain after the procedure, which speaks volumes about his skill and expertise. The stitches are not too visible, and he even took the time to address some previous surgery scars, minimizing their appearance. On top of that, Dr. Aleem recommended some creams that worked wonders in improving the look of my scars. I couldn't be happier with the results and highly recommend him to anyone in need of a skilled, compassionate surgeon.",a month ago,i had surgery in july 2025 to remove lymph nodes from my neck and i am incredibly grateful for dr abdul aleem s care from start to finish my experience was exceptional i didn t feel any pain after the procedure which speaks volumes about his skill and expertise the stitches are not too visible and he even took the time to address some previous surgery scars minimizing their appearance on top of that dr aleem recommended some creams that worked wonders in improving the look of my scars i couldn t be happier with the results and highly recommend him to anyone in need of a skilled compassionate surgeon,i had surgery in july 2025 to remove lymph nodes from my neck and i am incredibly grateful for dr abdul aleem s care from start to finish my experience was exceptional i didn t feel any pain after the procedure which speaks volumes about his skill and expertise the stitches are not too visible and he even took the time to address some previous surgery scars minimizing their appearance on top of that dr aleem recommended some creams that worked wonders in improving the look of my scars i couldn t be happier with the results and highly recommend him to anyone in need of a skilled compassionate surgeon,I have surgery in july 2025 to remove lymph node from my neck and I be incredibly grateful for dr abdul aleem s care from start to finish my experience be exceptional I didn t feel any pain after the procedure which speak volume about his skill and expertise the stitch be not too visible and he even take the time to address some previous surgery scar minimize their appearance on top of that dr aleem recommend some cream that work wonder in improve the look of my scar I couldn t be happy with the result and highly recommend he to anyone in need of a skilled compassionate surgeon,POSITIVE,0.8512852191925049
Mediclinic_City_Hospital,5.0,"Amazing service from the entire Maternity Ward team. The level of care and attention every member provided was truly beyond expectations. A special highlight was the lovely surprise couple’s dinner we received, along with the wonderful service from Corazon in the housekeeping team. The care and hospitality were simply unmatched such a beautiful way to welcome this new chapter in our lives.Thank you to the entire Mediclinic team",a month ago,amazing service from the entire maternity ward team the level of care and attention every member provided was truly beyond expectations a special highlight was the lovely surprise couple s dinner we received along with the wonderful service from corazon in the housekeeping team the care and hospitality were simply unmatched such a beautiful way to welcome this new chapter in our lives thank you to the entire mediclinic team,amazing service from the entire maternity ward team the level of care and attention every member provided was truly beyond expectations a special highlight was the lovely surprise couple s dinner we received along with the wonderful service from corazon in the housekeeping team the care and hospitality were simply unmatched such a beautiful way to welcome this new chapter in our lives thank you to the entire mediclinic team,amazing service from the entire maternity ward team the level of care and attention every member provide be truly beyond expectation a special highlight be the lovely surprise couple s dinner we receive along with the wonderful service from corazon in the housekeeping team the care and hospitality be simply unmatched such a beautiful way to welcome this new chapter in our life thank you to the entire mediclinic team,POSITIVE,0.9998691082000732
Mediclinic_City_Hospital,5.0,"Amazing facilities, doctors and Nurses.

i went to ER for abdominal pain. All the doctors are very knowledgeable and will conduct and explain tests, procedures done and reason behind it. Nurses are very accomodating and helpful. I have been taken care by nurse Kaniamutha. She is very nice and professional. Thank you mediclinic city hospital",a month ago,amazing facilities doctors and nurses i went to er for abdominal pain all the doctors are very knowledgeable and will conduct and explain tests procedures done and reason behind it nurses are very accomodating and helpful i have been taken care by nurse kaniamutha she is very nice and professional thank you mediclinic city hospital,amazing facilities doctors and nurses i went to er for abdominal pain all the doctors are very knowledgeable and will conduct and explain tests procedures done and reason behind it nurses are very accomodating and helpful i have been taken care by nurse kaniamutha she is very nice and professional thank you mediclinic city hospital,amazing facility doctor and nurse I go to er for abdominal pain all the doctor be very knowledgeable and will conduct and explain test procedure do and reason behind it nurse be very accomodating and helpful I have be take care by nurse kaniamutha she be very nice and professional thank you mediclinic city hospital,POSITIVE,0.9992997646331787
Mediclinic_City_Hospital,5.0,"Mediclinic City Hospital.
Dr Mohamed Ansary,
Consultant Physician, Family Medicine.
I wholeheartedly recommend Dr. Mohamed Ansary for his outstanding care and compassion. As his patient, I am overwhelmed by his dedication, empathy, and willingness to go above and beyond his duty. His expertise, kindness, and support makes a significant difference in my treatment and recovery. I highly recommend him to anyone seeking a caring and skilled physician, who clearly explains diagnoses, treatments, and options.
His patient -centered care is outstanding.",2 weeks ago,mediclinic city hospital dr mohamed ansary consultant physician family medicine i wholeheartedly recommend dr mohamed ansary for his outstanding care and compassion as his patient i am overwhelmed by his dedication empathy and willingness to go above and beyond his duty his expertise kindness and support makes a significant difference in my treatment and recovery i highly recommend him to anyone seeking a caring and skilled physician who clearly explains diagnoses treatments and options his patient centered care is outstanding,mediclinic city hospital dr mohamed ansary consultant physician family medicine i wholeheartedly recommend dr mohamed ansary for his outstanding care and compassion as his patient i am overwhelmed by his dedication empathy and willingness to go above and beyond his duty his expertise kindness and support makes a significant difference in my treatment and recovery i highly recommend him to anyone seeking a caring and skilled physician who clearly explains diagnoses treatments and options his patient centered care is outstanding,mediclinic city hospital dr mohame ansary consultant physician family medicine I wholeheartedly recommend dr mohame ansary for his outstanding care and compassion as his patient I be overwhelm by his dedication empathy and willingness to go above and beyond his duty his expertise kindness and support make a significant difference in my treatment and recovery I highly recommend he to anyone seek a caring and skilled physician who clearly explain diagnose treatment and option his patient center care be outstanding,POSITIVE,0.9992569088935852
Mediclinic_City_Hospital,5.0,"I had the best possible and smoothest experience with Dr valentina Giaccaglia at mediclinic healthcare city hospital. recovery after my surgery went really well, and during the surgery and follow up consultations i was very well taken care of , no issues at all. such a good listener doctor who genuinely listen and cares for her patients",a month ago,i had the best possible and smoothest experience with dr valentina giaccaglia at mediclinic healthcare city hospital recovery after my surgery went really well and during the surgery and follow up consultations i was very well taken care of no issues at all such a good listener doctor who genuinely listen and cares for her patients,i had the best possible and smoothest experience with dr valentina giaccaglia at mediclinic healthcare city hospital recovery after my surgery went really well and during the surgery and follow up consultations i was very well taken care of no issues at all such a good listener doctor who genuinely listen and cares for her patients,I have the good possible and smooth experience with dr valentina giaccaglia at mediclinic healthcare city hospital recovery after my surgery go really well and during the surgery and follow up consultation I be very well take care of no issue at all such a good listener doctor who genuinely listen and care for her patient,POSITIVE,0.9995868802070618
Mediclinic_City_Hospital,1.0,"This review is directed to Mediclinic City Hospital and Dr. Amel Ginawi, because the behavior of her nurse, Sunitha Poola, was absolutely disgraceful and unfit for any medical setting.

I had an appointment as a new patient at 11:40 AM. After checking in properly and being told by the main receptionist that I was next, another woman with a 12:40 PM appointment walked in and was allowed to go in before me not because of any emergency, but simply because Snuthi Poola decided she was more important. The nurse blatantly dismissed protocol, was laughing in the hallway with the other patient, and took me in for just 3 minutes to check weight/height, and in that moment, I told her clearly that I had tested positive for lupus a serious autoimmune disease that can affect vital organs. Her response? She still told me to wait for the other patient to finish. No concern. No urgency. No triage. Nothing.

When I confronted her, she didn’t apologize instead, she argued, made excuses, and claimed the other patient was “an existing customer,” as if that justifies completely ignoring the appointment schedule.
Worse, she lied and said the patient was dizzy even though no mention of dizziness was made at reception, and even if it were true, it has nothing to do with seeing a rheumatologist. Dizziness is not an urgent symptom in a rheumatology clinic. If it were a true emergency, the patient should have been sent to urgent care or a different specialty, not allowed to cut the line under a false excuse. That explanation was clearly a cover-up for blatant favoritism and unprofessionalism.

To make things worse, the nurse knew I was in a hurry, and if she had any true concern for patient well-being, she would have considered that I was coming in for a serious health issue, not a basic check-up. She had no idea what condition I was being seen for, and for all she knew, my case could have been far more urgent than the other patient’s. Her decision to ignore that and prioritize someone simply because they were a “regular” shows just how irresponsible and unprofessional she truly is.

I’ve been an existing customer myself at another Hospital won’t mention its name and I have never once seen a new patient get sidelined like this. Her behavior was rude, condescending, and dishonest. She treated me like I was too dumb to understand how the system works when in reality, she was the one breaking it.

The rest of the nursing staff were no better not one stepped in, and their body language clearly showed they were annoyed I was even speaking up. The only two people who acted with decency were the main receptionist, who initially said it was my turn, and the nurse manager, who kindly stepped in after everything and tried to salvage the situation. Honestly, she doesn’t deserve to work in a place where patients are ignored, dismissed, and treated like they’re in the way.

Snuthi Poola’s attitude, dishonesty, and lack of basic professionalism is unacceptable. I walked out completely disrespected, with no apology from her, and I will never return. If this is how Dr. Amel Ginawi’s staff treats patients, especially new ones, then I strongly do not recommend this hospital to anyone.

I truly have more words but no words can explain my disappointment and how my health was dismissed by the nurse!",3 months ago,this review is directed to mediclinic city hospital and dr amel ginawi because the behavior of her nurse sunitha poola was absolutely disgraceful and unfit for any medical setting i had an appointment as a new patient at 11 40 am after checking in properly and being told by the main receptionist that i was next another woman with a 12 40 pm appointment walked in and was allowed to go in before me not because of any emergency but simply because snuthi poola decided she was more important the nurse blatantly dismissed protocol was laughing in the hallway with the other patient and took me in for just 3 minutes to check weight height and in that moment i told her clearly that i had tested positive for lupus a serious autoimmune disease that can affect vital organs her response she still told me to wait for the other patient to finish no concern no urgency no triage nothing when i confronted her she didn t apologize instead she argued made excuses and claimed the other patient was an existing customer as if that justifies completely ignoring the appointment schedule worse she lied and said the patient was dizzy even though no mention of dizziness was made at reception and even if it were true it has nothing to do with seeing a rheumatologist dizziness is not an urgent symptom in a rheumatology clinic if it were a true emergency the patient should have been sent to urgent care or a different specialty not allowed to cut the line under a false excuse that explanation was clearly a cover up for blatant favoritism and unprofessionalism to make things worse the nurse knew i was in a hurry and if she had any true concern for patient well being she would have considered that i was coming in for a serious health issue not a basic check up she had no idea what condition i was being seen for and for all she knew my case could have been far more urgent than the other patient s her decision to ignore that and prioritize someone simply because they were a regular shows just how irresponsible and unprofessional she truly is i ve been an existing customer myself at another hospital won t mention its name and i have never once seen a new patient get sidelined like this her behavior was rude condescending and dishonest she treated me like i was too dumb to understand how the system works when in reality she was the one breaking it the rest of the nursing staff were no better not one stepped in and their body language clearly showed they were annoyed i was even speaking up the only two people who acted with decency were the main receptionist who initially said it was my turn and the nurse manager who kindly stepped in after everything and tried to salvage the situation honestly she doesn t deserve to work in a place where patients are ignored dismissed and treated like they re in the way snuthi poola s attitude dishonesty and lack of basic professionalism is unacceptable i walked out completely disrespected with no apology from her and i will never return if this is how dr amel ginawi s staff treats patients especially new ones then i strongly do not recommend this hospital to anyone i truly have more words but no words can explain my disappointment and how my health was dismissed by the nurse,this review is directed to mediclinic city hospital and dr amel ginawi because the behavior of her nurse sunitha poola was absolutely disgraceful and unfit for any medical setting i had an appointment as a new patient at 11 40 am after checking in properly and being told by the main receptionist that i was next another woman with a 12 40 pm appointment walked in and was allowed to go in before me not because of any emergency but simply because snuthi poola decided she was more important the nurse blatantly dismissed protocol was laughing in the hallway with the other patient and took me in for just 3 minutes to check weight height and in that moment i told her clearly that i had tested positive for lupus a serious autoimmune disease that can affect vital organs her response she still told me to wait for the other patient to finish no concern no urgency no triage nothing when i confronted her she didn t apologize instead she argued made excuses and claimed the other patient was an existing customer as if that justifies completely ignoring the appointment schedule worse she lied and said the patient was dizzy even though no mention of dizziness was made at reception and even if it were true it has nothing to do with seeing a rheumatologist dizziness is not an urgent symptom in a rheumatology clinic if it were a true emergency the patient should have been sent to urgent care or a different specialty not allowed to cut the line under a false excuse that explanation was clearly a cover up for blatant favoritism and unprofessionalism to make things worse the nurse knew i was in a hurry and if she had any true concern for patient well being she would have considered that i was coming in for a serious health issue not a basic check up she had no idea what condition i was being seen for and for all she knew my case could have been far more urgent than the other patient s her decision to ignore that and prioritize someone simply because they were a regular shows just how irresponsible and unprofessional she truly is i ve been an existing customer myself at another hospital won t mention its name and i have never once seen a new patient get sidelined like this her behavior was rude condescending and dishonest she treated me like i was too dumb to understand how the system works when in reality she was the one breaking it the rest of the nursing staff were no better not one stepped in and their body language clearly showed they were annoyed i was even speaking up the only two people who acted with decency were the main receptionist who initially said it was my turn and the nurse manager who kindly stepped in after everything and tried to salvage the situation honestly she doesn t deserve to work in a place where patients are ignored dismissed and treated like they re in the way snuthi poola s attitude dishonesty and lack of basic professionalism is unacceptable i walked out completely disrespected with no apology from her and i will never return if this is how dr amel ginawi s staff treats patients especially new ones then i strongly do not recommend this hospital to anyone i truly have more words but no words can explain my disappointment and how my health was dismissed by the nurse,this review be direct to mediclinic city hospital and dr amel ginawi because the behavior of her nurse sunitha poola be absolutely disgraceful and unfit for any medical setting I have an appointment as a new patient at 11 40 be after check in properly and be tell by the main receptionist that I be next another woman with a 12 40 pm appointment walk in and be allow to go in before I not because of any emergency but simply because snuthi poola decide she be more important the nurse blatantly dismiss protocol be laugh in the hallway with the other patient and take I in for just 3 minute to check weight height and in that moment I tell she clearly that I have test positive for lupus a serious autoimmune disease that can affect vital organ her response she still tell I to wait for the other patient to finish no concern no urgency no triage nothing when I confront she she didn t apologize instead she argue make excuse and claim the other patient be an exist customer as if that justify completely ignore the appointment schedule bad she lie and say the patient be dizzy even though no mention of dizziness be make at reception and even if it be true it have nothing to do with see a rheumatologist dizziness be not an urgent symptom in a rheumatology clinic if it be a true emergency the patient should have be send to urgent care or a different specialty not allow to cut the line under a false excuse that explanation be clearly a cover up for blatant favoritism and unprofessionalism to make thing bad the nurse know I be in a hurry and if she have any true concern for patient well be she would have consider that I be come in for a serious health issue not a basic check up she have no idea what condition I be be see for and for all she know my case could have be far more urgent than the other patient s her decision to ignore that and prioritize someone simply because they be a regular show just how irresponsible and unprofessional she truly be I ve be an exist customer myself at another hospital win t mention its name and I have never once see a new patient get sideline like this her behavior be rude condescending and dishonest she treat I like I be too dumb to understand how the system work when in reality she be the one break it the rest of the nursing staff be no well not one step in and their body language clearly show they be annoy I be even speak up the only two people who act with decency be the main receptionist who initially say it be my turn and the nurse manager who kindly step in after everything and try to salvage the situation honestly she doesn t deserve to work in a place where patient be ignore dismiss and treat like they re in the way snuthi poola s attitude dishonesty and lack of basic professionalism be unacceptable I walk out completely disrespected with no apology from she and I will never return if this be how dr amel ginawi s staff treat patient especially new one then I strongly do not recommend this hospital to anyone I truly have more word but no word can explain my disappointment and how my health be dismiss by the nurse,NEGATIVE,0.9996203184127808
Mediclinic_City_Hospital,5.0,Dr. Ansary took a broad interest in my overall health and lifestyle and adopted a coaching style to help me improve my position. This is fairly unique among GPs / family medicine doctors. Generous with his time and a smart guy.,5 days ago,dr ansary took a broad interest in my overall health and lifestyle and adopted a coaching style to help me improve my position this is fairly unique among gps family medicine doctors generous with his time and a smart guy,dr ansary took a broad interest in my overall health and lifestyle and adopted a coaching style to help me improve my position this is fairly unique among gps family medicine doctors generous with his time and a smart guy,dr ansary take a broad interest in my overall health and lifestyle and adopt a coach style to help I improve my position this be fairly unique among gps family medicine doctor generous with his time and a smart guy,POSITIVE,0.998053789138794
Mediclinic_City_Hospital,5.0,"I had a wonderful experience with Dr. M. Saadat and Nurse Eunice C. They were both incredibly professional, kind, and attentive throughout my visit. They made me feel completely at ease with their warm and caring approach. They listened carefully to my concerns, explained everything clearly, and ensured I was comfortable at every step. I also noticed how meticulous they were about cleanliness and hygiene, which I truly appreciated. Their compassionate care and attention to detail made all the difference. Thank you",3 months ago,i had a wonderful experience with dr m saadat and nurse eunice c they were both incredibly professional kind and attentive throughout my visit they made me feel completely at ease with their warm and caring approach they listened carefully to my concerns explained everything clearly and ensured i was comfortable at every step i also noticed how meticulous they were about cleanliness and hygiene which i truly appreciated their compassionate care and attention to detail made all the difference thank you,i had a wonderful experience with dr m saadat and nurse eunice c they were both incredibly professional kind and attentive throughout my visit they made me feel completely at ease with their warm and caring approach they listened carefully to my concerns explained everything clearly and ensured i was comfortable at every step i also noticed how meticulous they were about cleanliness and hygiene which i truly appreciated their compassionate care and attention to detail made all the difference thank you,I have a wonderful experience with dr m saadat and nurse eunice c they be both incredibly professional kind and attentive throughout my visit they make I feel completely at ease with their warm and caring approach they listen carefully to my concern explain everything clearly and ensure I be comfortable at every step I also notice how meticulous they be about cleanliness and hygiene which I truly appreciate their compassionate care and attention to detail make all the difference thank you,POSITIVE,0.9998366832733154
Mediclinic_City_Hospital,5.0,"I want to sincerely thank Dr. Valentina Giaccaglia and her team! The doctor explains everything clearly, supports and makes you feel safe and calm. The whole process went smooth, and the recovery is very easy. I appreciate genuine care and kindness. It’s rare to meet such a doctor!
Thank you!",a month ago,i want to sincerely thank dr valentina giaccaglia and her team the doctor explains everything clearly supports and makes you feel safe and calm the whole process went smooth and the recovery is very easy i appreciate genuine care and kindness it s rare to meet such a doctor thank you,i want to sincerely thank dr valentina giaccaglia and her team the doctor explains everything clearly supports and makes you feel safe and calm the whole process went smooth and the recovery is very easy i appreciate genuine care and kindness it s rare to meet such a doctor thank you,I want to sincerely thank dr valentina giaccaglia and her team the doctor explain everything clearly support and make you feel safe and calm the whole process go smooth and the recovery be very easy I appreciate genuine care and kindness it s rare to meet such a doctor thank you,POSITIVE,0.9998478889465332
Mediclinic_City_Hospital,5.0,"🌟🌟🌟🌟🌟
Exceptional Care by Dr. Duff – Highly Recommend!

I recently had a consultation with Dr. Duff, Neurosurgeon, and I was truly impressed. From the moment the appointment began, he was incredibly thorough, taking the time to carefully review my case and listen to all my concerns.

His examination was meticulous, and his approach reflected deep expertise and genuine care. What stood out the most was his clear and patient counseling – he explained everything in a way that was easy to understand and left me feeling informed and reassured.

Dr. Duff’s professionalism, kindness, and attention to detail made a difficult time much easier to navigate. I am very grateful to have been seen by such a competent and compassionate specialist.

Thank you, Dr. Duff, for your outstanding care!",4 months ago,exceptional care by dr duff highly recommend i recently had a consultation with dr duff neurosurgeon and i was truly impressed from the moment the appointment began he was incredibly thorough taking the time to carefully review my case and listen to all my concerns his examination was meticulous and his approach reflected deep expertise and genuine care what stood out the most was his clear and patient counseling he explained everything in a way that was easy to understand and left me feeling informed and reassured dr duff s professionalism kindness and attention to detail made a difficult time much easier to navigate i am very grateful to have been seen by such a competent and compassionate specialist thank you dr duff for your outstanding care,exceptional care by dr duff highly recommend i recently had a consultation with dr duff neurosurgeon and i was truly impressed from the moment the appointment began he was incredibly thorough taking the time to carefully review my case and listen to all my concerns his examination was meticulous and his approach reflected deep expertise and genuine care what stood out the most was his clear and patient counseling he explained everything in a way that was easy to understand and left me feeling informed and reassured dr duff s professionalism kindness and attention to detail made a difficult time much easier to navigate i am very grateful to have been seen by such a competent and compassionate specialist thank you dr duff for your outstanding care,exceptional care by dr duff highly recommend I recently have a consultation with dr duff neurosurgeon and I be truly impressed from the moment the appointment begin he be incredibly thorough take the time to carefully review my case and listen to all my concern his examination be meticulous and his approach reflect deep expertise and genuine care what stand out the most be his clear and patient counseling he explain everything in a way that be easy to understand and leave I feel informed and reassure dr duff s professionalism kindness and attention to detail make a difficult time much easy to navigate I be very grateful to have be see by such a competent and compassionate specialist thank you dr duff for your outstanding care,POSITIVE,0.9994753003120422
Mediclinic_City_Hospital,5.0,"Dr. Mohammed Ansary is an excellent family medicine doctor. He takes the time to listen and explain things clearly, and you can tell he genuinely cares about his patients. His guidance has really helped me, and I appreciate his honesty and professionalism. Highly recommend him.",4 weeks ago,dr mohammed ansary is an excellent family medicine doctor he takes the time to listen and explain things clearly and you can tell he genuinely cares about his patients his guidance has really helped me and i appreciate his honesty and professionalism highly recommend him,dr mohammed ansary is an excellent family medicine doctor he takes the time to listen and explain things clearly and you can tell he genuinely cares about his patients his guidance has really helped me and i appreciate his honesty and professionalism highly recommend him,dr mohammed ansary be an excellent family medicine doctor he take the time to listen and explain thing clearly and you can tell he genuinely care about his patient his guidance have really help I and I appreciate his honesty and professionalism highly recommend he,POSITIVE,0.9998005032539368
Mediclinic_City_Hospital,5.0,"We’ve been blessed to have Dr. Kavita deliver both of our babies, and we couldn’t be more grateful. She is kind, attentive, and truly listens, working with us to make the best decisions. When it counted, her decisive medical calls prioritized my wife’s health and proved absolutely right both times. We believe the health of our babies — and their mother — is thanks to her incredible care and expertise. Highly recommended!",2 months ago,we ve been blessed to have dr kavita deliver both of our babies and we couldn t be more grateful she is kind attentive and truly listens working with us to make the best decisions when it counted her decisive medical calls prioritized my wife s health and proved absolutely right both times we believe the health of our babies and their mother is thanks to her incredible care and expertise highly recommended,we ve been blessed to have dr kavita deliver both of our babies and we couldn t be more grateful she is kind attentive and truly listens working with us to make the best decisions when it counted her decisive medical calls prioritized my wife s health and proved absolutely right both times we believe the health of our babies and their mother is thanks to her incredible care and expertise highly recommended,we ve be bless to have dr kavita deliver both of our baby and we couldn t be more grateful she be kind attentive and truly listen work with we to make the good decision when it count her decisive medical call prioritize my wife s health and prove absolutely right both time we believe the health of our baby and their mother be thank to her incredible care and expertise highly recommend,POSITIVE,0.9998469352722168
Mediclinic_City_Hospital,5.0,"We were in a difficult situation, but the nurses and doctors were with us and made sure we are well taken care of. Huge thanks to the nurses and doctors in PICU! We are grateful and we appreciate your genuine concern and empathy to us. ❤️",5 days ago,we were in a difficult situation but the nurses and doctors were with us and made sure we are well taken care of huge thanks to the nurses and doctors in picu we are grateful and we appreciate your genuine concern and empathy to us,we were in a difficult situation but the nurses and doctors were with us and made sure we are well taken care of huge thanks to the nurses and doctors in picu we are grateful and we appreciate your genuine concern and empathy to us,we be in a difficult situation but the nurse and doctor be with we and make sure we be well take care of huge thank to the nurse and doctor in picu we be grateful and we appreciate your genuine concern and empathy to we,POSITIVE,0.9998412132263184
Mediclinic_City_Hospital,5.0,"I had a wonderful experience with Dr. Natasha Shah. From the start, she was incredibly attentive and took the time to truly listen. She asked all the right questions to understand my concerns thoroughly, which immediately made me feel at ease. What I appreciated most was her transparency — she clearly explained all the available treatment options and walked me through the pros and cons of each. I felt informed, respected, and empowered to make the best decision for my health. Highly recommend her!",3 months ago,i had a wonderful experience with dr natasha shah from the start she was incredibly attentive and took the time to truly listen she asked all the right questions to understand my concerns thoroughly which immediately made me feel at ease what i appreciated most was her transparency she clearly explained all the available treatment options and walked me through the pros and cons of each i felt informed respected and empowered to make the best decision for my health highly recommend her,i had a wonderful experience with dr natasha shah from the start she was incredibly attentive and took the time to truly listen she asked all the right questions to understand my concerns thoroughly which immediately made me feel at ease what i appreciated most was her transparency she clearly explained all the available treatment options and walked me through the pros and cons of each i felt informed respected and empowered to make the best decision for my health highly recommend her,I have a wonderful experience with dr natasha shah from the start she be incredibly attentive and take the time to truly listen she ask all the right question to understand my concern thoroughly which immediately make I feel at ease what I appreciate most be her transparency she clearly explain all the available treatment option and walk I through the pro and con of each I feel inform respect and empower to make the good decision for my health highly recommend she,POSITIVE,0.9996899366378784
Mediclinic_City_Hospital,5.0,"Mr Ibrahim from emergency desk helped me and my daughter and he want an extra mile , where he called the insurance to link my insurance with National ID as my daughter had a pneumonia at that night and because of him my daughter had the chance to recieve the treatment and she was  admitted for 3 nights . Thank you Ibrahim and god bless you and your family , I would like to recognize his efforts and dedication.",3 months ago,mr ibrahim from emergency desk helped me and my daughter and he want an extra mile where he called the insurance to link my insurance with national id as my daughter had a pneumonia at that night and because of him my daughter had the chance to recieve the treatment and she was admitted for 3 nights thank you ibrahim and god bless you and your family i would like to recognize his efforts and dedication,mr ibrahim from emergency desk helped me and my daughter and he want an extra mile where he called the insurance to link my insurance with national id as my daughter had a pneumonia at that night and because of him my daughter had the chance to recieve the treatment and she was admitted for 3 nights thank you ibrahim and god bless you and your family i would like to recognize his efforts and dedication,mr ibrahim from emergency desk help I and my daughter and he want an extra mile where he call the insurance to link my insurance with national i d as my daughter have a pneumonia at that night and because of he my daughter have the chance to recieve the treatment and she be admit for 3 night thank you ibrahim and god bless you and your family I would like to recognize his effort and dedication,POSITIVE,0.9984784722328186
Mediclinic_City_Hospital,5.0,"I recently visited the emergency department and had a very reassuring experience. Nurse Sana was incredibly kind, attentive, and professional—she made me feel calm and well cared for during a stressful time. Dr. Elsa was thorough in her assessment and explained everything clearly, which gave me great confidence in the treatment plan. I truly appreciate their dedication and compassion. Thank you both!",3 months ago,i recently visited the emergency department and had a very reassuring experience nurse sana was incredibly kind attentive and professional she made me feel calm and well cared for during a stressful time dr elsa was thorough in her assessment and explained everything clearly which gave me great confidence in the treatment plan i truly appreciate their dedication and compassion thank you both,i recently visited the emergency department and had a very reassuring experience nurse sana was incredibly kind attentive and professional she made me feel calm and well cared for during a stressful time dr elsa was thorough in her assessment and explained everything clearly which gave me great confidence in the treatment plan i truly appreciate their dedication and compassion thank you both,I recently visit the emergency department and have a very reassuring experience nurse sana be incredibly kind attentive and professional she make I feel calm and well care for during a stressful time dr elsa be thorough in her assessment and explain everything clearly which give I great confidence in the treatment plan I truly appreciate their dedication and compassion thank you both,POSITIVE,0.9998056292533875
Mediclinic_City_Hospital,5.0,"Dr. Natasha combines warmth with excellent clinical judgment. She takes a step-by-step approach, carefully explaining each stage of the plan. Rather than prescribing medication right away, she starts with practical lifestyle changes aimed at correcting abnormalities and addressing the root cause. I felt heard, supported, and confident in the path forward. Truly outstanding care! Highly recommended!!",2 months ago,dr natasha combines warmth with excellent clinical judgment she takes a step by step approach carefully explaining each stage of the plan rather than prescribing medication right away she starts with practical lifestyle changes aimed at correcting abnormalities and addressing the root cause i felt heard supported and confident in the path forward truly outstanding care highly recommended,dr natasha combines warmth with excellent clinical judgment she takes a step by step approach carefully explaining each stage of the plan rather than prescribing medication right away she starts with practical lifestyle changes aimed at correcting abnormalities and addressing the root cause i felt heard supported and confident in the path forward truly outstanding care highly recommended,dr natasha combine warmth with excellent clinical judgment she take a step by step approach carefully explain each stage of the plan rather than prescribe medication right away she start with practical lifestyle change aim at correct abnormality and address the root cause I felt hear support and confident in the path forward truly outstanding care highly recommend,POSITIVE,0.9996052384376526
Mediclinic_City_Hospital,5.0,"Staff are all friendly from reception to laboratory down to nurses and pharmacy. Doctor are amazing,  they explain very well the procedure , causes and best treatment for the patient. I've done day procedure and the room is excellent, very neat and spacious. Also the food is excellent!",3 weeks ago,staff are all friendly from reception to laboratory down to nurses and pharmacy doctor are amazing they explain very well the procedure causes and best treatment for the patient i ve done day procedure and the room is excellent very neat and spacious also the food is excellent,staff are all friendly from reception to laboratory down to nurses and pharmacy doctor are amazing they explain very well the procedure causes and best treatment for the patient i ve done day procedure and the room is excellent very neat and spacious also the food is excellent,staff be all friendly from reception to laboratory down to nurse and pharmacy doctor be amazing they explain very well the procedure cause and good treatment for the patient I ve do day procedure and the room be excellent very neat and spacious also the food be excellent,POSITIVE,0.9997979998588562
Mediclinic_City_Hospital,5.0,"The hospital maintains an exceptionally clean environment, with professional and courteous staff who ensure timely delivery of results. During my recent executive check-up, I was well accommodated throughout the entire process. I would like to extend my sincere appreciation to Dr. Mohammed Ansary, Mrs. Sreela Nair, and Ms. Luz Abadilla for their outstanding service and support. I highly recommend this hospital.",a month ago,the hospital maintains an exceptionally clean environment with professional and courteous staff who ensure timely delivery of results during my recent executive check up i was well accommodated throughout the entire process i would like to extend my sincere appreciation to dr mohammed ansary mrs sreela nair and ms luz abadilla for their outstanding service and support i highly recommend this hospital,the hospital maintains an exceptionally clean environment with professional and courteous staff who ensure timely delivery of results during my recent executive check up i was well accommodated throughout the entire process i would like to extend my sincere appreciation to dr mohammed ansary mrs sreela nair and ms luz abadilla for their outstanding service and support i highly recommend this hospital,the hospital maintain an exceptionally clean environment with professional and courteous staff who ensure timely delivery of result during my recent executive check up I be well accommodate throughout the entire process I would like to extend my sincere appreciation to dr mohammed ansary mrs sreela nair and ms luz abadilla for their outstanding service and support I highly recommend this hospital,POSITIVE,0.9997046589851379
Mediclinic_City_Hospital,5.0,"For Emergency room!
I would like to thank all the staff at Mediclinic City Hospital Emergency Room for their excellent care. A special thanks to Dr. Phillip Furstenburg — he is one of the kindest, most caring doctors I have ever met. He took such great care of my mom and treated her with compassion and professionalism. I would also like to thank Ms. Anna, the nurse, who was incredibly kind and helpful throughout. I truly appreciate the support and dedication from the entire team.",2 months ago,for emergency room i would like to thank all the staff at mediclinic city hospital emergency room for their excellent care a special thanks to dr phillip furstenburg he is one of the kindest most caring doctors i have ever met he took such great care of my mom and treated her with compassion and professionalism i would also like to thank ms anna the nurse who was incredibly kind and helpful throughout i truly appreciate the support and dedication from the entire team,for emergency room i would like to thank all the staff at mediclinic city hospital emergency room for their excellent care a special thanks to dr phillip furstenburg he is one of the kindest most caring doctors i have ever met he took such great care of my mom and treated her with compassion and professionalism i would also like to thank ms anna the nurse who was incredibly kind and helpful throughout i truly appreciate the support and dedication from the entire team,for emergency room I would like to thank all the staff at mediclinic city hospital emergency room for their excellent care a special thank to dr phillip furstenburg he be one of the kind most caring doctor I have ever meet he take such great care of my mom and treat she with compassion and professionalism I would also like to thank ms anna the nurse who be incredibly kind and helpful throughout I truly appreciate the support and dedication from the entire team,POSITIVE,0.9998384714126587
Mediclinic_City_Hospital,5.0,"I brought my daughter to the paediatrics department and was extremely pleased with the professionalism and kindness of Dr. Zarife Daoud. My daughter is usually very nervous about visiting the doctor, but Dr. Zarife managed her with such care and attention that she left with a big smile. Not only does she engage wonderfully with children, but her medical knowledge and the level of care she provides are truly exceptional",4 weeks ago,i brought my daughter to the paediatrics department and was extremely pleased with the professionalism and kindness of dr zarife daoud my daughter is usually very nervous about visiting the doctor but dr zarife managed her with such care and attention that she left with a big smile not only does she engage wonderfully with children but her medical knowledge and the level of care she provides are truly exceptional,i brought my daughter to the paediatrics department and was extremely pleased with the professionalism and kindness of dr zarife daoud my daughter is usually very nervous about visiting the doctor but dr zarife managed her with such care and attention that she left with a big smile not only does she engage wonderfully with children but her medical knowledge and the level of care she provides are truly exceptional,I bring my daughter to the paediatric department and be extremely pleased with the professionalism and kindness of dr zarife daoud my daughter be usually very nervous about visit the doctor but dr zarife manage she with such care and attention that she leave with a big smile not only do she engage wonderfully with child but her medical knowledge and the level of care she provide be truly exceptional,POSITIVE,0.9997614026069641
Mediclinic_City_Hospital,5.0,"Very very grateful for dr saima with our baby boy noah, really put us at ease, incredibly thorough with tests and discussed next steps with us as parents. Cannot thank her enough. Truly an amazing Paediatrician.",2 weeks ago,very very grateful for dr saima with our baby boy noah really put us at ease incredibly thorough with tests and discussed next steps with us as parents cannot thank her enough truly an amazing paediatrician,very very grateful for dr saima with our baby boy noah really put us at ease incredibly thorough with tests and discussed next steps with us as parents cannot thank her enough truly an amazing paediatrician,very very grateful for dr saima with our baby boy noah really put we at ease incredibly thorough with test and discuss next step with we as parent can not thank she enough truly an amazing paediatrician,POSITIVE,0.9987902045249939
Mediclinic_City_Hospital,4.0,"I had been for a check up and the health package team was absolutely great in coordinating and arranging the complete process, with great care and attention.
I would like to express my satisfaction and convey special regards to Jenna and Luz for the professional and proactive assistance. Keep it up👍",3 weeks ago,i had been for a check up and the health package team was absolutely great in coordinating and arranging the complete process with great care and attention i would like to express my satisfaction and convey special regards to jenna and luz for the professional and proactive assistance keep it up,i had been for a check up and the health package team was absolutely great in coordinating and arranging the complete process with great care and attention i would like to express my satisfaction and convey special regards to jenna and luz for the professional and proactive assistance keep it up,I have be for a check up and the health package team be absolutely great in coordinate and arrange the complete process with great care and attention I would like to express my satisfaction and convey special regard to jenna and luz for the professional and proactive assistance keep it up,POSITIVE,0.9998000264167786
Mediclinic_City_Hospital,5.0,"A big thank you to Dr. Zaid in the ER for the exceptional care. He was not only professional and knowledgeable but also kind, patient, and truly reassuring in a stressful moment. His calm and compassionate approach made a difficult situation much easier. Deeply grateful for his support and excellent medical care.",3 weeks ago,a big thank you to dr zaid in the er for the exceptional care he was not only professional and knowledgeable but also kind patient and truly reassuring in a stressful moment his calm and compassionate approach made a difficult situation much easier deeply grateful for his support and excellent medical care,a big thank you to dr zaid in the er for the exceptional care he was not only professional and knowledgeable but also kind patient and truly reassuring in a stressful moment his calm and compassionate approach made a difficult situation much easier deeply grateful for his support and excellent medical care,a big thank you to dr zaid in the er for the exceptional care he be not only professional and knowledgeable but also kind patient and truly reassure in a stressful moment his calm and compassionate approach make a difficult situation much easy deeply grateful for his support and excellent medical care,POSITIVE,0.9998102784156799
Mediclinic_City_Hospital,5.0,"I would like to sincerely thank Dr. Alla Jalabi for the excellent care and attention I received during my hospital stay. The doctor was professional, kind, and very supportive, making me feel comfortable and well-informed about my treatment. I truly appreciate the dedication and compassion shown. Thank you for your outstanding service.",a month ago,i would like to sincerely thank dr alla jalabi for the excellent care and attention i received during my hospital stay the doctor was professional kind and very supportive making me feel comfortable and well informed about my treatment i truly appreciate the dedication and compassion shown thank you for your outstanding service,i would like to sincerely thank dr alla jalabi for the excellent care and attention i received during my hospital stay the doctor was professional kind and very supportive making me feel comfortable and well informed about my treatment i truly appreciate the dedication and compassion shown thank you for your outstanding service,I would like to sincerely thank dr alla jalabi for the excellent care and attention I receive during my hospital stay the doctor be professional kind and very supportive make I feel comfortable and well informed about my treatment I truly appreciate the dedication and compassion show thank you for your outstanding service,POSITIVE,0.9998537302017212
Mediclinic_City_Hospital,5.0,"Dr. Shah is an excellent doctor. Thorough, attentive, and genuinely cares about her patients. She takes the time to understand the issue and ensures the treatment is effective. I really appreciate that she follows up to check on progress. Highly recommended!",a month ago,dr shah is an excellent doctor thorough attentive and genuinely cares about her patients she takes the time to understand the issue and ensures the treatment is effective i really appreciate that she follows up to check on progress highly recommended,dr shah is an excellent doctor thorough attentive and genuinely cares about her patients she takes the time to understand the issue and ensures the treatment is effective i really appreciate that she follows up to check on progress highly recommended,dr shah be an excellent doctor thorough attentive and genuinely care about her patient she take the time to understand the issue and ensure the treatment be effective I really appreciate that she follow up to check on progress highly recommend,POSITIVE,0.9997592568397522
Mediclinic_City_Hospital,5.0,The hospital has amazing staff and almost zero wait time and very easy to navigate through it. Dr. Mohamed Ansary from family medicine is a great doctor. He is very well rounded and not only took care of what I came in for but also made sure to ask about everything else as well and took everything I said into account.,4 weeks ago,the hospital has amazing staff and almost zero wait time and very easy to navigate through it dr mohamed ansary from family medicine is a great doctor he is very well rounded and not only took care of what i came in for but also made sure to ask about everything else as well and took everything i said into account,the hospital has amazing staff and almost zero wait time and very easy to navigate through it dr mohamed ansary from family medicine is a great doctor he is very well rounded and not only took care of what i came in for but also made sure to ask about everything else as well and took everything i said into account,the hospital have amazing staff and almost zero wait time and very easy to navigate through it dr mohame ansary from family medicine be a great doctor he be very well rounded and not only take care of what I come in for but also make sure to ask about everything else as well and take everything I say into account,POSITIVE,0.9997493624687195
Mediclinic_City_Hospital,5.0,"Had a great experience at Mediclinic City Hospital. I visited for dizziness and Dr. Mohamed Ansry was attentive, explained everything clearly, and reassured me throughout. The staff were professional and the process was smooth—highly recommended.",a week ago,had a great experience at mediclinic city hospital i visited for dizziness and dr mohamed ansry was attentive explained everything clearly and reassured me throughout the staff were professional and the process was smooth highly recommended,had a great experience at mediclinic city hospital i visited for dizziness and dr mohamed ansry was attentive explained everything clearly and reassured me throughout the staff were professional and the process was smooth highly recommended,have a great experience at mediclinic city hospital I visit for dizziness and dr mohame ansry be attentive explain everything clearly and reassure I throughout the staff be professional and the process be smooth highly recommend,POSITIVE,0.9993465542793274
Mediclinic_City_Hospital,5.0,"I recently delivered my baby at Mediclinic City Hospital under the care of Dr. Sangeeta Pathak, and I’m truly thankful for the wonderful care she provided. From the very start, she was not only knowledgeable but also incredibly supportive and kind. She always took the time to listen to me, patiently answering all my questions and easing any worries I had along the way. I always felt like I could rely on her guidance.

During delivery, her calm and reassuring presence made me feel safe and cared for. The midwives also provided excellent care for which I am grateful. Dr. Pathak’s genuine compassion and support made a huge difference in my experience, and I felt like I was in the best hands. I highly recommend her to anyone seeking a caring and dedicated OBGYN!",3 months ago,i recently delivered my baby at mediclinic city hospital under the care of dr sangeeta pathak and i m truly thankful for the wonderful care she provided from the very start she was not only knowledgeable but also incredibly supportive and kind she always took the time to listen to me patiently answering all my questions and easing any worries i had along the way i always felt like i could rely on her guidance during delivery her calm and reassuring presence made me feel safe and cared for the midwives also provided excellent care for which i am grateful dr pathak s genuine compassion and support made a huge difference in my experience and i felt like i was in the best hands i highly recommend her to anyone seeking a caring and dedicated obgyn,i recently delivered my baby at mediclinic city hospital under the care of dr sangeeta pathak and i m truly thankful for the wonderful care she provided from the very start she was not only knowledgeable but also incredibly supportive and kind she always took the time to listen to me patiently answering all my questions and easing any worries i had along the way i always felt like i could rely on her guidance during delivery her calm and reassuring presence made me feel safe and cared for the midwives also provided excellent care for which i am grateful dr pathak s genuine compassion and support made a huge difference in my experience and i felt like i was in the best hands i highly recommend her to anyone seeking a caring and dedicated obgyn,I recently deliver my baby at mediclinic city hospital under the care of dr sangeeta pathak and I m truly thankful for the wonderful care she provide from the very start she be not only knowledgeable but also incredibly supportive and kind she always take the time to listen to I patiently answer all my question and ease any worry I have along the way I always feel like I could rely on her guidance during delivery her calm and reassuring presence make I feel safe and care for the midwife also provide excellent care for which I be grateful dr pathak s genuine compassion and support make a huge difference in my experience and I feel like I be in the good hand I highly recommend she to anyone seek a caring and dedicated obgyn,POSITIVE,0.9998236298561096
Mediclinic_City_Hospital,5.0,"Heartfelt Appreciation for Exceptional Care
Dear Dr. Taohid Oladele Oshodi, Dr. Murielle Beotin, and the entire team,

I am writing to express my deepest gratitude for the outstanding care and kindness I received during my recent port cast removal procedure at Mediclinic. From the moment I arrived, I felt supported, respected, and genuinely cared for by every member of your team.

A special thanks to Dr. Taohid Oshodi and Dr. Murielle Beotin for your professionalism, patience, and gentle approach throughout the procedure. Your reassurance and expertise made all the difference in making the experience smooth and comfortable.

To the nursing staff: Joyce Torcino, Steffy Stephen, Suma Joseph, and Sofji Tony, thank you for your warmth and attentiveness. You created an environment that felt safe and compassionate.

I would also like to recognize Subulakshmi Velludanei, the technician, for her efficiency and kindness, and Sai, the porter, for his helpfulness and cheerful attitude.

In a time when medical visits can often feel rushed or impersonal, your team reminded me of the power of human connection in healthcare. Thank you for going above and beyond with such sincerity and grace.

With heartfelt appreciation,
Zainab Al-Abadla",Edited 5 months ago,heartfelt appreciation for exceptional care dear dr taohid oladele oshodi dr murielle beotin and the entire team i am writing to express my deepest gratitude for the outstanding care and kindness i received during my recent port cast removal procedure at mediclinic from the moment i arrived i felt supported respected and genuinely cared for by every member of your team a special thanks to dr taohid oshodi and dr murielle beotin for your professionalism patience and gentle approach throughout the procedure your reassurance and expertise made all the difference in making the experience smooth and comfortable to the nursing staff joyce torcino steffy stephen suma joseph and sofji tony thank you for your warmth and attentiveness you created an environment that felt safe and compassionate i would also like to recognize subulakshmi velludanei the technician for her efficiency and kindness and sai the porter for his helpfulness and cheerful attitude in a time when medical visits can often feel rushed or impersonal your team reminded me of the power of human connection in healthcare thank you for going above and beyond with such sincerity and grace with heartfelt appreciation zainab al abadla,heartfelt appreciation for exceptional care dear dr taohid oladele oshodi dr murielle beotin and the entire team i am writing to express my deepest gratitude for the outstanding care and kindness i received during my recent port cast removal procedure at mediclinic from the moment i arrived i felt supported respected and genuinely cared for by every member of your team a special thanks to dr taohid oshodi and dr murielle beotin for your professionalism patience and gentle approach throughout the procedure your reassurance and expertise made all the difference in making the experience smooth and comfortable to the nursing staff joyce torcino steffy stephen suma joseph and sofji tony thank you for your warmth and attentiveness you created an environment that felt safe and compassionate i would also like to recognize subulakshmi velludanei the technician for her efficiency and kindness and sai the porter for his helpfulness and cheerful attitude in a time when medical visits can often feel rushed or impersonal your team reminded me of the power of human connection in healthcare thank you for going above and beyond with such sincerity and grace with heartfelt appreciation zainab al abadla,heartfelt appreciation for exceptional care dear dr taohid oladele oshodi dr murielle beotin and the entire team I be write to express my deep gratitude for the outstanding care and kindness I receive during my recent port cast removal procedure at mediclinic from the moment I arrive I felt support respected and genuinely care for by every member of your team a special thank to dr taohid oshodi and dr murielle beotin for your professionalism patience and gentle approach throughout the procedure your reassurance and expertise make all the difference in make the experience smooth and comfortable to the nursing staff joyce torcino steffy stephen suma joseph and sofji tony thank you for your warmth and attentiveness you create an environment that feel safe and compassionate I would also like to recognize subulakshmi velludanei the technician for her efficiency and kindness and sai the porter for his helpfulness and cheerful attitude in a time when medical visit can often feel rushed or impersonal your team remind I of the power of human connection in healthcare thank you for go above and beyond with such sincerity and grace with heartfelt appreciation zainab al abadla,POSITIVE,0.9997956156730652
Mediclinic_City_Hospital,5.0,"Great experience with this hospital, service was immaculate. Special thank you to nurse Jeddahlyn in the cardiology clinic, she was extremely cooperative, patient and kind. She helped my mom throughout her whole visit, she is very professional and sweet.",a month ago,great experience with this hospital service was immaculate special thank you to nurse jeddahlyn in the cardiology clinic she was extremely cooperative patient and kind she helped my mom throughout her whole visit she is very professional and sweet,great experience with this hospital service was immaculate special thank you to nurse jeddahlyn in the cardiology clinic she was extremely cooperative patient and kind she helped my mom throughout her whole visit she is very professional and sweet,great experience with this hospital service be immaculate special thank you to nurse jeddahlyn in the cardiology clinic she be extremely cooperative patient and kind she help my mom throughout her whole visit she be very professional and sweet,POSITIVE,0.9997277855873108
Mediclinic_City_Hospital,5.0,"I recently underwent a surgery with Dr. Valentina Giaccaglia. From our very first appointment, I found her to be very thorough in her diagnosis, extremely qualified as well as compassionate. She very clearly and accurately explained what I should be expecting after the surgery and the days to follow. Her post operative care has been very reassuring as she has followed up with me on a weekly basis. She made this whole process comforting and full of ease for me. I cannot thank her enough.",3 months ago,i recently underwent a surgery with dr valentina giaccaglia from our very first appointment i found her to be very thorough in her diagnosis extremely qualified as well as compassionate she very clearly and accurately explained what i should be expecting after the surgery and the days to follow her post operative care has been very reassuring as she has followed up with me on a weekly basis she made this whole process comforting and full of ease for me i cannot thank her enough,i recently underwent a surgery with dr valentina giaccaglia from our very first appointment i found her to be very thorough in her diagnosis extremely qualified as well as compassionate she very clearly and accurately explained what i should be expecting after the surgery and the days to follow her post operative care has been very reassuring as she has followed up with me on a weekly basis she made this whole process comforting and full of ease for me i cannot thank her enough,I recently undergo a surgery with dr valentina giaccaglia from our very first appointment I find she to be very thorough in her diagnosis extremely qualified as well as compassionate she very clearly and accurately explain what I should be expect after the surgery and the day to follow her post operative care have be very reassuring as she have follow up with I on a weekly basis she make this whole process comfort and full of ease for I I can not thank she enough,POSITIVE,0.9995037317276001
Mediclinic_City_Hospital,5.0,"I had an excellent experience with Dr. Mohammed Ansary at Mediclinic City Hospital. He provided my results quickly and explained everything with great clarity and insight. He was very approachable, genuinely caring, and even shared his contact for any follow-up questions. Highly recommended!",a month ago,i had an excellent experience with dr mohammed ansary at mediclinic city hospital he provided my results quickly and explained everything with great clarity and insight he was very approachable genuinely caring and even shared his contact for any follow up questions highly recommended,i had an excellent experience with dr mohammed ansary at mediclinic city hospital he provided my results quickly and explained everything with great clarity and insight he was very approachable genuinely caring and even shared his contact for any follow up questions highly recommended,I have an excellent experience with dr mohammed ansary at mediclinic city hospital he provide my result quickly and explain everything with great clarity and insight he be very approachable genuinely caring and even share his contact for any follow up question highly recommend,POSITIVE,0.9997223019599915
Mediclinic_City_Hospital,5.0,"“I am grateful for the exceptional support you provided during my time at your hospital. Thank you for your outstanding dedication and care. . Would like to say Thanks to the ED staff nurse Hannah and medical staff  Nurse Aiswarya, Jamila, jessica, Frailyn and roshni also For catering staff sumitra and romawa. Your genuine concern and support have meant a lot to me. Best service and best food and best care.",6 months ago,i am grateful for the exceptional support you provided during my time at your hospital thank you for your outstanding dedication and care would like to say thanks to the ed staff nurse hannah and medical staff nurse aiswarya jamila jessica frailyn and roshni also for catering staff sumitra and romawa your genuine concern and support have meant a lot to me best service and best food and best care,i am grateful for the exceptional support you provided during my time at your hospital thank you for your outstanding dedication and care would like to say thanks to the ed staff nurse hannah and medical staff nurse aiswarya jamila jessica frailyn and roshni also for catering staff sumitra and romawa your genuine concern and support have meant a lot to me best service and best food and best care,I be grateful for the exceptional support you provide during my time at your hospital thank you for your outstanding dedication and care would like to say thank to the ed staff nurse hannah and medical staff nurse aiswarya jamila jessica frailyn and roshni also for cater staff sumitra and romawa your genuine concern and support have mean a lot to I good service and good food and good care,POSITIVE,0.999782145023346
Mediclinic_City_Hospital,5.0,"After having a poor experience with a doctor at Mediclinic City Hospital, I was determined to take my records and move to KCL. I had undergone a scan and was waiting for the doctor to call me to discuss the results. However, a week passed and I hadn’t heard anything, so I decided to call the clinic—only to be informed that the doctor had left the practice.

Fast forward, I then received a call from Dr. Mohammed Ansary. Although I had already made up my mind to leave City Hospital, I found myself instantly drawn back to the clinic because of his warm and personable approach. It felt as though I was speaking with a friend I had known for years. As a result, I’ve decided to stay at the clinic under Dr. Ansary’s care.",3 weeks ago,after having a poor experience with a doctor at mediclinic city hospital i was determined to take my records and move to kcl i had undergone a scan and was waiting for the doctor to call me to discuss the results however a week passed and i hadn t heard anything so i decided to call the clinic only to be informed that the doctor had left the practice fast forward i then received a call from dr mohammed ansary although i had already made up my mind to leave city hospital i found myself instantly drawn back to the clinic because of his warm and personable approach it felt as though i was speaking with a friend i had known for years as a result i ve decided to stay at the clinic under dr ansary s care,after having a poor experience with a doctor at mediclinic city hospital i was determined to take my records and move to kcl i had undergone a scan and was waiting for the doctor to call me to discuss the results however a week passed and i hadn t heard anything so i decided to call the clinic only to be informed that the doctor had left the practice fast forward i then received a call from dr mohammed ansary although i had already made up my mind to leave city hospital i found myself instantly drawn back to the clinic because of his warm and personable approach it felt as though i was speaking with a friend i had known for years as a result i ve decided to stay at the clinic under dr ansary s care,after have a poor experience with a doctor at mediclinic city hospital I be determined to take my record and move to kcl I have undergo a scan and be wait for the doctor to call I to discuss the result however a week pass and I hadn t hear anything so I decide to call the clinic only to be inform that the doctor have leave the practice fast forward I then receive a call from dr mohammed ansary although I have already make up my mind to leave city hospital I find myself instantly draw back to the clinic because of his warm and personable approach it feel as though I be speak with a friend I have know for year as a result I ve decide to stay at the clinic under dr ansary s care,NEGATIVE,0.9782387018203735
Mediclinic_City_Hospital,5.0,"From the bottom of my heart, I really want to thank Dr. ElRasheed for being hospitable, super kind, and am very grateful for the exceptional care he provided whenever I was rushed in the emergency room. He asked me whatever I need. It is rare to find a doctor who combines such professionalism with such a warm, human touch. I felt reassured every step of the way, and I always knew I was in the best hands. Also, shout out to nurse Akshira  the pregnant and beautiful woman who was very patient, and has the genuine compassion. She gave me great comfort throughout my treatment. Thank you so much!❤️❤️❤️",2 months ago,from the bottom of my heart i really want to thank dr elrasheed for being hospitable super kind and am very grateful for the exceptional care he provided whenever i was rushed in the emergency room he asked me whatever i need it is rare to find a doctor who combines such professionalism with such a warm human touch i felt reassured every step of the way and i always knew i was in the best hands also shout out to nurse akshira the pregnant and beautiful woman who was very patient and has the genuine compassion she gave me great comfort throughout my treatment thank you so much,from the bottom of my heart i really want to thank dr elrasheed for being hospitable super kind and am very grateful for the exceptional care he provided whenever i was rushed in the emergency room he asked me whatever i need it is rare to find a doctor who combines such professionalism with such a warm human touch i felt reassured every step of the way and i always knew i was in the best hands also shout out to nurse akshira the pregnant and beautiful woman who was very patient and has the genuine compassion she gave me great comfort throughout my treatment thank you so much,from the bottom of my heart I really want to thank dr elrasheed for be hospitable super kind and be very grateful for the exceptional care he provide whenever I be rush in the emergency room he ask I whatever I need it be rare to find a doctor who combine such professionalism with such a warm human touch I felt reassure every step of the way and I always know I be in the good hand also shout out to nurse akshira the pregnant and beautiful woman who be very patient and have the genuine compassion she give I great comfort throughout my treatment thank you so much,POSITIVE,0.9996882677078247
Mediclinic_City_Hospital,5.0,"I had a very positive experience with Dr. Kavita during my pregnancy. She always kindly listens to my concerns and helps me address them. She was incredible during my delivery and my postpartum period. I would also like to thank the amazing midwifes Titilia and Emma for having wonderful attitudes. They showed me much kindness and support and I couldn’t have done it without them. And thanks to Georgette for taking the time to show us around the hospital and wards.
Thanks to all the staff and nurses for making my stay and experience unforgettably wonderful.",2 months ago,i had a very positive experience with dr kavita during my pregnancy she always kindly listens to my concerns and helps me address them she was incredible during my delivery and my postpartum period i would also like to thank the amazing midwifes titilia and emma for having wonderful attitudes they showed me much kindness and support and i couldn t have done it without them and thanks to georgette for taking the time to show us around the hospital and wards thanks to all the staff and nurses for making my stay and experience unforgettably wonderful,i had a very positive experience with dr kavita during my pregnancy she always kindly listens to my concerns and helps me address them she was incredible during my delivery and my postpartum period i would also like to thank the amazing midwifes titilia and emma for having wonderful attitudes they showed me much kindness and support and i couldn t have done it without them and thanks to georgette for taking the time to show us around the hospital and wards thanks to all the staff and nurses for making my stay and experience unforgettably wonderful,I have a very positive experience with dr kavita during my pregnancy she always kindly listen to my concern and help I address they she be incredible during my delivery and my postpartum period I would also like to thank the amazing midwife titilia and emma for have wonderful attitude they show I much kindness and support and I couldn t have do it without they and thank to georgette for take the time to show we around the hospital and ward thank to all the staff and nurse for make my stay and experience unforgettably wonderful,POSITIVE,0.9998345375061035
Mediclinic_City_Hospital,5.0,"Great medical facility, incredibly hygienic, great treatments and aftercare, Dr Yacoub is a knowledgeable and caring specialist, very good diagnostics and treatments. Gladie is a very attentive and caring nurse, very supportive and detailed ensuing smooth appointments, treatments and all insurance approvals. Highly recommend the facility and Dr Yacoub and his team",a month ago,great medical facility incredibly hygienic great treatments and aftercare dr yacoub is a knowledgeable and caring specialist very good diagnostics and treatments gladie is a very attentive and caring nurse very supportive and detailed ensuing smooth appointments treatments and all insurance approvals highly recommend the facility and dr yacoub and his team,great medical facility incredibly hygienic great treatments and aftercare dr yacoub is a knowledgeable and caring specialist very good diagnostics and treatments gladie is a very attentive and caring nurse very supportive and detailed ensuing smooth appointments treatments and all insurance approvals highly recommend the facility and dr yacoub and his team,great medical facility incredibly hygienic great treatment and aftercare dr yacoub be a knowledgeable and caring specialist very good diagnostic and treatment gladie be a very attentive and caring nurse very supportive and detailed ensue smooth appointment treatment and all insurance approval highly recommend the facility and dr yacoub and his team,POSITIVE,0.9997171759605408
Thumbay_Hospital_Ajman,5.0,"I just want to thank you Mr Mohamad Atiyab, reception- radiology department,  for everything you've done. I can’t tell you how much I appreciate the care and attention you’ve given me during my visit. It really made a difference. Good job and keep it up......",a month ago,i just want to thank you mr mohamad atiyab reception radiology department for everything you ve done i can t tell you how much i appreciate the care and attention you ve given me during my visit it really made a difference good job and keep it up,i just want to thank you mr mohamad atiyab reception radiology department for everything you ve done i can t tell you how much i appreciate the care and attention you ve given me during my visit it really made a difference good job and keep it up,I just want to thank you mr mohamad atiyab reception radiology department for everything you ve do I can t tell you how much I appreciate the care and attention you ve give I during my visit it really make a difference good job and keep it up,POSITIVE,0.9998193383216858
Thumbay_Hospital_Ajman,5.0,"🌟🌟🌟🌟🌟
I recently completed my physiotherapy sessions with Dr. Ruchita and Dr. Aqsa, and I am extremely satisfied with the care I received. Both doctors are highly professional, dedicated, and supportive throughout the treatment. When I started, my pain level was quite high, but with their expert guidance and encouragement, I feel so much better now. Their approach is both caring and professional, which made every session comfortable and effective. I truly appreciate their hard work and highly recommend their services to anyone in need of physiotherapy.",a month ago,i recently completed my physiotherapy sessions with dr ruchita and dr aqsa and i am extremely satisfied with the care i received both doctors are highly professional dedicated and supportive throughout the treatment when i started my pain level was quite high but with their expert guidance and encouragement i feel so much better now their approach is both caring and professional which made every session comfortable and effective i truly appreciate their hard work and highly recommend their services to anyone in need of physiotherapy,i recently completed my physiotherapy sessions with dr ruchita and dr aqsa and i am extremely satisfied with the care i received both doctors are highly professional dedicated and supportive throughout the treatment when i started my pain level was quite high but with their expert guidance and encouragement i feel so much better now their approach is both caring and professional which made every session comfortable and effective i truly appreciate their hard work and highly recommend their services to anyone in need of physiotherapy,I recently complete my physiotherapy session with dr ruchita and dr aqsa and I be extremely satisfied with the care I receive both doctor be highly professional dedicated and supportive throughout the treatment when I start my pain level be quite high but with their expert guidance and encouragement I feel so much well now their approach be both caring and professional which make every session comfortable and effective I truly appreciate their hard work and highly recommend their service to anyone in need of physiotherapy,POSITIVE,0.9997476935386658
Thumbay_Hospital_Ajman,5.0,"would like to express my sincere appreciation to Dr. Mohd Shahid Bhat for his dedication and professionalism. He has been extremely attentive and supportive throughout my treatment, showing genuine care and concern for his patients. His continuous follow-up and commitment to providing the best possible care truly reflect his passion for his work and his patients’ well-being.",4 days ago,would like to express my sincere appreciation to dr mohd shahid bhat for his dedication and professionalism he has been extremely attentive and supportive throughout my treatment showing genuine care and concern for his patients his continuous follow up and commitment to providing the best possible care truly reflect his passion for his work and his patients well being,would like to express my sincere appreciation to dr mohd shahid bhat for his dedication and professionalism he has been extremely attentive and supportive throughout my treatment showing genuine care and concern for his patients his continuous follow up and commitment to providing the best possible care truly reflect his passion for his work and his patients well being,would like to express my sincere appreciation to dr mohd shahid bhat for his dedication and professionalism he have be extremely attentive and supportive throughout my treatment show genuine care and concern for his patient his continuous follow up and commitment to provide the good possible care truly reflect his passion for his work and his patient well be,POSITIVE,0.9997362494468689
Thumbay_Hospital_Ajman,5.0,"I have a dental phobia, and it took me nearly 4 years to finally have my horizontally impacted wisdom tooth removed. Dr. Nanees(Specialist dental surgeon )performed the surgery, and although I was very very  nervous, the doctor’s constant reassurance throughout the procedure really helped me stay calm. The surgery went smoothly and It’s day 2 now , the wound is recovering well . I’m very happy with the experience — what a relief! The procedure was far less intimidating  than a standard wisdom extraction:)",a month ago,i have a dental phobia and it took me nearly 4 years to finally have my horizontally impacted wisdom tooth removed dr nanees specialist dental surgeon performed the surgery and although i was very very nervous the doctor s constant reassurance throughout the procedure really helped me stay calm the surgery went smoothly and it s day 2 now the wound is recovering well i m very happy with the experience what a relief the procedure was far less intimidating than a standard wisdom extraction,i have a dental phobia and it took me nearly 4 years to finally have my horizontally impacted wisdom tooth removed dr nanees specialist dental surgeon performed the surgery and although i was very very nervous the doctor s constant reassurance throughout the procedure really helped me stay calm the surgery went smoothly and it s day 2 now the wound is recovering well i m very happy with the experience what a relief the procedure was far less intimidating than a standard wisdom extraction,I have a dental phobia and it take I nearly 4 year to finally have my horizontally impact wisdom tooth remove dr nanee specialist dental surgeon perform the surgery and although I be very very nervous the doctor s constant reassurance throughout the procedure really help I stay calm the surgery go smoothly and it s day 2 now the wound be recover well I m very happy with the experience what a relief the procedure be far less intimidating than a standard wisdom extraction,POSITIVE,0.9888440370559692
Thumbay_Hospital_Ajman,5.0,I went total hip replacement after which I had lot of pain in my hips and thighs so I was recommended to do physiotherapy .I came to thumbay hospital ajman and took my treatment from Dr Ruchita Kadam and I want to say she is very professional with her work. She taught me exercises which have helped me a lot to regain my mobility back. Very happy with her treatment.God bless and best luck to her.,4 weeks ago,i went total hip replacement after which i had lot of pain in my hips and thighs so i was recommended to do physiotherapy i came to thumbay hospital ajman and took my treatment from dr ruchita kadam and i want to say she is very professional with her work she taught me exercises which have helped me a lot to regain my mobility back very happy with her treatment god bless and best luck to her,i went total hip replacement after which i had lot of pain in my hips and thighs so i was recommended to do physiotherapy i came to thumbay hospital ajman and took my treatment from dr ruchita kadam and i want to say she is very professional with her work she taught me exercises which have helped me a lot to regain my mobility back very happy with her treatment god bless and best luck to her,I go total hip replacement after which I have lot of pain in my hip and thigh so I be recommend to do physiotherapy I come to thumbay hospital ajman and take my treatment from dr ruchita kadam and I want to say she be very professional with her work she teach I exercise which have help I a lot to regain my mobility back very happy with her treatment god bless and good luck to she,POSITIVE,0.9867798089981079
Thumbay_Hospital_Ajman,3.0,"I have consulted Dr. Raed Hussain (ER duty doctor) and Dr. Noman (Orthopedician) yesterday. Am extremely happy with Dr. Raed Hussein, who patiently listened to my complaints and provided me with needful treatment and referredme to Dr. Noman, who did the further diagnosis.

I am very unsatisfied with the reception of radiology dept. They have sticked the contact number to call n enquire (ABC), but i am not sure for what it is for. Its all time out of reachable, out of network, temporarily disconnected.

I have difficulty to go and collect my report in person, so gave with my contact details and email and everything, but no updates. Saddest part is that only one person is handling the whole reception of radiology.

About the Chest Xray i took, only thrle AP view is good enough, in LAO and RAO is not clear at all.
What is the use of making multiple exposure to the patient???!!..

The same happened in reception of Emergency. At 1.00am and 2.00am ,if anyone is coming with pain or discomfort, they have to wait in a queue, to get token, check the insurance availability and all, and one guy alone has to handle the ER reception.

Thumbay , please look forward to this issues, make it hustle free. People come to your hospital for ease, dont harden their life with poor management and patient support.",2 months ago,i have consulted dr raed hussain er duty doctor and dr noman orthopedician yesterday am extremely happy with dr raed hussein who patiently listened to my complaints and provided me with needful treatment and referredme to dr noman who did the further diagnosis i am very unsatisfied with the reception of radiology dept they have sticked the contact number to call n enquire abc but i am not sure for what it is for its all time out of reachable out of network temporarily disconnected i have difficulty to go and collect my report in person so gave with my contact details and email and everything but no updates saddest part is that only one person is handling the whole reception of radiology about the chest xray i took only thrle ap view is good enough in lao and rao is not clear at all what is the use of making multiple exposure to the patient the same happened in reception of emergency at 1 00am and 2 00am if anyone is coming with pain or discomfort they have to wait in a queue to get token check the insurance availability and all and one guy alone has to handle the er reception thumbay please look forward to this issues make it hustle free people come to your hospital for ease dont harden their life with poor management and patient support,i have consulted dr raed hussain er duty doctor and dr noman orthopedician yesterday am extremely happy with dr raed hussein who patiently listened to my complaints and provided me with needful treatment and referredme to dr noman who did the further diagnosis i am very unsatisfied with the reception of radiology dept they have sticked the contact number to call n enquire abc but i am not sure for what it is for its all time out of reachable out of network temporarily disconnected i have difficulty to go and collect my report in person so gave with my contact details and email and everything but no updates saddest part is that only one person is handling the whole reception of radiology about the chest xray i took only thrle ap view is good enough in lao and rao is not clear at all what is the use of making multiple exposure to the patient the same happened in reception of emergency at 1 00am and 2 00am if anyone is coming with pain or discomfort they have to wait in a queue to get token check the insurance availability and all and one guy alone has to handle the er reception thumbay please look forward to this issues make it hustle free people come to your hospital for ease dont harden their life with poor management and patient support,I have consult dr raed hussain er duty doctor and dr noman orthopedician yesterday be extremely happy with dr raed hussein who patiently listen to my complaint and provide I with needful treatment and referredme to dr noman who do the further diagnosis I be very unsatisfied with the reception of radiology dept they have stick the contact number to call n enquire abc but I be not sure for what it be for its all time out of reachable out of network temporarily disconnect I have difficulty to go and collect my report in person so give with my contact detail and email and everything but no update saddest part be that only one person be handle the whole reception of radiology about the chest xray I take only thrle ap view be good enough in lao and rao be not clear at all what be the use of make multiple exposure to the patient the same happen in reception of emergency at 1 00am and 2 00am if anyone be come with pain or discomfort they have to wait in a queue to get token check the insurance availability and all and one guy alone have to handle the er reception thumbay please look forward to this issue make it hustle free people come to your hospital for ease do not harden their life with poor management and patient support,NEGATIVE,0.9723520874977112
Thumbay_Hospital_Ajman,5.0,I had a great experience treated by Dr Ruchitra jaisingh who is a physiotherapist in Thumbay hospital Ajman. She is well experienced along with that the way she treats her patients to make them feel comfortable is just great. I would highly recommend her❤️,a month ago,i had a great experience treated by dr ruchitra jaisingh who is a physiotherapist in thumbay hospital ajman she is well experienced along with that the way she treats her patients to make them feel comfortable is just great i would highly recommend her,i had a great experience treated by dr ruchitra jaisingh who is a physiotherapist in thumbay hospital ajman she is well experienced along with that the way she treats her patients to make them feel comfortable is just great i would highly recommend her,I have a great experience treat by dr ruchitra jaisingh who be a physiotherapist in thumbay hospital ajman she be well experience along with that the way she treat her patient to make they feel comfortable be just great I would highly recommend she,POSITIVE,0.9997847676277161
Thumbay_Hospital_Ajman,5.0,"I am very grateful to Allah ,I met Dr.Kapil Das at Thumbay hospital Ajman.
He treated my Acute congestive glaucoma attack, related vision loss promptly and restored my vision to 6/6.
I hope Dr.Kapil continues to treat many eye patients in Thumbay hospital for a long time.
My thanks again to Dr.Kapil for his correct diagnosis, prompt treatment, friendly nature and good care.",a month ago,i am very grateful to allah i met dr kapil das at thumbay hospital ajman he treated my acute congestive glaucoma attack related vision loss promptly and restored my vision to 6 6 i hope dr kapil continues to treat many eye patients in thumbay hospital for a long time my thanks again to dr kapil for his correct diagnosis prompt treatment friendly nature and good care,i am very grateful to allah i met dr kapil das at thumbay hospital ajman he treated my acute congestive glaucoma attack related vision loss promptly and restored my vision to 6 6 i hope dr kapil continues to treat many eye patients in thumbay hospital for a long time my thanks again to dr kapil for his correct diagnosis prompt treatment friendly nature and good care,I be very grateful to allah I meet dr kapil das at thumbay hospital ajman he treat my acute congestive glaucoma attack relate vision loss promptly and restore my vision to 6 6 I hope dr kapil continue to treat many eye patient in thumbay hospital for a long time my thank again to dr kapil for his correct diagnosis prompt treatment friendly nature and good care,POSITIVE,0.9989516735076904
Thumbay_Hospital_Ajman,5.0,"**Thank You Note:**

I would like to extend my heartfelt thanks to Dr. Asim Rafiq, the best surgeon at Thumbay Hospital. During my discharge, he was there, and his presence meant a lot to me. Dr. Asim Rafiq, you are truly the best.

Dr. Asim Rafiq is so nice and speaks so well. I felt very comfortable with him as he explained my situation and the surgery details very clearly. His calm demeanor and thorough explanations were incredibly reassuring. Even now, while I am still in recovery, he has provided his mobile number so I can reach out to him if I need urgent assistance. He truly is the best doctor.

I would also like to express my gratitude to all the nurses who took care of me on June 22-23, 2024. Your dedication and care made a significant difference in my recovery. God bless all of you for the incredible work you do.

A special thank you to the staff members who accompanied me to my room after the recovery room and sometimes brought food to my room. I really appreciate the two individuals, one man and one woman, who checked on me and ensured I was comfortable. Your kindness did not go unnoticed. Wow, you are the best too!

A heartfelt thank you to the anesthesiologist as well. He was incredibly attentive during the surgery, noticing that I was feeling cold and promptly providing some form of heating, which helped me feel comfortable again. His care, along with the assistance of the nurses in the surgery room, was deeply appreciated. I also want to thank the nurse and the lady nurses in the surgery room; although I can't recall how many there were, they were all very kind and supportive.

Additionally, I had surgery in February 2024 with Dr. Kapil Das, and he was exceptional as well. Thumbay Hospital is my go-to place whenever I am not feeling well, and I am grateful for the consistently excellent care I receive.

Thank you to everyone at Thumbay Hospital in Nuaimiya, Ajman, UAE.

---
BEST REGARDS,
ERMA MAE MONTILLA ABIERA",a year ago,thank you note i would like to extend my heartfelt thanks to dr asim rafiq the best surgeon at thumbay hospital during my discharge he was there and his presence meant a lot to me dr asim rafiq you are truly the best dr asim rafiq is so nice and speaks so well i felt very comfortable with him as he explained my situation and the surgery details very clearly his calm demeanor and thorough explanations were incredibly reassuring even now while i am still in recovery he has provided his mobile number so i can reach out to him if i need urgent assistance he truly is the best doctor i would also like to express my gratitude to all the nurses who took care of me on june 22 23 2024 your dedication and care made a significant difference in my recovery god bless all of you for the incredible work you do a special thank you to the staff members who accompanied me to my room after the recovery room and sometimes brought food to my room i really appreciate the two individuals one man and one woman who checked on me and ensured i was comfortable your kindness did not go unnoticed wow you are the best too a heartfelt thank you to the anesthesiologist as well he was incredibly attentive during the surgery noticing that i was feeling cold and promptly providing some form of heating which helped me feel comfortable again his care along with the assistance of the nurses in the surgery room was deeply appreciated i also want to thank the nurse and the lady nurses in the surgery room although i can t recall how many there were they were all very kind and supportive additionally i had surgery in february 2024 with dr kapil das and he was exceptional as well thumbay hospital is my go to place whenever i am not feeling well and i am grateful for the consistently excellent care i receive thank you to everyone at thumbay hospital in nuaimiya ajman uae best regards erma mae montilla abiera,thank you note i would like to extend my heartfelt thanks to dr asim rafiq the best surgeon at thumbay hospital during my discharge he was there and his presence meant a lot to me dr asim rafiq you are truly the best dr asim rafiq is so nice and speaks so well i felt very comfortable with him as he explained my situation and the surgery details very clearly his calm demeanor and thorough explanations were incredibly reassuring even now while i am still in recovery he has provided his mobile number so i can reach out to him if i need urgent assistance he truly is the best doctor i would also like to express my gratitude to all the nurses who took care of me on june 22 23 2024 your dedication and care made a significant difference in my recovery god bless all of you for the incredible work you do a special thank you to the staff members who accompanied me to my room after the recovery room and sometimes brought food to my room i really appreciate the two individuals one man and one woman who checked on me and ensured i was comfortable your kindness did not go unnoticed wow you are the best too a heartfelt thank you to the anesthesiologist as well he was incredibly attentive during the surgery noticing that i was feeling cold and promptly providing some form of heating which helped me feel comfortable again his care along with the assistance of the nurses in the surgery room was deeply appreciated i also want to thank the nurse and the lady nurses in the surgery room although i can t recall how many there were they were all very kind and supportive additionally i had surgery in february 2024 with dr kapil das and he was exceptional as well thumbay hospital is my go to place whenever i am not feeling well and i am grateful for the consistently excellent care i receive thank you to everyone at thumbay hospital in nuaimiya ajman uae best regards erma mae montilla abiera,thank you note I would like to extend my heartfelt thank to dr asim rafiq the good surgeon at thumbay hospital during my discharge he be there and his presence mean a lot to I dr asim rafiq you be truly the good dr asim rafiq be so nice and speak so well I feel very comfortable with he as he explain my situation and the surgery detail very clearly his calm demeanor and thorough explanation be incredibly reassuring even now while I be still in recovery he have provide his mobile number so I can reach out to he if I need urgent assistance he truly be the good doctor I would also like to express my gratitude to all the nurse who take care of I on june 22 23 2024 your dedication and care make a significant difference in my recovery god bless all of you for the incredible work you do a special thank you to the staff member who accompany I to my room after the recovery room and sometimes bring food to my room I really appreciate the two individual one man and one woman who check on I and ensure I be comfortable your kindness do not go unnoticed wow you be the good too a heartfelt thank you to the anesthesiologist as well he be incredibly attentive during the surgery noticing that I be feel cold and promptly provide some form of heating which help I feel comfortable again his care along with the assistance of the nurse in the surgery room be deeply appreciated I also want to thank the nurse and the lady nurse in the surgery room although I can t recall how many there be they be all very kind and supportive additionally I have surgery in february 2024 with dr kapil das and he be exceptional as well thumbay hospital be my go to place whenever I be not feel well and I be grateful for the consistently excellent care I receive thank you to everyone at thumbay hospital in nuaimiya ajman uae best regard erma mae montilla abiera,POSITIVE,0.999748170375824
Thumbay_Hospital_Ajman,1.0,"We came by 10:30PM
My wife was facing severe pain.
Story started from reception, they are very slow and they dont provide proper orientation .i was going and comming back many times with my wife who is having lot of pain .
Nurses wasting time and my wife waiting for making a file and get details.
Dr came for 1 min and left After waiting her over 30 min
They gave her paracetamol since almost one hour and it's finished but they did not chance other treatments even bottle of paracetamol finished.
They are only good in saying go and pay in reception.
I'm a manager in health sector for more than 7 years and my wife is a pharmacist.
Blood on pellow of consultation from previous patients.
I Can Say this is the worse experience i faced since i came to this respected country",2 months ago,we came by 10 30pm my wife was facing severe pain story started from reception they are very slow and they dont provide proper orientation i was going and comming back many times with my wife who is having lot of pain nurses wasting time and my wife waiting for making a file and get details dr came for 1 min and left after waiting her over 30 min they gave her paracetamol since almost one hour and it s finished but they did not chance other treatments even bottle of paracetamol finished they are only good in saying go and pay in reception i m a manager in health sector for more than 7 years and my wife is a pharmacist blood on pellow of consultation from previous patients i can say this is the worse experience i faced since i came to this respected country,we came by 10 30pm my wife was facing severe pain story started from reception they are very slow and they dont provide proper orientation i was going and comming back many times with my wife who is having lot of pain nurses wasting time and my wife waiting for making a file and get details dr came for 1 min and left after waiting her over 30 min they gave her paracetamol since almost one hour and it s finished but they did not chance other treatments even bottle of paracetamol finished they are only good in saying go and pay in reception i m a manager in health sector for more than 7 years and my wife is a pharmacist blood on pellow of consultation from previous patients i can say this is the worse experience i faced since i came to this respected country,we come by 10 30pm my wife be face severe pain story start from reception they be very slow and they do not provide proper orientation I be go and comme back many time with my wife who be have lot of pain nurse waste time and my wife wait for make a file and get detail dr come for 1 min and leave after wait she over 30 min they give she paracetamol since almost one hour and it s finish but they do not chance other treatment even bottle of paracetamol finish they be only good in say go and pay in reception I m a manager in health sector for more than 7 year and my wife be a pharmacist blood on pellow of consultation from previous patient I can say this be the bad experience I face since I come to this respected country,NEGATIVE,0.9964860677719116
Thumbay_Hospital_Ajman,1.0,"Writing this when i’m inside the hospital on 27 June’25..
Very disappointed and worst service we’ve ever experienced… came to Thumbay Ajman for emergency.. even thought doctor informed the radiology team about the urgency, they made us wait for 30 min.. Doctor room is one corner and radiology is in other corner.. After Radiology we have to go back to doctor which is a procedure and fine and again we have to go other corner for Injection…. Patient is shivering and unable to walk and these ppl are making them go all around their hospital corner..And when we are abt to take injection at Emergency Section Nurse is instructing us to buy injection and pharmacy is in other corner.. Finally we came out after 1 and half hour for emergency case.
I never suggest this hospital to anyone in future.",4 months ago,writing this when i m inside the hospital on 27 june 25 very disappointed and worst service we ve ever experienced came to thumbay ajman for emergency even thought doctor informed the radiology team about the urgency they made us wait for 30 min doctor room is one corner and radiology is in other corner after radiology we have to go back to doctor which is a procedure and fine and again we have to go other corner for injection patient is shivering and unable to walk and these ppl are making them go all around their hospital corner and when we are abt to take injection at emergency section nurse is instructing us to buy injection and pharmacy is in other corner finally we came out after 1 and half hour for emergency case i never suggest this hospital to anyone in future,writing this when i m inside the hospital on 27 june 25 very disappointed and worst service we ve ever experienced came to thumbay ajman for emergency even thought doctor informed the radiology team about the urgency they made us wait for 30 min doctor room is one corner and radiology is in other corner after radiology we have to go back to doctor which is a procedure and fine and again we have to go other corner for injection patient is shivering and unable to walk and these ppl are making them go all around their hospital corner and when we are abt to take injection at emergency section nurse is instructing us to buy injection and pharmacy is in other corner finally we came out after 1 and half hour for emergency case i never suggest this hospital to anyone in future,write this when I m inside the hospital on 27 june 25 very disappointed and bad service we ve ever experience come to thumbay ajman for emergency even think doctor inform the radiology team about the urgency they make we wait for 30 min doctor room be one corner and radiology be in other corner after radiology we have to go back to doctor which be a procedure and fine and again we have to go other corner for injection patient be shiver and unable to walk and these ppl be make they go all around their hospital corner and when we be abt to take injection at emergency section nurse be instruct we to buy injection and pharmacy be in other corner finally we come out after 1 and half hour for emergency case I never suggest this hospital to anyone in future,NEGATIVE,0.997383177280426
Thumbay_Hospital_Ajman,4.0,"Review for Dr. Ruchita Kadam –Physiotherapiest atThumbay Hospital 🌟

I would like to sincerely thank Dr. Ruchita for her outstanding dedication and commitment in treating my mother. She is highly experienced in her field, very collaborative, and extremely honest in her approach.

We spent more than 15 sessions with Dr. Ruchita, and throughout every session, she consistently met and exceeded our expectations. My mother was always so happy with her treatment, as Dr. Ruchita cared for her like she was her own mother.

When I first came, I was very hopeless about my mother’s condition. But Dr. Ruchita was the one who supported me, gave me confidence, and assured me that my mother would improve within a specific period. Remarkably, exactly as she promised, my mother started to walk again and is doing so much better now. She has truly fallen in love with the doctor who helped her regain her strength and confidence.

As improvement suggestion for the hospital:

The physiotherapy department could benefit from having more therapists, as the current workload puts a lot of pressure on Dr. Ruchita despite her excellent service.

It would also be wonderful if the physiotherapy machines could be renewed and updated to further enhance patient care.

We are truly grateful for your professionalism, compassion, and commitment. Thank you, Dr. Ruchita, for 🤍🌹giving my mother her smile back.",2 months ago,review for dr ruchita kadam physiotherapiest atthumbay hospital i would like to sincerely thank dr ruchita for her outstanding dedication and commitment in treating my mother she is highly experienced in her field very collaborative and extremely honest in her approach we spent more than 15 sessions with dr ruchita and throughout every session she consistently met and exceeded our expectations my mother was always so happy with her treatment as dr ruchita cared for her like she was her own mother when i first came i was very hopeless about my mother s condition but dr ruchita was the one who supported me gave me confidence and assured me that my mother would improve within a specific period remarkably exactly as she promised my mother started to walk again and is doing so much better now she has truly fallen in love with the doctor who helped her regain her strength and confidence as improvement suggestion for the hospital the physiotherapy department could benefit from having more therapists as the current workload puts a lot of pressure on dr ruchita despite her excellent service it would also be wonderful if the physiotherapy machines could be renewed and updated to further enhance patient care we are truly grateful for your professionalism compassion and commitment thank you dr ruchita for giving my mother her smile back,review for dr ruchita kadam physiotherapiest atthumbay hospital i would like to sincerely thank dr ruchita for her outstanding dedication and commitment in treating my mother she is highly experienced in her field very collaborative and extremely honest in her approach we spent more than 15 sessions with dr ruchita and throughout every session she consistently met and exceeded our expectations my mother was always so happy with her treatment as dr ruchita cared for her like she was her own mother when i first came i was very hopeless about my mother s condition but dr ruchita was the one who supported me gave me confidence and assured me that my mother would improve within a specific period remarkably exactly as she promised my mother started to walk again and is doing so much better now she has truly fallen in love with the doctor who helped her regain her strength and confidence as improvement suggestion for the hospital the physiotherapy department could benefit from having more therapists as the current workload puts a lot of pressure on dr ruchita despite her excellent service it would also be wonderful if the physiotherapy machines could be renewed and updated to further enhance patient care we are truly grateful for your professionalism compassion and commitment thank you dr ruchita for giving my mother her smile back,review for dr ruchita kadam physiotherapiest atthumbay hospital I would like to sincerely thank dr ruchita for her outstanding dedication and commitment in treat my mother she be highly experienced in her field very collaborative and extremely honest in her approach we spend more than 15 session with dr ruchita and throughout every session she consistently meet and exceed our expectation my mother be always so happy with her treatment as dr ruchita care for she like she be her own mother when I first come I be very hopeless about my mother s condition but dr ruchita be the one who support I give I confidence and assure I that my mother would improve within a specific period remarkably exactly as she promise my mother start to walk again and be do so much well now she have truly fall in love with the doctor who help she regain her strength and confidence as improvement suggestion for the hospital the physiotherapy department could benefit from have more therapist as the current workload put a lot of pressure on dr ruchita despite her excellent service it would also be wonderful if the physiotherapy machine could be renew and update to far enhance patient care we be truly grateful for your professionalism compassion and commitment thank you dr ruchita for give my mother her smile back,POSITIVE,0.9998006224632263
Thumbay_Hospital_Ajman,5.0,"Recently, I had visited Thumbay radiology department for ultrasound twice, the staff there were amazing and cooperative specially the receptionist Mr Atiyar if I’m spelling correctly, appointment were schedule at 3 but he managed to find a empty slot for me earlier and overall experience with them was amazing.",2 months ago,recently i had visited thumbay radiology department for ultrasound twice the staff there were amazing and cooperative specially the receptionist mr atiyar if i m spelling correctly appointment were schedule at 3 but he managed to find a empty slot for me earlier and overall experience with them was amazing,recently i had visited thumbay radiology department for ultrasound twice the staff there were amazing and cooperative specially the receptionist mr atiyar if i m spelling correctly appointment were schedule at 3 but he managed to find a empty slot for me earlier and overall experience with them was amazing,recently I have visit thumbay radiology department for ultrasound twice the staff there be amazing and cooperative specially the receptionist mr atiyar if I m spell correctly appointment be schedule at 3 but he manage to find a empty slot for I early and overall experience with they be amazing,NEGATIVE,0.9790935516357422
Thumbay_Hospital_Ajman,5.0,"I would like to extend my sincere appreciation to Mr. Mohd Atyab from the Ultrasound and Radiology Department for his warm welcome, quick and efficient service, and outstanding professionalism. He went above and beyond to help us find a suitable appointment time for the patient, showing great understanding and flexibility. His respectful attitude and polite communication truly reflect the high standards of the hospital staff. Thank you, Mr. Mohd Atyab, for your exceptional support — wishing you continued success!",2 months ago,i would like to extend my sincere appreciation to mr mohd atyab from the ultrasound and radiology department for his warm welcome quick and efficient service and outstanding professionalism he went above and beyond to help us find a suitable appointment time for the patient showing great understanding and flexibility his respectful attitude and polite communication truly reflect the high standards of the hospital staff thank you mr mohd atyab for your exceptional support wishing you continued success,i would like to extend my sincere appreciation to mr mohd atyab from the ultrasound and radiology department for his warm welcome quick and efficient service and outstanding professionalism he went above and beyond to help us find a suitable appointment time for the patient showing great understanding and flexibility his respectful attitude and polite communication truly reflect the high standards of the hospital staff thank you mr mohd atyab for your exceptional support wishing you continued success,I would like to extend my sincere appreciation to mr mohd atyab from the ultrasound and radiology department for his warm welcome quick and efficient service and outstanding professionalism he go above and beyond to help we find a suitable appointment time for the patient show great understanding and flexibility his respectful attitude and polite communication truly reflect the high standard of the hospital staff thank you mr mohd atyab for your exceptional support wish you continue success,POSITIVE,0.9998202919960022
Thumbay_Hospital_Ajman,1.0,"I am amazed at their choice of doctors. One of the dermatologists, an Iraqi doctor, took sick leave without cancelling the appointments. Another doctor from Sudan, Dr. Ayman, was unable to provide the treatment, or to know the right diagnosis, upon checking my arm he has pressed it hardly causing too much pain — he asked me to go to the pharmacy to get the medicine, and by the time I returned, he had already left. The new doctors in Thumbay are taking patients’ pain very lightly.
Before the hospital was much better",a month ago,i am amazed at their choice of doctors one of the dermatologists an iraqi doctor took sick leave without cancelling the appointments another doctor from sudan dr ayman was unable to provide the treatment or to know the right diagnosis upon checking my arm he has pressed it hardly causing too much pain he asked me to go to the pharmacy to get the medicine and by the time i returned he had already left the new doctors in thumbay are taking patients pain very lightly before the hospital was much better,i am amazed at their choice of doctors one of the dermatologists an iraqi doctor took sick leave without cancelling the appointments another doctor from sudan dr ayman was unable to provide the treatment or to know the right diagnosis upon checking my arm he has pressed it hardly causing too much pain he asked me to go to the pharmacy to get the medicine and by the time i returned he had already left the new doctors in thumbay are taking patients pain very lightly before the hospital was much better,I be amazed at their choice of doctor one of the dermatologist an iraqi doctor take sick leave without cancel the appointment another doctor from sudan dr ayman be unable to provide the treatment or to know the right diagnosis upon check my arm he have press it hardly cause too much pain he ask I to go to the pharmacy to get the medicine and by the time I return he have already leave the new doctor in thumbay be take patient pain very lightly before the hospital be much well,NEGATIVE,0.9246217608451843
Thumbay_Hospital_Ajman,5.0,"Dear Mohd Atiab,

Thank you for your cooperation.
You handled the concern very effectively, and your efforts are truly appreciated. (Radiology Department)

Best regards,
Anees Ehsan",2 months ago,dear mohd atiab thank you for your cooperation you handled the concern very effectively and your efforts are truly appreciated radiology department best regards anees ehsan,dear mohd atiab thank you for your cooperation you handled the concern very effectively and your efforts are truly appreciated radiology department best regards anees ehsan,dear mohd atiab thank you for your cooperation you handle the concern very effectively and your effort be truly appreciated radiology department well regard anee ehsan,POSITIVE,0.9995701909065247
Thumbay_Hospital_Ajman,1.0,"I experienced a waiting time of over an hour for a simple X-ray procedure, which I believe is excessive and not reflective of the standard of care expected. When I asked about the delay, I was informed that the department had only one technician available. While I understand that staffing challenges may occur, having just one technician available for all radiology services causes significant delays and affects patient experience and care.

I hope this feedback will be taken seriously, and that actions will be considered to improve staffing and reduce waiting times for patients in the future.",3 months ago,i experienced a waiting time of over an hour for a simple x ray procedure which i believe is excessive and not reflective of the standard of care expected when i asked about the delay i was informed that the department had only one technician available while i understand that staffing challenges may occur having just one technician available for all radiology services causes significant delays and affects patient experience and care i hope this feedback will be taken seriously and that actions will be considered to improve staffing and reduce waiting times for patients in the future,i experienced a waiting time of over an hour for a simple x ray procedure which i believe is excessive and not reflective of the standard of care expected when i asked about the delay i was informed that the department had only one technician available while i understand that staffing challenges may occur having just one technician available for all radiology services causes significant delays and affects patient experience and care i hope this feedback will be taken seriously and that actions will be considered to improve staffing and reduce waiting times for patients in the future,I experience a waiting time of over an hour for a simple x ray procedure which I believe be excessive and not reflective of the standard of care expect when I ask about the delay I be inform that the department have only one technician available while I understand that staffing challenge may occur have just one technician available for all radiology service cause significant delay and affect patient experience and care I hope this feedback will be take seriously and that action will be consider to improve staffing and reduce waiting time for patient in the future,NEGATIVE,0.9965875148773193
Thumbay_Hospital_Ajman,5.0,I took treatment for my daughter as she has scoliosis and we are very happy with the treatment we received from Physiotherapy department at thumbay hospital from Dr Ruchita Kadam. Her exercises for my daughters back has helped to gain her strength and flexibility. Her expertise have helped my daughter a lot. Thanks alot for the amazing treatment. God bless and best of luck to her,2 months ago,i took treatment for my daughter as she has scoliosis and we are very happy with the treatment we received from physiotherapy department at thumbay hospital from dr ruchita kadam her exercises for my daughters back has helped to gain her strength and flexibility her expertise have helped my daughter a lot thanks alot for the amazing treatment god bless and best of luck to her,i took treatment for my daughter as she has scoliosis and we are very happy with the treatment we received from physiotherapy department at thumbay hospital from dr ruchita kadam her exercises for my daughters back has helped to gain her strength and flexibility her expertise have helped my daughter a lot thanks alot for the amazing treatment god bless and best of luck to her,I take treatment for my daughter as she have scoliosis and we be very happy with the treatment we receive from physiotherapy department at thumbay hospital from dr ruchita kadam her exercise for my daughter back have help to gain her strength and flexibility her expertise have help my daughter a lot thank alot for the amazing treatment god bless and good of luck to she,POSITIVE,0.9997575879096985
Thumbay_Hospital_Ajman,1.0,"I am writing to formally express my deep disappointment with the services, communication, and overall patient handling at your facility during my recent visit. My experience has been frustrating, stressful, and, frankly, unacceptable for a healthcare institution.

On July 9, I visited the hospital for a consultation with a urology doctor. During this visit, I was advised to undergo additional tests, including blood tests for creatinine and urea, and a CT scan. That evening, I received a call from the radiology department to confirm the CT scan request. I informed them I was still waiting for my lab results, which were eventually sent later that night.

The following morning, I called to confirm the CT scan schedule and inquired about the necessary preparations. Unfortunately, the staff member I spoke with provided unclear and confusing information. When I asked specifically about what preparation was required, they simply said “nothing,” without elaboration.

I also booked an appointment with the urology doctor for 2:30 PM to review my lab results before proceeding with the scan. I arrived at 2:00 PM only to be told the doctor was still in surgery and would not return until 3:30 PM. The doctor eventually arrived at 4:00 PM. This shows a clear lack of coordination—if the doctor was unavailable, why was a 2:30 PM slot confirmed?

During the consultation, the doctor briefly reviewed my results and instructed me to proceed with the CT scan—again with no guidance or explanation.

When I went to radiology, I was informed for the first time that the CT scan required contrast and that fasting was necessary. At this point, I felt completely let down. I had not been told anything about fasting, and due to my last meal being at 12:00 PM, I had to wait until 6:00 PM for the procedure.

Even after returning at 6:00 PM, the delays continued. A nurse inserted an IV line at around 6:30 PM, and I waited another 90 minutes for the radiologist. At 8:00 PM, I was finally called in—only to face another delay because my information had not been entered into the system. It was disorganized and stressful. One radiologist was handling both MRI and CT scans, leading to a long queue. I finally completed the procedure at 9:00 PM.

This entire experience—from poor communication and scheduling, to lack of clear instructions, understaffing, and long waiting times—reflects a system that is inefficient and inconsiderate of patients’ time, comfort, and emotional well-being. Once payment is made, it feels as though the patient is left to navigate a chaotic system on

This has been the worst experience I have had in a hospital, and I am left feeling frustrated and uncared for. I hope you will take this complaint seriously and address the systemic issues affecting patient care.",3 months ago,i am writing to formally express my deep disappointment with the services communication and overall patient handling at your facility during my recent visit my experience has been frustrating stressful and frankly unacceptable for a healthcare institution on july 9 i visited the hospital for a consultation with a urology doctor during this visit i was advised to undergo additional tests including blood tests for creatinine and urea and a ct scan that evening i received a call from the radiology department to confirm the ct scan request i informed them i was still waiting for my lab results which were eventually sent later that night the following morning i called to confirm the ct scan schedule and inquired about the necessary preparations unfortunately the staff member i spoke with provided unclear and confusing information when i asked specifically about what preparation was required they simply said nothing without elaboration i also booked an appointment with the urology doctor for 2 30 pm to review my lab results before proceeding with the scan i arrived at 2 00 pm only to be told the doctor was still in surgery and would not return until 3 30 pm the doctor eventually arrived at 4 00 pm this shows a clear lack of coordination if the doctor was unavailable why was a 2 30 pm slot confirmed during the consultation the doctor briefly reviewed my results and instructed me to proceed with the ct scan again with no guidance or explanation when i went to radiology i was informed for the first time that the ct scan required contrast and that fasting was necessary at this point i felt completely let down i had not been told anything about fasting and due to my last meal being at 12 00 pm i had to wait until 6 00 pm for the procedure even after returning at 6 00 pm the delays continued a nurse inserted an iv line at around 6 30 pm and i waited another 90 minutes for the radiologist at 8 00 pm i was finally called in only to face another delay because my information had not been entered into the system it was disorganized and stressful one radiologist was handling both mri and ct scans leading to a long queue i finally completed the procedure at 9 00 pm this entire experience from poor communication and scheduling to lack of clear instructions understaffing and long waiting times reflects a system that is inefficient and inconsiderate of patients time comfort and emotional well being once payment is made it feels as though the patient is left to navigate a chaotic system on this has been the worst experience i have had in a hospital and i am left feeling frustrated and uncared for i hope you will take this complaint seriously and address the systemic issues affecting patient care,i am writing to formally express my deep disappointment with the services communication and overall patient handling at your facility during my recent visit my experience has been frustrating stressful and frankly unacceptable for a healthcare institution on july 9 i visited the hospital for a consultation with a urology doctor during this visit i was advised to undergo additional tests including blood tests for creatinine and urea and a ct scan that evening i received a call from the radiology department to confirm the ct scan request i informed them i was still waiting for my lab results which were eventually sent later that night the following morning i called to confirm the ct scan schedule and inquired about the necessary preparations unfortunately the staff member i spoke with provided unclear and confusing information when i asked specifically about what preparation was required they simply said nothing without elaboration i also booked an appointment with the urology doctor for 2 30 pm to review my lab results before proceeding with the scan i arrived at 2 00 pm only to be told the doctor was still in surgery and would not return until 3 30 pm the doctor eventually arrived at 4 00 pm this shows a clear lack of coordination if the doctor was unavailable why was a 2 30 pm slot confirmed during the consultation the doctor briefly reviewed my results and instructed me to proceed with the ct scan again with no guidance or explanation when i went to radiology i was informed for the first time that the ct scan required contrast and that fasting was necessary at this point i felt completely let down i had not been told anything about fasting and due to my last meal being at 12 00 pm i had to wait until 6 00 pm for the procedure even after returning at 6 00 pm the delays continued a nurse inserted an iv line at around 6 30 pm and i waited another 90 minutes for the radiologist at 8 00 pm i was finally called in only to face another delay because my information had not been entered into the system it was disorganized and stressful one radiologist was handling both mri and ct scans leading to a long queue i finally completed the procedure at 9 00 pm this entire experience from poor communication and scheduling to lack of clear instructions understaffing and long waiting times reflects a system that is inefficient and inconsiderate of patients time comfort and emotional well being once payment is made it feels as though the patient is left to navigate a chaotic system on this has been the worst experience i have had in a hospital and i am left feeling frustrated and uncared for i hope you will take this complaint seriously and address the systemic issues affecting patient care,I be write to formally express my deep disappointment with the service communication and overall patient handling at your facility during my recent visit my experience have be frustrating stressful and frankly unacceptable for a healthcare institution on july 9 I visit the hospital for a consultation with a urology doctor during this visit I be advise to undergo additional test include blood test for creatinine and urea and a ct scan that evening I receive a call from the radiology department to confirm the ct scan request I inform they I be still wait for my lab result which be eventually send later that night the follow morning I call to confirm the ct scan schedule and inquire about the necessary preparation unfortunately the staff member I speak with provide unclear and confusing information when I ask specifically about what preparation be require they simply say nothing without elaboration I also book an appointment with the urology doctor for 2 30 pm to review my lab result before proceed with the scan I arrive at 2 00 pm only to be tell the doctor be still in surgery and would not return until 3 30 pm the doctor eventually arrive at 4 00 pm this show a clear lack of coordination if the doctor be unavailable why be a 2 30 pm slot confirm during the consultation the doctor briefly review my result and instruct I to proceed with the ct scan again with no guidance or explanation when I go to radiology I be inform for the first time that the ct scan require contrast and that fasting be necessary at this point I felt completely let down I have not be tell anything about fast and due to my last meal be at 12 00 pm I have to wait until 6 00 pm for the procedure even after return at 6 00 pm the delay continue a nurse insert an iv line at around 6 30 pm and I wait another 90 minute for the radiologist at 8 00 pm I be finally call in only to face another delay because my information have not be enter into the system it be disorganize and stressful one radiologist be handle both mri and ct scan lead to a long queue I finally complete the procedure at 9 00 pm this entire experience from poor communication and scheduling to lack of clear instruction understaffing and long waiting time reflect a system that be inefficient and inconsiderate of patient time comfort and emotional well be once payment be make it feel as though the patient be leave to navigate a chaotic system on this have be the bad experience I have have in a hospital and I be leave feel frustrated and uncare for I hope you will take this complaint seriously and address the systemic issue affect patient care,NEGATIVE,0.9984704852104187
Thumbay_Hospital_Ajman,1.0,"I’m very disappointed with the reception staff at the hospital, especially the female staff answering phone calls. They seem completely uninterested in speaking properly or helping the patients. It feels like they are in “sleep mode” while talking, not listening to what we are saying or showing any willingness to assist.

It’s really frustrating, and I’m not sure how they are even working in such a responsible position. If this is the attitude towards patients, I would rather find another hospital that takes care and communication seriously.",3 months ago,i m very disappointed with the reception staff at the hospital especially the female staff answering phone calls they seem completely uninterested in speaking properly or helping the patients it feels like they are in sleep mode while talking not listening to what we are saying or showing any willingness to assist it s really frustrating and i m not sure how they are even working in such a responsible position if this is the attitude towards patients i would rather find another hospital that takes care and communication seriously,i m very disappointed with the reception staff at the hospital especially the female staff answering phone calls they seem completely uninterested in speaking properly or helping the patients it feels like they are in sleep mode while talking not listening to what we are saying or showing any willingness to assist it s really frustrating and i m not sure how they are even working in such a responsible position if this is the attitude towards patients i would rather find another hospital that takes care and communication seriously,I m very disappointed with the reception staff at the hospital especially the female staff answer phone call they seem completely uninterested in speak properly or help the patient it feel like they be in sleep mode while talk not listen to what we be say or show any willingness to assist it s really frustrating and I m not sure how they be even work in such a responsible position if this be the attitude towards patient I would rather find another hospital that take care and communication seriously,NEGATIVE,0.9997484087944031
Thumbay_Hospital_Ajman,5.0,Had a great experience at the facility. Every process is very fast and I'm happy for chosing Thumbay Hospital but only in nuaimiya. The university hospital seems very busy so I had a delay in receiving my Ultrasound Results. However I had a opposite experience with great care at nuaimiya Hospital. I thank Dr. Jayamurugan Poopandi who suggested me here and my great thanks to Dr. Asim Rafiq who did the surgery. My special thanks to the nurse Ashna Kadar who is 8 months pregnant but still working hard and being very sweet with the patients. Happy experience overall.,6 months ago,had a great experience at the facility every process is very fast and i m happy for chosing thumbay hospital but only in nuaimiya the university hospital seems very busy so i had a delay in receiving my ultrasound results however i had a opposite experience with great care at nuaimiya hospital i thank dr jayamurugan poopandi who suggested me here and my great thanks to dr asim rafiq who did the surgery my special thanks to the nurse ashna kadar who is 8 months pregnant but still working hard and being very sweet with the patients happy experience overall,had a great experience at the facility every process is very fast and i m happy for chosing thumbay hospital but only in nuaimiya the university hospital seems very busy so i had a delay in receiving my ultrasound results however i had a opposite experience with great care at nuaimiya hospital i thank dr jayamurugan poopandi who suggested me here and my great thanks to dr asim rafiq who did the surgery my special thanks to the nurse ashna kadar who is 8 months pregnant but still working hard and being very sweet with the patients happy experience overall,have a great experience at the facility every process be very fast and I m happy for chose thumbay hospital but only in nuaimiya the university hospital seem very busy so I have a delay in receive my ultrasound result however I have a opposite experience with great care at nuaimiya hospital I thank dr jayamurugan poopandi who suggest I here and my great thank to dr asim rafiq who do the surgery my special thank to the nurse ashna kadar who be 8 month pregnant but still work hard and be very sweet with the patient happy experience overall,POSITIVE,0.9936256408691406
Thumbay_Hospital_Ajman,5.0,"I suffered a bike accident and had to undergo surgery on my wrist. Following the operation, I was unable to fold my fingers and experienced severe pain. After taking 10–12 physiotherapy sessions with Dr. Ruchita Kadam, I am now completely pain-free, and my fingers have regained full mobility and normal function. I am truly grateful for her professional attitude, effective treatment, and well-guided exercises. A big thank you to Dr. Ruchita Kadam and Thumbay Hospital. I would highly recommend her for her top-notch physiotherapy care.",2 months ago,i suffered a bike accident and had to undergo surgery on my wrist following the operation i was unable to fold my fingers and experienced severe pain after taking 10 12 physiotherapy sessions with dr ruchita kadam i am now completely pain free and my fingers have regained full mobility and normal function i am truly grateful for her professional attitude effective treatment and well guided exercises a big thank you to dr ruchita kadam and thumbay hospital i would highly recommend her for her top notch physiotherapy care,i suffered a bike accident and had to undergo surgery on my wrist following the operation i was unable to fold my fingers and experienced severe pain after taking 10 12 physiotherapy sessions with dr ruchita kadam i am now completely pain free and my fingers have regained full mobility and normal function i am truly grateful for her professional attitude effective treatment and well guided exercises a big thank you to dr ruchita kadam and thumbay hospital i would highly recommend her for her top notch physiotherapy care,I suffer a bike accident and have to undergo surgery on my wrist follow the operation I be unable to fold my finger and experience severe pain after take 10 12 physiotherapy session with dr ruchita kadam I be now completely pain free and my finger have regain full mobility and normal function I be truly grateful for her professional attitude effective treatment and well guide exercise a big thank you to dr ruchita kadam and thumbay hospital I would highly recommend she for her top notch physiotherapy care,POSITIVE,0.9973804354667664
Thumbay_Hospital_Ajman,1.0,"The management is so bad- they kept only one nurse who is also the receptionist and also handling the treatment room and is running around. I feel sorry for her because she is doing everything and she is ideally getting exploited but the management is trash. Been waiting for 30 mins and more for my appointment which was to start 20 minutes ago.

They kept only one nurse for everything. Im not even on insurance but im glad i witnessed this because it will he surely my first and last visit.",7 months ago,the management is so bad they kept only one nurse who is also the receptionist and also handling the treatment room and is running around i feel sorry for her because she is doing everything and she is ideally getting exploited but the management is trash been waiting for 30 mins and more for my appointment which was to start 20 minutes ago they kept only one nurse for everything im not even on insurance but im glad i witnessed this because it will he surely my first and last visit,the management is so bad they kept only one nurse who is also the receptionist and also handling the treatment room and is running around i feel sorry for her because she is doing everything and she is ideally getting exploited but the management is trash been waiting for 30 mins and more for my appointment which was to start 20 minutes ago they kept only one nurse for everything im not even on insurance but im glad i witnessed this because it will he surely my first and last visit,the management be so bad they keep only one nurse who be also the receptionist and also handle the treatment room and be run around I feel sorry for she because she be do everything and she be ideally getting exploit but the management be trash be wait for 30 min and more for my appointment which be to start 20 minute ago they keep only one nurse for everything I m not even on insurance but I m glad I witness this because it will he surely my first and last visit,POSITIVE,0.9703928828239441
Thumbay_Hospital_Ajman,1.0,"The worst ever in everything
My experience at this hospital was extremely disappointing due to multiple issues:

1. **Appointment Booking**: It’s nearly impossible to reach them by phone. After multiple attempts, they either don’t answer or book the wrong appointment.
2. **Staff Negligence**: The employees are careless and unprofessional—both on the phone and at the reception counter. They work painfully slow, causing unnecessarily long wait times.
3. **Poor Doctor Quality**: The doctors lacked competence, providing unreliable diagnoses and unprofessional treatment.

I would **never** recommend this hospital to anyone. The service is disorganized, the staff is indifferent, and the overall experience was unacceptable.",3 months ago,the worst ever in everything my experience at this hospital was extremely disappointing due to multiple issues 1 appointment booking it s nearly impossible to reach them by phone after multiple attempts they either don t answer or book the wrong appointment 2 staff negligence the employees are careless and unprofessional both on the phone and at the reception counter they work painfully slow causing unnecessarily long wait times 3 poor doctor quality the doctors lacked competence providing unreliable diagnoses and unprofessional treatment i would never recommend this hospital to anyone the service is disorganized the staff is indifferent and the overall experience was unacceptable,the worst ever in everything my experience at this hospital was extremely disappointing due to multiple issues 1 appointment booking it s nearly impossible to reach them by phone after multiple attempts they either don t answer or book the wrong appointment 2 staff negligence the employees are careless and unprofessional both on the phone and at the reception counter they work painfully slow causing unnecessarily long wait times 3 poor doctor quality the doctors lacked competence providing unreliable diagnoses and unprofessional treatment i would never recommend this hospital to anyone the service is disorganized the staff is indifferent and the overall experience was unacceptable,the bad ever in everything my experience at this hospital be extremely disappointing due to multiple issue 1 appointment booking it s nearly impossible to reach they by phone after multiple attempt they either don t answer or book the wrong appointment 2 staff negligence the employee be careless and unprofessional both on the phone and at the reception counter they work painfully slow causing unnecessarily long wait time 3 poor doctor quality the doctor lack competence provide unreliable diagnosis and unprofessional treatment I would never recommend this hospital to anyone the service be disorganize the staff be indifferent and the overall experience be unacceptable,NEGATIVE,0.9997029900550842
Thumbay_Hospital_Ajman,1.0,"0 stars ..Worst hospital faced in my life.
Charged too high and made us do early delivery, made us do lot of medical reports which wasn't needed at all. Lifetime saving vanished behind them.
My child was in ICU for 10 days.
Per day bed rent was 3000 aed.
Fraud is one word.",a month ago,0 stars worst hospital faced in my life charged too high and made us do early delivery made us do lot of medical reports which wasn t needed at all lifetime saving vanished behind them my child was in icu for 10 days per day bed rent was 3000 aed fraud is one word,0 stars worst hospital faced in my life charged too high and made us do early delivery made us do lot of medical reports which wasn t needed at all lifetime saving vanished behind them my child was in icu for 10 days per day bed rent was 3000 aed fraud is one word,0 star bad hospital face in my life charge too high and make we do early delivery make we do lot of medical report which wasn t need at all lifetime saving vanish behind they my child be in icu for 10 day per day bed rent be 3000 aed fraud be one word,NEGATIVE,0.9970449805259705
Thumbay_Hospital_Ajman,5.0,"We had been searching for a good doctor specialised in physiotherapy and we found in Thumbay Hospital, Ajman. Dr Ruchita is a good guide, also a good doctor who helped my wife get better from her acute back ache. She supported her from the beginning and continued till the end of the session. We wish her all the best in her endeavour.",2 months ago,we had been searching for a good doctor specialised in physiotherapy and we found in thumbay hospital ajman dr ruchita is a good guide also a good doctor who helped my wife get better from her acute back ache she supported her from the beginning and continued till the end of the session we wish her all the best in her endeavour,we had been searching for a good doctor specialised in physiotherapy and we found in thumbay hospital ajman dr ruchita is a good guide also a good doctor who helped my wife get better from her acute back ache she supported her from the beginning and continued till the end of the session we wish her all the best in her endeavour,we have be search for a good doctor specialise in physiotherapy and we find in thumbay hospital ajman dr ruchita be a good guide also a good doctor who help my wife get well from her acute back ache she support she from the beginning and continue till the end of the session we wish she all the good in her endeavour,POSITIVE,0.9982262253761292
Thumbay_Hospital_Ajman,1.0,"The doctors at this hospital are and experienced.  However, the main concern lies in the extended wait times for services—whether it's for consultations, laboratory tests, or imaging procedures such as X-rays.

Additionally, I underwent lab tests yesterday but have not yet received the report via email. I tried reaching out through the WhatsApp contact provided, but unfortunately have not received any response.",3 months ago,the doctors at this hospital are and experienced however the main concern lies in the extended wait times for services whether it s for consultations laboratory tests or imaging procedures such as x rays additionally i underwent lab tests yesterday but have not yet received the report via email i tried reaching out through the whatsapp contact provided but unfortunately have not received any response,the doctors at this hospital are and experienced however the main concern lies in the extended wait times for services whether it s for consultations laboratory tests or imaging procedures such as x rays additionally i underwent lab tests yesterday but have not yet received the report via email i tried reaching out through the whatsapp contact provided but unfortunately have not received any response,the doctor at this hospital be and experience however the main concern lie in the extended wait time for service whether it s for consultation laboratory test or imaging procedure such as x ray additionally I undergo lab test yesterday but have not yet receive the report via email I try reach out through the whatsapp contact provide but unfortunately have not receive any response,NEGATIVE,0.9983949065208435
Thumbay_Hospital_Ajman,1.0,"The worst service I have experienced from any hospital since moving to the UAE.There is no proper queueing system and absolutely no clarity on waiting times. Appointments are not honored, and it’s clear that management has made no effort to implement a structured process that ensures patient satisfaction.The radiology department, in particular, is appalling. One staff member had an extremely poor attitude. When I raised concerns about their consistently low ratings and frequent customer complaints, he blatantly responded that he didn’t care. That says everything about the culture of the place. To date, I’ve spent over AED 500 on tests and still have no clear results or understanding of my medical condition. At this point, I have no option but to seek proper care from another hospital.",3 months ago,the worst service i have experienced from any hospital since moving to the uae there is no proper queueing system and absolutely no clarity on waiting times appointments are not honored and it s clear that management has made no effort to implement a structured process that ensures patient satisfaction the radiology department in particular is appalling one staff member had an extremely poor attitude when i raised concerns about their consistently low ratings and frequent customer complaints he blatantly responded that he didn t care that says everything about the culture of the place to date i ve spent over aed 500 on tests and still have no clear results or understanding of my medical condition at this point i have no option but to seek proper care from another hospital,the worst service i have experienced from any hospital since moving to the uae there is no proper queueing system and absolutely no clarity on waiting times appointments are not honored and it s clear that management has made no effort to implement a structured process that ensures patient satisfaction the radiology department in particular is appalling one staff member had an extremely poor attitude when i raised concerns about their consistently low ratings and frequent customer complaints he blatantly responded that he didn t care that says everything about the culture of the place to date i ve spent over aed 500 on tests and still have no clear results or understanding of my medical condition at this point i have no option but to seek proper care from another hospital,the bad service I have experience from any hospital since move to the uae there be no proper queueing system and absolutely no clarity on waiting time appointment be not honor and it s clear that management have make no effort to implement a structured process that ensure patient satisfaction the radiology department in particular be appal one staff member have an extremely poor attitude when I raise concern about their consistently low rating and frequent customer complaint he blatantly respond that he didn t care that say everything about the culture of the place to date I ve spend over ae 500 on test and still have no clear result or understanding of my medical condition at this point I have no option but to seek proper care from another hospital,NEGATIVE,0.99965500831604
Thumbay_Hospital_Ajman,3.0,"I would like to express my deepest appreciation to Dr. Ruchita and Dr. Aksa for their outstanding care and dedication during my physiotherapy treatment for my broken arm. From the very first session, Dr. Ruchita made me feel heard, supported, and confident in my recovery. Her professionalism, attention to detail, and genuine kindness truly made a difference in my healing journey. Thanks to her expert guidance and encouragement, I’m regaining strength and mobility day by day. I’m truly grateful for her help and would highly recommend her to anyone in need of physiotherapy care.",3 months ago,i would like to express my deepest appreciation to dr ruchita and dr aksa for their outstanding care and dedication during my physiotherapy treatment for my broken arm from the very first session dr ruchita made me feel heard supported and confident in my recovery her professionalism attention to detail and genuine kindness truly made a difference in my healing journey thanks to her expert guidance and encouragement i m regaining strength and mobility day by day i m truly grateful for her help and would highly recommend her to anyone in need of physiotherapy care,i would like to express my deepest appreciation to dr ruchita and dr aksa for their outstanding care and dedication during my physiotherapy treatment for my broken arm from the very first session dr ruchita made me feel heard supported and confident in my recovery her professionalism attention to detail and genuine kindness truly made a difference in my healing journey thanks to her expert guidance and encouragement i m regaining strength and mobility day by day i m truly grateful for her help and would highly recommend her to anyone in need of physiotherapy care,I would like to express my deep appreciation to dr ruchita and dr aksa for their outstanding care and dedication during my physiotherapy treatment for my broken arm from the very first session dr ruchita make I feel hear support and confident in my recovery her professionalism attention to detail and genuine kindness truly make a difference in my healing journey thank to her expert guidance and encouragement I m regain strength and mobility day by day I m truly grateful for her help and would highly recommend she to anyone in need of physiotherapy care,POSITIVE,0.9998518228530884
Thumbay_Hospital_Ajman,5.0,"I took treatment for my wrist pain, from Dr Ruchita. i m feeling so good. it was very difficult to lift heavy weight  and lot of pressure was there on the wrist. But after few sessions and proper exercises i am feeling so much relief. Thank you doctor.",5 months ago,i took treatment for my wrist pain from dr ruchita i m feeling so good it was very difficult to lift heavy weight and lot of pressure was there on the wrist but after few sessions and proper exercises i am feeling so much relief thank you doctor,i took treatment for my wrist pain from dr ruchita i m feeling so good it was very difficult to lift heavy weight and lot of pressure was there on the wrist but after few sessions and proper exercises i am feeling so much relief thank you doctor,I take treatment for my wrist pain from dr ruchita I m feel so good it be very difficult to lift heavy weight and lot of pressure be there on the wrist but after few session and proper exercise I be feel so much relief thank you doctor,POSITIVE,0.9986068606376648
Thumbay_Hospital_Ajman,1.0,"Very poor diagnosis.
I went to hospital for stomach pain and the ultrasound result showed I had swollen gallbladder. I went to operations department and complained that I don't have the organ because it was removed. Be safe and get second opinion. No action taken even after my complain",3 months ago,very poor diagnosis i went to hospital for stomach pain and the ultrasound result showed i had swollen gallbladder i went to operations department and complained that i don t have the organ because it was removed be safe and get second opinion no action taken even after my complain,very poor diagnosis i went to hospital for stomach pain and the ultrasound result showed i had swollen gallbladder i went to operations department and complained that i don t have the organ because it was removed be safe and get second opinion no action taken even after my complain,very poor diagnosis I go to hospital for stomach pain and the ultrasound result show I have swell gallbladder I go to operation department and complain that I don t have the organ because it be remove be safe and get second opinion no action take even after my complain,NEGATIVE,0.9969176054000854
Thumbay_Hospital_Ajman,5.0,I had a wonderful experience with Dr. Ruchita( Physiotherapist). Her positive attitude and encouragement kept me motivated during my recovery.,a month ago,i had a wonderful experience with dr ruchita physiotherapist her positive attitude and encouragement kept me motivated during my recovery,i had a wonderful experience with dr ruchita physiotherapist her positive attitude and encouragement kept me motivated during my recovery,I have a wonderful experience with dr ruchita physiotherapist her positive attitude and encouragement keep I motivated during my recovery,POSITIVE,0.9998506307601929
Thumbay_Hospital_Ajman,1.0,"Very dispointed, yesterday i visited & consulated the doctor. They give me super Saturday offer. I asked the receiption is this free, again asked to the a staff in the cabin. She told if it is apporved you will get message. Night i got the message & call & told to me that apporved. So come tomorrow to give blood sample. Early morning today i went to emergency section. They are asking me 87 Dhs. They don't got any information from office.  So who's mistake is this...  I ate last night food & come to check my blood sugar level after 8 hrs of fasting.  A sugar patient this much time fasting is difficult without drinking a drop of water.  You guys your customer service very bad. I will not suggest to anybody.",4 months ago,very dispointed yesterday i visited consulated the doctor they give me super saturday offer i asked the receiption is this free again asked to the a staff in the cabin she told if it is apporved you will get message night i got the message call told to me that apporved so come tomorrow to give blood sample early morning today i went to emergency section they are asking me 87 dhs they don t got any information from office so who s mistake is this i ate last night food come to check my blood sugar level after 8 hrs of fasting a sugar patient this much time fasting is difficult without drinking a drop of water you guys your customer service very bad i will not suggest to anybody,very dispointed yesterday i visited consulated the doctor they give me super saturday offer i asked the receiption is this free again asked to the a staff in the cabin she told if it is apporved you will get message night i got the message call told to me that apporved so come tomorrow to give blood sample early morning today i went to emergency section they are asking me 87 dhs they don t got any information from office so who s mistake is this i ate last night food come to check my blood sugar level after 8 hrs of fasting a sugar patient this much time fasting is difficult without drinking a drop of water you guys your customer service very bad i will not suggest to anybody,very dispointe yesterday I visited consulate the doctor they give I super saturday offer I ask the receiption be this free again ask to the a staff in the cabin she tell if it be apporve you will get message night I get the message call tell to I that apporve so come tomorrow to give blood sample early morning today I go to emergency section they be ask I 87 dhs they don t get any information from office so who s mistake be this I eat last night food come to check my blood sugar level after 8 hrs of fast a sugar patient this much time fasting be difficult without drink a drop of water you guy your customer service very bad I will not suggest to anybody,NEGATIVE,0.9955217838287354
Thumbay_Hospital_Ajman,5.0,"Carefully handled, we went for Cataract surgery under Dr. Kapil Das, she had 6/6 vision the next day of surgery. Entire staff is very accommodating and caring. Professional staff and helpful environment.",3 months ago,carefully handled we went for cataract surgery under dr kapil das she had 6 6 vision the next day of surgery entire staff is very accommodating and caring professional staff and helpful environment,carefully handled we went for cataract surgery under dr kapil das she had 6 6 vision the next day of surgery entire staff is very accommodating and caring professional staff and helpful environment,carefully handle we go for cataract surgery under dr kapil das she have 6 6 vision the next day of surgery entire staff be very accommodating and care professional staff and helpful environment,POSITIVE,0.9960145950317383
Thumbay_Hospital_Ajman,4.0,I Visted Dr. Usha Rani (gynecologist) in thumbay Nuaimiyah hospital. she is simple and gentle in behaviour and gave sufficient time to each patient. Explain things properly and addressed all my concerns. Overall she's  professional and a good doctor.,2 months ago,i visted dr usha rani gynecologist in thumbay nuaimiyah hospital she is simple and gentle in behaviour and gave sufficient time to each patient explain things properly and addressed all my concerns overall she s professional and a good doctor,i visted dr usha rani gynecologist in thumbay nuaimiyah hospital she is simple and gentle in behaviour and gave sufficient time to each patient explain things properly and addressed all my concerns overall she s professional and a good doctor,I viste dr usha rani gynecologist in thumbay nuaimiyah hospital she be simple and gentle in behaviour and give sufficient time to each patient explain thing properly and address all my concern overall she s professional and a good doctor,POSITIVE,0.9985641837120056
Thumbay_Hospital_Ajman,5.0,"We have a great experience with dr Tahani Hassan the paediatric doctor with my precious child and we recommend her for kids
Saleh is extremely happy and said I want to be 10000 days in Thumbay because of her",a month ago,we have a great experience with dr tahani hassan the paediatric doctor with my precious child and we recommend her for kids saleh is extremely happy and said i want to be 10000 days in thumbay because of her,we have a great experience with dr tahani hassan the paediatric doctor with my precious child and we recommend her for kids saleh is extremely happy and said i want to be 10000 days in thumbay because of her,we have a great experience with dr tahani hassan the paediatric doctor with my precious child and we recommend she for kid saleh be extremely happy and say I want to be 10000 day in thumbay because of she,POSITIVE,0.999346911907196
Thumbay_Hospital_Ajman,5.0,"Thank you Dr. Ruchita from Physiotherapy.
She was greatly experienced in her field and has a very lovely attitude. She displayed close attention in treating her patient.",a month ago,thank you dr ruchita from physiotherapy she was greatly experienced in her field and has a very lovely attitude she displayed close attention in treating her patient,thank you dr ruchita from physiotherapy she was greatly experienced in her field and has a very lovely attitude she displayed close attention in treating her patient,thank you dr ruchita from physiotherapy she be greatly experience in her field and have a very lovely attitude she display close attention in treat her patient,POSITIVE,0.999852180480957
Thumbay_Hospital_Ajman,5.0,Good experience with Pilonidal sinus closed wound excision by Dr Asim rafiq. Complications arose after treatment but dealt with it very effectively and hospitably. Nurses also good.,a month ago,good experience with pilonidal sinus closed wound excision by dr asim rafiq complications arose after treatment but dealt with it very effectively and hospitably nurses also good,good experience with pilonidal sinus closed wound excision by dr asim rafiq complications arose after treatment but dealt with it very effectively and hospitably nurses also good,good experience with pilonidal sinus close wound excision by dr asim rafiq complication arise after treatment but deal with it very effectively and hospitably nurse also good,POSITIVE,0.9994542002677917
Thumbay_Hospital_Ajman,5.0,"I cannot express enough gratitude for the exceptional care and treatment I received at Thumbay Hospital under the guidance of Dr. Ghulam Nabi, Consultant Gastro Enterologist.
Dr. Ghulam Nabi is truly a remarkable physician. His expertise, compassion, and dedication to his patients are unparalleled. He took the time to thoroughly explain my condition, answer all my questions, and outline a clear treatment plan and  made me feel confident that I was in the best hands possible.
The entire medical team at Thumbay Hospital was equally impressive. The nurses, technicians, and support staff were attentive, kind, and highly skilled. the level of care I received was nothing short of outstanding.
Thanks to Dr. Ghulam Nabi and the team at Thumbay Hospital, my health has significantly improved, and I am on the path to a full recovery. I wholeheartedly recommend Thumbay Hospital and Dr. Ghulam Nabi to anyone seeking top-notch medical care.",9 months ago,i cannot express enough gratitude for the exceptional care and treatment i received at thumbay hospital under the guidance of dr ghulam nabi consultant gastro enterologist dr ghulam nabi is truly a remarkable physician his expertise compassion and dedication to his patients are unparalleled he took the time to thoroughly explain my condition answer all my questions and outline a clear treatment plan and made me feel confident that i was in the best hands possible the entire medical team at thumbay hospital was equally impressive the nurses technicians and support staff were attentive kind and highly skilled the level of care i received was nothing short of outstanding thanks to dr ghulam nabi and the team at thumbay hospital my health has significantly improved and i am on the path to a full recovery i wholeheartedly recommend thumbay hospital and dr ghulam nabi to anyone seeking top notch medical care,i cannot express enough gratitude for the exceptional care and treatment i received at thumbay hospital under the guidance of dr ghulam nabi consultant gastro enterologist dr ghulam nabi is truly a remarkable physician his expertise compassion and dedication to his patients are unparalleled he took the time to thoroughly explain my condition answer all my questions and outline a clear treatment plan and made me feel confident that i was in the best hands possible the entire medical team at thumbay hospital was equally impressive the nurses technicians and support staff were attentive kind and highly skilled the level of care i received was nothing short of outstanding thanks to dr ghulam nabi and the team at thumbay hospital my health has significantly improved and i am on the path to a full recovery i wholeheartedly recommend thumbay hospital and dr ghulam nabi to anyone seeking top notch medical care,I can not express enough gratitude for the exceptional care and treatment I receive at thumbay hospital under the guidance of dr ghulam nabi consultant gastro enterologist dr ghulam nabi be truly a remarkable physician his expertise compassion and dedication to his patient be unparalleled he take the time to thoroughly explain my condition answer all my question and outline a clear treatment plan and make I feel confident that I be in the good hand possible the entire medical team at thumbay hospital be equally impressive the nurse technician and support staff be attentive kind and highly skilled the level of care I receive be nothing short of outstanding thank to dr ghulam nabi and the team at thumbay hospital my health have significantly improve and I be on the path to a full recovery I wholeheartedly recommend thumbay hospital and dr ghulam nabi to anyone seek top notch medical care,POSITIVE,0.9978051781654358
Thumbay_Hospital_Ajman,5.0,"- Great experience!, I did a Circumcision surgical for my new 2 weeks old baby, it was 10mins. time with very less pain after, my baby didn't suffer at all.

- Special thanks to Dr. Asim who he was a really professional and knows well what he is doing!, has a great bedside manner and listens attentively, i highly recommend him!

- The billing process was transparent and straightforward. No surprises.

- All the staff was helpful and kind, and thanks to the shift nurse at counter 1.

Regards.",a year ago,great experience i did a circumcision surgical for my new 2 weeks old baby it was 10mins time with very less pain after my baby didn t suffer at all special thanks to dr asim who he was a really professional and knows well what he is doing has a great bedside manner and listens attentively i highly recommend him the billing process was transparent and straightforward no surprises all the staff was helpful and kind and thanks to the shift nurse at counter 1 regards,great experience i did a circumcision surgical for my new 2 weeks old baby it was 10mins time with very less pain after my baby didn t suffer at all special thanks to dr asim who he was a really professional and knows well what he is doing has a great bedside manner and listens attentively i highly recommend him the billing process was transparent and straightforward no surprises all the staff was helpful and kind and thanks to the shift nurse at counter 1 regards,great experience I do a circumcision surgical for my new 2 week old baby it be 10mins time with very less pain after my baby didn t suffer at all special thank to dr asim who he be a really professional and know well what he be do have a great bedside manner and listen attentively I highly recommend he the billing process be transparent and straightforward no surprise all the staff be helpful and kind and thank to the shift nurse at counter 1 regard,POSITIVE,0.9932504892349243
Thumbay_Hospital_Ajman,5.0,"I had a great experience with Dr Ruchita Kadam, physiotherapist at Thumbay hospital ajman..From the very first session, she was very attentive to my case and gave me a clear picture of the problem. She clearly guided my through effective exercises and treatment. I started feeling noticeable improvement within a few session. Thank you to her and thumbay hospital to have her. I highly recommend her and the hospital for physiotherapy.",3 months ago,i had a great experience with dr ruchita kadam physiotherapist at thumbay hospital ajman from the very first session she was very attentive to my case and gave me a clear picture of the problem she clearly guided my through effective exercises and treatment i started feeling noticeable improvement within a few session thank you to her and thumbay hospital to have her i highly recommend her and the hospital for physiotherapy,i had a great experience with dr ruchita kadam physiotherapist at thumbay hospital ajman from the very first session she was very attentive to my case and gave me a clear picture of the problem she clearly guided my through effective exercises and treatment i started feeling noticeable improvement within a few session thank you to her and thumbay hospital to have her i highly recommend her and the hospital for physiotherapy,I have a great experience with dr ruchita kadam physiotherapist at thumbay hospital ajman from the very first session she be very attentive to my case and give I a clear picture of the problem she clearly guide my through effective exercise and treatment I start feel noticeable improvement within a few session thank you to she and thumbay hospital to have she I highly recommend she and the hospital for physiotherapy,POSITIVE,0.9984686970710754
Thumbay_Hospital_Ajman,5.0,"Feedback for Dr. Rekha Khatri – General Surgeon

Highly Recommended !

I have been consulting Dr. Rekha Khatri for mastitis-related concerns, and I truly appreciate the exceptional care she provides. She consistently puts in her best efforts to treat me, not only medically but also emotionally always offering reassurance, reducing my stress, and approaching my recovery with compassion and positivity.

After consulting with several general surgeons, Dr. Khatri stands out for her genuine empathy, respectful approach, and unwavering dedication. Her ability to combine clinical expertise with heartfelt care makes a meaningful difference in a patient’s healing journey.",3 months ago,feedback for dr rekha khatri general surgeon highly recommended i have been consulting dr rekha khatri for mastitis related concerns and i truly appreciate the exceptional care she provides she consistently puts in her best efforts to treat me not only medically but also emotionally always offering reassurance reducing my stress and approaching my recovery with compassion and positivity after consulting with several general surgeons dr khatri stands out for her genuine empathy respectful approach and unwavering dedication her ability to combine clinical expertise with heartfelt care makes a meaningful difference in a patient s healing journey,feedback for dr rekha khatri general surgeon highly recommended i have been consulting dr rekha khatri for mastitis related concerns and i truly appreciate the exceptional care she provides she consistently puts in her best efforts to treat me not only medically but also emotionally always offering reassurance reducing my stress and approaching my recovery with compassion and positivity after consulting with several general surgeons dr khatri stands out for her genuine empathy respectful approach and unwavering dedication her ability to combine clinical expertise with heartfelt care makes a meaningful difference in a patient s healing journey,feedback for dr rekha khatri general surgeon highly recommend I have be consult dr rekha khatri for mastitis relate concern and I truly appreciate the exceptional care she provide she consistently put in her good effort to treat I not only medically but also emotionally always offer reassurance reduce my stress and approach my recovery with compassion and positivity after consult with several general surgeon dr khatri stand out for her genuine empathy respectful approach and unwavere dedication her ability to combine clinical expertise with heartfelt care make a meaningful difference in a patient s healing journey,POSITIVE,0.9997045397758484
Thumbay_Hospital_Ajman,5.0,"I had an excellent experience at Thumbay Hospital Ajman. Dr. Asim performed a flawless surgery—everything went smoothly and I felt well taken care of throughout the process. He provided clear instructions and helpful guidance every step of the way.

Dr. Mais from Internal Medicine was also extremely helpful. Her diagnosis was accurate, and the prescribed medicines worked effectively. I truly appreciated her attentive and caring approach.

The nursing staff were cheerful, supportive, and always ready to assist, which made my recovery much more comfortable.

Highly recommend this hospital for its professionalism and compassionate care!",5 months ago,i had an excellent experience at thumbay hospital ajman dr asim performed a flawless surgery everything went smoothly and i felt well taken care of throughout the process he provided clear instructions and helpful guidance every step of the way dr mais from internal medicine was also extremely helpful her diagnosis was accurate and the prescribed medicines worked effectively i truly appreciated her attentive and caring approach the nursing staff were cheerful supportive and always ready to assist which made my recovery much more comfortable highly recommend this hospital for its professionalism and compassionate care,i had an excellent experience at thumbay hospital ajman dr asim performed a flawless surgery everything went smoothly and i felt well taken care of throughout the process he provided clear instructions and helpful guidance every step of the way dr mais from internal medicine was also extremely helpful her diagnosis was accurate and the prescribed medicines worked effectively i truly appreciated her attentive and caring approach the nursing staff were cheerful supportive and always ready to assist which made my recovery much more comfortable highly recommend this hospital for its professionalism and compassionate care,I have an excellent experience at thumbay hospital ajman dr asim perform a flawless surgery everything go smoothly and I feel well take care of throughout the process he provide clear instruction and helpful guidance every step of the way dr mais from internal medicine be also extremely helpful her diagnosis be accurate and the prescribed medicine work effectively I truly appreciate her attentive and caring approach the nursing staff be cheerful supportive and always ready to assist which make my recovery much more comfortable highly recommend this hospital for its professionalism and compassionate care,POSITIVE,0.9996824264526367
Thumbay_Hospital_Ajman,5.0,"Got treated for my back from Dr Ruchita, physiotherapist and I am out of words to be thankful to her. Her exercises have been so helpful to get rid of my pain. Very knowledgeable doctor with positive attitude. I got physiotherapy done from 3 hospitals but this was the best hospital I came across. Big thank you to thunbay hospital",5 months ago,got treated for my back from dr ruchita physiotherapist and i am out of words to be thankful to her her exercises have been so helpful to get rid of my pain very knowledgeable doctor with positive attitude i got physiotherapy done from 3 hospitals but this was the best hospital i came across big thank you to thunbay hospital,got treated for my back from dr ruchita physiotherapist and i am out of words to be thankful to her her exercises have been so helpful to get rid of my pain very knowledgeable doctor with positive attitude i got physiotherapy done from 3 hospitals but this was the best hospital i came across big thank you to thunbay hospital,get treat for my back from dr ruchita physiotherapist and I be out of word to be thankful to her her exercise have be so helpful to get rid of my pain very knowledgeable doctor with positive attitude I get physiotherapy do from 3 hospital but this be the good hospital I come across big thank you to thunbay hospital,POSITIVE,0.997865617275238
Thumbay_Hospital_Ajman,5.0,"I took treatment for my ankle from Dr Ruchita kadam, physiotherapist. I had a fall and twisted my ankle. My ankle was in cast for 3 weeks and I had lot of swelling and pain in my ankle. Walking was difficult and Dr Ayman suggested me physiotherapy. After 5 sessions of physiotherapy my swelling is completely gone and pain too. The machines and the exercises have helped me to come back to my normal schedule. A big thank you to both the drs . Dr Ayman and dr Ruchita",3 months ago,i took treatment for my ankle from dr ruchita kadam physiotherapist i had a fall and twisted my ankle my ankle was in cast for 3 weeks and i had lot of swelling and pain in my ankle walking was difficult and dr ayman suggested me physiotherapy after 5 sessions of physiotherapy my swelling is completely gone and pain too the machines and the exercises have helped me to come back to my normal schedule a big thank you to both the drs dr ayman and dr ruchita,i took treatment for my ankle from dr ruchita kadam physiotherapist i had a fall and twisted my ankle my ankle was in cast for 3 weeks and i had lot of swelling and pain in my ankle walking was difficult and dr ayman suggested me physiotherapy after 5 sessions of physiotherapy my swelling is completely gone and pain too the machines and the exercises have helped me to come back to my normal schedule a big thank you to both the drs dr ayman and dr ruchita,I take treatment for my ankle from dr ruchita kadam physiotherapist I have a fall and twist my ankle my ankle be in cast for 3 week and I have lot of swelling and pain in my ankle walk be difficult and dr ayman suggest I physiotherapy after 5 session of physiotherapy my swelling be completely go and pain too the machine and the exercise have help I to come back to my normal schedule a big thank you to both the drs dr ayman and dr ruchita,POSITIVE,0.7638087868690491
Thumbay_Hospital_Ajman,1.0,"Booked an appointment by9am but there is no one in reception ,there is no one to guide,
Running around asking cleaner,found a nurse her attitude is also high as sky.
Very disappointed by the service you provid.
Reception people should be arrive before Doc.
I dont understand why they even given me an appointment, if there is no one to attend.",3 months ago,booked an appointment by9am but there is no one in reception there is no one to guide running around asking cleaner found a nurse her attitude is also high as sky very disappointed by the service you provid reception people should be arrive before doc i dont understand why they even given me an appointment if there is no one to attend,booked an appointment by9am but there is no one in reception there is no one to guide running around asking cleaner found a nurse her attitude is also high as sky very disappointed by the service you provid reception people should be arrive before doc i dont understand why they even given me an appointment if there is no one to attend,book an appointment by9am but there be no one in reception there be no one to guide run around ask clean find a nurse her attitude be also high as sky very disappointed by the service you provid reception people should be arrive before doc I do not understand why they even give I an appointment if there be no one to attend,NEGATIVE,0.9992413520812988
Thumbay_Hospital_Ajman,1.0,"""Subject: Issue with Blood Sample Collection for Newborn (5 days old) at Thumbay Hospital Ajman

Dear [Hospital Administration],

I recently visited Thumbay Hospital Ajman with my 5-day-old baby for a blood test. After completing the test, I returned home. However, 5 hours later, I received a call from the lab staff informing me that the blood sample collected was insufficient and requesting me to return for another sample collection.

Unfortunately, the experience was further marred by the unprofessional behavior of the nurse who collected the blood sample. Her service was subpar, and her behavior was unacceptable. This caused significant inconvenience, distress, and anxiety for my newborn and me.

I kindly request that the hospital reviews its procedures to ensure such incidents are minimized in the future, considering the vulnerability of newborns. Additionally, I hope the hospital will address the issue of nurse conduct and provide training to ensure a better experience for patients.

Sincerely,
Patient",4 months ago,subject issue with blood sample collection for newborn 5 days old at thumbay hospital ajman dear hospital administration i recently visited thumbay hospital ajman with my 5 day old baby for a blood test after completing the test i returned home however 5 hours later i received a call from the lab staff informing me that the blood sample collected was insufficient and requesting me to return for another sample collection unfortunately the experience was further marred by the unprofessional behavior of the nurse who collected the blood sample her service was subpar and her behavior was unacceptable this caused significant inconvenience distress and anxiety for my newborn and me i kindly request that the hospital reviews its procedures to ensure such incidents are minimized in the future considering the vulnerability of newborns additionally i hope the hospital will address the issue of nurse conduct and provide training to ensure a better experience for patients sincerely patient,subject issue with blood sample collection for newborn 5 days old at thumbay hospital ajman dear hospital administration i recently visited thumbay hospital ajman with my 5 day old baby for a blood test after completing the test i returned home however 5 hours later i received a call from the lab staff informing me that the blood sample collected was insufficient and requesting me to return for another sample collection unfortunately the experience was further marred by the unprofessional behavior of the nurse who collected the blood sample her service was subpar and her behavior was unacceptable this caused significant inconvenience distress and anxiety for my newborn and me i kindly request that the hospital reviews its procedures to ensure such incidents are minimized in the future considering the vulnerability of newborns additionally i hope the hospital will address the issue of nurse conduct and provide training to ensure a better experience for patients sincerely patient,subject issue with blood sample collection for newborn 5 day old at thumbay hospital ajman dear hospital administration I recently visit thumbay hospital ajman with my 5 day old baby for a blood test after complete the test I return home however 5 hour later I receive a call from the lab staff inform I that the blood sample collect be insufficient and request I to return for another sample collection unfortunately the experience be far mar by the unprofessional behavior of the nurse who collect the blood sample her service be subpar and her behavior be unacceptable this cause significant inconvenience distress and anxiety for my newborn and I I kindly request that the hospital review its procedure to ensure such incident be minimize in the future consider the vulnerability of newborn additionally I hope the hospital will address the issue of nurse conduct and provide training to ensure a well experience for patient sincerely patient,NEGATIVE,0.998292863368988
Thumbay_Hospital_Ajman,1.0,I was in emergency check up for my daughter and  she discharge from emergency and  i have to wait for more than 25 min  in the pharmacy bcz DR didn’t sent the description of the medicine …very poor service…,10 months ago,i was in emergency check up for my daughter and she discharge from emergency and i have to wait for more than 25 min in the pharmacy bcz dr didn t sent the description of the medicine very poor service,i was in emergency check up for my daughter and she discharge from emergency and i have to wait for more than 25 min in the pharmacy bcz dr didn t sent the description of the medicine very poor service,I be in emergency check up for my daughter and she discharge from emergency and I have to wait for more than 25 min in the pharmacy bcz dr didn t send the description of the medicine very poor service,NEGATIVE,0.9990658164024353
Thumbay_Hospital_Ajman,5.0,"I am very happy with my treatment with Dr. Kapil Das Ophthalmologist at Thumbay hospital, Ajman.
My mother was a complicated case of Cataract with very high blood sugar, with risk of infection in the eye.
But Alhamdullilah the cataract surgery and it's post op management all went well and my mother has normal vision.",4 months ago,i am very happy with my treatment with dr kapil das ophthalmologist at thumbay hospital ajman my mother was a complicated case of cataract with very high blood sugar with risk of infection in the eye but alhamdullilah the cataract surgery and it s post op management all went well and my mother has normal vision,i am very happy with my treatment with dr kapil das ophthalmologist at thumbay hospital ajman my mother was a complicated case of cataract with very high blood sugar with risk of infection in the eye but alhamdullilah the cataract surgery and it s post op management all went well and my mother has normal vision,I be very happy with my treatment with dr kapil das ophthalmologist at thumbay hospital ajman my mother be a complicated case of cataract with very high blood sugar with risk of infection in the eye but alhamdullilah the cataract surgery and it s post op management all go well and my mother have normal vision,POSITIVE,0.9959701299667358
Thumbay_Hospital_Ajman,4.0,"Price ; neutral as expected from private
Pros ; very clean ,spacious and good doctors.
Cons; can't think of any...

Last visit for PCR...fast and easy service with prompt response.",4 years ago,price neutral as expected from private pros very clean spacious and good doctors cons can t think of any last visit for pcr fast and easy service with prompt response,price neutral as expected from private pros very clean spacious and good doctors cons can t think of any last visit for pcr fast and easy service with prompt response,price neutral as expect from private pro very clean spacious and good doctor con can t think of any last visit for pcr fast and easy service with prompt response,POSITIVE,0.8128620386123657
Thumbay_Hospital_Ajman,5.0,I took treatment from Dr Ruchita for my neck pain. I am very satisfied and happy with the treatment. The exercises were very effective and i am feeling much better. I will recommend her to my friends and relatives. A big thank you to the thumbay team.,6 months ago,i took treatment from dr ruchita for my neck pain i am very satisfied and happy with the treatment the exercises were very effective and i am feeling much better i will recommend her to my friends and relatives a big thank you to the thumbay team,i took treatment from dr ruchita for my neck pain i am very satisfied and happy with the treatment the exercises were very effective and i am feeling much better i will recommend her to my friends and relatives a big thank you to the thumbay team,I take treatment from dr ruchita for my neck pain I be very satisfied and happy with the treatment the exercise be very effective and I be feel much well I will recommend she to my friend and relative a big thank you to the thumbay team,POSITIVE,0.9998171925544739
Thumbay_Hospital_Ajman,5.0,"I would like to express my heartfelt appreciation to Dr. Asim laharwal, for the exceptional  kindness.
Last 20/05/25 im very grateful for the outstanding care and expertise you did for my surgery. For the encouragement and support mean a lot.
To the anesthetist Dr. Who made me dream well and to all the nurses helped. You all are heroes. SHUKRAN....

Maisara Sugadol",5 months ago,i would like to express my heartfelt appreciation to dr asim laharwal for the exceptional kindness last 20 05 25 im very grateful for the outstanding care and expertise you did for my surgery for the encouragement and support mean a lot to the anesthetist dr who made me dream well and to all the nurses helped you all are heroes shukran maisara sugadol,i would like to express my heartfelt appreciation to dr asim laharwal for the exceptional kindness last 20 05 25 im very grateful for the outstanding care and expertise you did for my surgery for the encouragement and support mean a lot to the anesthetist dr who made me dream well and to all the nurses helped you all are heroes shukran maisara sugadol,I would like to express my heartfelt appreciation to dr asim laharwal for the exceptional kindness last 20 05 25 I m very grateful for the outstanding care and expertise you do for my surgery for the encouragement and support mean a lot to the anesthetist dr who make I dream well and to all the nurse help you all be hero shukran maisara sugadol,POSITIVE,0.9998131394386292
Thumbay_Hospital_Ajman,1.0,"Got my husband admitted here because he was needed to be under observation but the services of the nurse is pathetic. The bell doesnt work, I have to ask them to assist personally and that too - they take their sweet time. One nurse spilled blood on my husband’s bed and didnt even clean it on time. I personally had to change the sheet with another spare bed because they were taking so much of time. Nurses here are very careless, they dont even come and check if the drip is over. I dont recommend this hospital at all specially for admission cases. Also every hour my husband’s fever keep increasing - they are not taking anything seriously. Asked so many times to call the doctor but they keep asking me to wait.",2 years ago,got my husband admitted here because he was needed to be under observation but the services of the nurse is pathetic the bell doesnt work i have to ask them to assist personally and that too they take their sweet time one nurse spilled blood on my husband s bed and didnt even clean it on time i personally had to change the sheet with another spare bed because they were taking so much of time nurses here are very careless they dont even come and check if the drip is over i dont recommend this hospital at all specially for admission cases also every hour my husband s fever keep increasing they are not taking anything seriously asked so many times to call the doctor but they keep asking me to wait,got my husband admitted here because he was needed to be under observation but the services of the nurse is pathetic the bell doesnt work i have to ask them to assist personally and that too they take their sweet time one nurse spilled blood on my husband s bed and didnt even clean it on time i personally had to change the sheet with another spare bed because they were taking so much of time nurses here are very careless they dont even come and check if the drip is over i dont recommend this hospital at all specially for admission cases also every hour my husband s fever keep increasing they are not taking anything seriously asked so many times to call the doctor but they keep asking me to wait,get my husband admit here because he be need to be under observation but the service of the nurse be pathetic the bell do not work I have to ask they to assist personally and that too they take their sweet time one nurse spill blood on my husband s bed and do not even clean it on time I personally have to change the sheet with another spare bed because they be take so much of time nurse here be very careless they do not even come and check if the drip be over I do not recommend this hospital at all specially for admission case also every hour my husband s fever keep increase they be not take anything seriously ask so many time to call the doctor but they keep ask I to wait,NEGATIVE,0.9994099140167236
Thumbay_Hospital_Ajman,1.0,"WORST EXPERIENCE EVER
EMERGENCY IS LIKE HELL!!!
They don't know meaning of emergency
They make que like opd in emergency
THEY WERE TAKING PATIENTS WITH FULLY OCCUPIED BEDS

Please get them realized that beautiful air-conditioned building is not requirement of health care system,requirement is cleaned spacious building/facility with large number of beds and ""WELL QUALIFIED STAFF"",

THUMBAY HOSPITAL AJMAN has very beautiful building but unfortunately very ugly services.

Looking forward for better services in future
Thanks",5 months ago,worst experience ever emergency is like hell they don t know meaning of emergency they make que like opd in emergency they were taking patients with fully occupied beds please get them realized that beautiful air conditioned building is not requirement of health care system requirement is cleaned spacious building facility with large number of beds and well qualified staff thumbay hospital ajman has very beautiful building but unfortunately very ugly services looking forward for better services in future thanks,worst experience ever emergency is like hell they don t know meaning of emergency they make que like opd in emergency they were taking patients with fully occupied beds please get them realized that beautiful air conditioned building is not requirement of health care system requirement is cleaned spacious building facility with large number of beds and well qualified staff thumbay hospital ajman has very beautiful building but unfortunately very ugly services looking forward for better services in future thanks,bad experience ever emergency be like hell they don t know meaning of emergency they make que like opd in emergency they be take patient with fully occupy bed please get they realize that beautiful air condition building be not requirement of health care system requirement be clean spacious building facility with large number of bed and well qualified staff thumbay hospital ajman have very beautiful building but unfortunately very ugly service look forward for well service in future thank,NEGATIVE,0.7347943782806396
Thumbay_Hospital_Ajman,5.0,"I would like to express my sincere thanks to the entire care team at the hospital for the attention and support provided during my son’s recent overnight admission due to high fever.

A special thanks to Dr. Shemeena for her continuous care, and to the ER team including Dr. Bilal, Dr. Adeel (I hope I have the name correct), and all the staff who were very helpful and supportive right from the moment we arrived. I also want to appreciate the housekeeping team, especially Mr. Vishnu, who ensured everything was in order and always with a smile. The nursing staff were always present, caring, and made us feel supported throughout our stay.

One suggestion I would like to share is regarding the hospital Wi-Fi service. Unfortunately, it kept disconnecting and required logging in repeatedly, which was quite inconvenient, especially with kids who rely on stable connections for entertainment during such stressful times. My 4-year-old son was so frustrated that he even threw his tablet due to the frequent log-in prompts. I believe improving this service will make the overall patient and family experience even better.

Once again, thank you to everyone who contributed to my son’s care.",5 months ago,i would like to express my sincere thanks to the entire care team at the hospital for the attention and support provided during my son s recent overnight admission due to high fever a special thanks to dr shemeena for her continuous care and to the er team including dr bilal dr adeel i hope i have the name correct and all the staff who were very helpful and supportive right from the moment we arrived i also want to appreciate the housekeeping team especially mr vishnu who ensured everything was in order and always with a smile the nursing staff were always present caring and made us feel supported throughout our stay one suggestion i would like to share is regarding the hospital wi fi service unfortunately it kept disconnecting and required logging in repeatedly which was quite inconvenient especially with kids who rely on stable connections for entertainment during such stressful times my 4 year old son was so frustrated that he even threw his tablet due to the frequent log in prompts i believe improving this service will make the overall patient and family experience even better once again thank you to everyone who contributed to my son s care,i would like to express my sincere thanks to the entire care team at the hospital for the attention and support provided during my son s recent overnight admission due to high fever a special thanks to dr shemeena for her continuous care and to the er team including dr bilal dr adeel i hope i have the name correct and all the staff who were very helpful and supportive right from the moment we arrived i also want to appreciate the housekeeping team especially mr vishnu who ensured everything was in order and always with a smile the nursing staff were always present caring and made us feel supported throughout our stay one suggestion i would like to share is regarding the hospital wi fi service unfortunately it kept disconnecting and required logging in repeatedly which was quite inconvenient especially with kids who rely on stable connections for entertainment during such stressful times my 4 year old son was so frustrated that he even threw his tablet due to the frequent log in prompts i believe improving this service will make the overall patient and family experience even better once again thank you to everyone who contributed to my son s care,I would like to express my sincere thank to the entire care team at the hospital for the attention and support provide during my son s recent overnight admission due to high fever a special thank to dr shemeena for her continuous care and to the er team include dr bilal dr adeel I hope I have the name correct and all the staff who be very helpful and supportive right from the moment we arrive I also want to appreciate the housekeeping team especially mr vishnu who ensure everything be in order and always with a smile the nursing staff be always present caring and make we feel support throughout our stay one suggestion I would like to share be regard the hospital wi fi service unfortunately it keep disconnect and require log in repeatedly which be quite inconvenient especially with kid who rely on stable connection for entertainment during such stressful time my 4 year old son be so frustrated that he even throw his tablet due to the frequent log in prompt I believe improve this service will make the overall patient and family experience even well once again thank you to everyone who contribute to my son s care,POSITIVE,0.9995638728141785
Thumbay_Hospital_Ajman,1.0,"Dear [Thumbay/Ajman Aljurf branch

Formal Complaint Regarding Misdiagnosis and Resulting Health Complications

I am writing to formally file a complaint regarding a serious misdiagnosis I experienced at Thumbay Hospital, Ajman – Al Jurf branch.

After completing the treatment prescribed by the ENT doctor Sanooj Saithu Mohammad Kunju at your facility, my condition deteriorated significantly. Concerned about my worsening symptoms, I sought medical attention at another hospital, where I was diagnosed with severe pneumonia. The attending physicians there confirmed that the condition had worsened due to a misdiagnosis and inadequate treatment provided earlier.

This situation has not only caused me significant physical suffering but has also resulted in emotional distress and additional medical expenses that could have been avoided with proper diagnosis and care.

I kindly request a thorough investigation into this matter, and I expect a formal response explaining how such a critical error occurred, as well as what steps will be taken to prevent similar incidents in the future.

Thank you for your attention to this serious issue.

Sincerely,
Tasneem Mohamed Ali",5 months ago,dear thumbay ajman aljurf branch formal complaint regarding misdiagnosis and resulting health complications i am writing to formally file a complaint regarding a serious misdiagnosis i experienced at thumbay hospital ajman al jurf branch after completing the treatment prescribed by the ent doctor sanooj saithu mohammad kunju at your facility my condition deteriorated significantly concerned about my worsening symptoms i sought medical attention at another hospital where i was diagnosed with severe pneumonia the attending physicians there confirmed that the condition had worsened due to a misdiagnosis and inadequate treatment provided earlier this situation has not only caused me significant physical suffering but has also resulted in emotional distress and additional medical expenses that could have been avoided with proper diagnosis and care i kindly request a thorough investigation into this matter and i expect a formal response explaining how such a critical error occurred as well as what steps will be taken to prevent similar incidents in the future thank you for your attention to this serious issue sincerely tasneem mohamed ali,dear thumbay ajman aljurf branch formal complaint regarding misdiagnosis and resulting health complications i am writing to formally file a complaint regarding a serious misdiagnosis i experienced at thumbay hospital ajman al jurf branch after completing the treatment prescribed by the ent doctor sanooj saithu mohammad kunju at your facility my condition deteriorated significantly concerned about my worsening symptoms i sought medical attention at another hospital where i was diagnosed with severe pneumonia the attending physicians there confirmed that the condition had worsened due to a misdiagnosis and inadequate treatment provided earlier this situation has not only caused me significant physical suffering but has also resulted in emotional distress and additional medical expenses that could have been avoided with proper diagnosis and care i kindly request a thorough investigation into this matter and i expect a formal response explaining how such a critical error occurred as well as what steps will be taken to prevent similar incidents in the future thank you for your attention to this serious issue sincerely tasneem mohamed ali,dear thumbay ajman aljurf branch formal complaint regard misdiagnosis and result health complication I be write to formally file a complaint regard a serious misdiagnosis I experience at thumbay hospital ajman al jurf branch after complete the treatment prescribe by the ent doctor sanooj saithu mohammad kunju at your facility my condition deteriorate significantly concerned about my worsen symptom I seek medical attention at another hospital where I be diagnose with severe pneumonia the attend physician there confirm that the condition have worsen due to a misdiagnosis and inadequate treatment provide early this situation have not only cause I significant physical suffering but have also result in emotional distress and additional medical expense that could have be avoid with proper diagnosis and care I kindly request a thorough investigation into this matter and I expect a formal response explain how such a critical error occur as well as what step will be take to prevent similar incident in the future thank you for your attention to this serious issue sincerely tasneem mohamed ali,NEGATIVE,0.9976245760917664
Thumbay_Hospital_Ajman,5.0,I had fell down from stairs and was limping while walking so I came for physiotherapy  to Dr Ruchita for 5 sessions. I am very happy to share that I am walking normally now. The exercises and the treatment were up to the mark. Very happy with the treatment.,5 months ago,i had fell down from stairs and was limping while walking so i came for physiotherapy to dr ruchita for 5 sessions i am very happy to share that i am walking normally now the exercises and the treatment were up to the mark very happy with the treatment,i had fell down from stairs and was limping while walking so i came for physiotherapy to dr ruchita for 5 sessions i am very happy to share that i am walking normally now the exercises and the treatment were up to the mark very happy with the treatment,I have fall down from stair and be limp while walk so I come for physiotherapy to dr ruchita for 5 session I be very happy to share that I be walk normally now the exercise and the treatment be up to the mark very happy with the treatment,POSITIVE,0.9984473586082458
Thumbay_Hospital_Ajman,5.0,A very good hospital. Treat the patient very kind and help families. Patient come from all over the uae only for this very happy,a month ago,a very good hospital treat the patient very kind and help families patient come from all over the uae only for this very happy,a very good hospital treat the patient very kind and help families patient come from all over the uae only for this very happy,a very good hospital treat the patient very kind and help family patient come from all over the uae only for this very happy,POSITIVE,0.999747097492218
Thumbay_Hospital_Ajman,5.0,"All the staffs and doctors are generous. My father used to take Dialysis here, the dialysis nurses are so much caring and responsive.",4 months ago,all the staffs and doctors are generous my father used to take dialysis here the dialysis nurses are so much caring and responsive,all the staffs and doctors are generous my father used to take dialysis here the dialysis nurses are so much caring and responsive,all the staff and doctor be generous my father use to take dialysis here the dialysis nurse be so much caring and responsive,POSITIVE,0.9994016885757446
Thumbay_Hospital_Ajman,5.0,"I want to thank Dr.Kapil.A.Das Ophthalmologist who helped me recover my vision in left eye which was damaged by Silicon black chemical injury.
I cannot thank God and Dr.Kapil and his team at Thumbay hospital Ajman who kept me motivated and helped in the complete recovery of my vision when 2 major hospitals in Sharjah had given me a very poor visual prognosis.",9 months ago,i want to thank dr kapil a das ophthalmologist who helped me recover my vision in left eye which was damaged by silicon black chemical injury i cannot thank god and dr kapil and his team at thumbay hospital ajman who kept me motivated and helped in the complete recovery of my vision when 2 major hospitals in sharjah had given me a very poor visual prognosis,i want to thank dr kapil a das ophthalmologist who helped me recover my vision in left eye which was damaged by silicon black chemical injury i cannot thank god and dr kapil and his team at thumbay hospital ajman who kept me motivated and helped in the complete recovery of my vision when 2 major hospitals in sharjah had given me a very poor visual prognosis,I want to thank dr kapil a das ophthalmologist who help I recover my vision in left eye which be damage by silicon black chemical injury I can not thank god and dr kapil and his team at thumbay hospital ajman who keep I motivated and help in the complete recovery of my vision when 2 major hospital in sharjah have give I a very poor visual prognosis,NEGATIVE,0.9563114047050476
Thumbay_Hospital_Ajman,1.0,Very bad service for just consulting the doctor almost 2 hours we waited there is no patient also inside doctor just sitting in the room and the patient are waiting outside. Company should give good training for the staffs how to treat the patient. I will not recommend to anyone.,6 months ago,very bad service for just consulting the doctor almost 2 hours we waited there is no patient also inside doctor just sitting in the room and the patient are waiting outside company should give good training for the staffs how to treat the patient i will not recommend to anyone,very bad service for just consulting the doctor almost 2 hours we waited there is no patient also inside doctor just sitting in the room and the patient are waiting outside company should give good training for the staffs how to treat the patient i will not recommend to anyone,very bad service for just consult the doctor almost 2 hour we wait there be no patient also inside doctor just sit in the room and the patient be wait outside company should give good training for the staff how to treat the patient I will not recommend to anyone,NEGATIVE,0.9963029623031616
Thumbay_Hospital_Ajman,1.0,"""I visited the hospital to inquire about vaccination due to my roommate's chickenpox. The receptionist directed me to Dr................. ... , a specialist. However, when I went to meet her,she  didn't allow me and instead called another patient. I was told to get a file before consulting the doctor. Given the hospital's purpose, I expect better guidance and support. Unfortunately, this experience fell short of my expectations.""feel bad.Treat Each patients From your heart  itzz gave you Something More in your life.",4 months ago,i visited the hospital to inquire about vaccination due to my roommate s chickenpox the receptionist directed me to dr a specialist however when i went to meet her she didn t allow me and instead called another patient i was told to get a file before consulting the doctor given the hospital s purpose i expect better guidance and support unfortunately this experience fell short of my expectations feel bad treat each patients from your heart itzz gave you something more in your life,i visited the hospital to inquire about vaccination due to my roommate s chickenpox the receptionist directed me to dr a specialist however when i went to meet her she didn t allow me and instead called another patient i was told to get a file before consulting the doctor given the hospital s purpose i expect better guidance and support unfortunately this experience fell short of my expectations feel bad treat each patients from your heart itzz gave you something more in your life,I visit the hospital to inquire about vaccination due to my roommate s chickenpox the receptionist direct I to dr a specialist however when I go to meet she she didn t allow I and instead call another patient I be tell to get a file before consult the doctor give the hospital s purpose I expect well guidance and support unfortunately this experience fall short of my expectation feel bad treat each patient from your heart itzz give you something more in your life,NEGATIVE,0.9755002856254578
Thumbay_Hospital_Ajman,2.0,"Very less staffs...so lethargic...specially in the pharmacy..they are delaying a lot..there was just one single pharmacist and she isn't even calling according to the token numbers. Not organized at all. Attitude was really bad. There are three counters in the pharmacy and just one is open with  a single pharmacist..this is disgusting,no token system .",8 months ago,very less staffs so lethargic specially in the pharmacy they are delaying a lot there was just one single pharmacist and she isn t even calling according to the token numbers not organized at all attitude was really bad there are three counters in the pharmacy and just one is open with a single pharmacist this is disgusting no token system,very less staffs so lethargic specially in the pharmacy they are delaying a lot there was just one single pharmacist and she isn t even calling according to the token numbers not organized at all attitude was really bad there are three counters in the pharmacy and just one is open with a single pharmacist this is disgusting no token system,very less staff so lethargic specially in the pharmacy they be delay a lot there be just one single pharmacist and she isn t even call accord to the token number not organize at all attitude be really bad there be three counter in the pharmacy and just one be open with a single pharmacist this be disgust no token system,NEGATIVE,0.9933973550796509
Thumbay_Hospital_Ajman,5.0,I took physiotherapy from Dr Ruchita for my ankle sprain. My experience was very good. I felt more free and flexible with my ankle. I was struggling to play football for a long time but after 4-5 sessions I am back to my routine. Very happy with the exercises she gave me. Thank you very much,6 months ago,i took physiotherapy from dr ruchita for my ankle sprain my experience was very good i felt more free and flexible with my ankle i was struggling to play football for a long time but after 4 5 sessions i am back to my routine very happy with the exercises she gave me thank you very much,i took physiotherapy from dr ruchita for my ankle sprain my experience was very good i felt more free and flexible with my ankle i was struggling to play football for a long time but after 4 5 sessions i am back to my routine very happy with the exercises she gave me thank you very much,I take physiotherapy from dr ruchita for my ankle sprain my experience be very good I feel more free and flexible with my ankle I be struggle to play football for a long time but after 4 5 session I be back to my routine very happy with the exercise she give I thank you very much,POSITIVE,0.999248206615448
Thumbay_Hospital_Ajman,5.0,"I took treatment from Dr Ruchita,physiotherapist for my back pain.i came on a wheelchair unable to move my leg, unable to walk but just after a week i am walking independently and my back pain has also reduced. So i am very happy with the treatment. Thank you so much",5 months ago,i took treatment from dr ruchita physiotherapist for my back pain i came on a wheelchair unable to move my leg unable to walk but just after a week i am walking independently and my back pain has also reduced so i am very happy with the treatment thank you so much,i took treatment from dr ruchita physiotherapist for my back pain i came on a wheelchair unable to move my leg unable to walk but just after a week i am walking independently and my back pain has also reduced so i am very happy with the treatment thank you so much,I take treatment from dr ruchita physiotherapist for my back pain I come on a wheelchair unable to move my leg unable to walk but just after a week I be walk independently and my back pain have also reduce so I be very happy with the treatment thank you so much,POSITIVE,0.9959048628807068
Thumbay_Hospital_Ajman,5.0,"We took treatment from Dr Ruchita in Thumbay Hospital the experience was excellent with her
when we start my son can’t walk properly after 5 sessions he is much much  better",4 months ago,we took treatment from dr ruchita in thumbay hospital the experience was excellent with her when we start my son can t walk properly after 5 sessions he is much much better,we took treatment from dr ruchita in thumbay hospital the experience was excellent with her when we start my son can t walk properly after 5 sessions he is much much better,we take treatment from dr ruchita in thumbay hospital the experience be excellent with she when we start my son can t walk properly after 5 session he be much much well,POSITIVE,0.992416262626648
Thumbay_Hospital_Ajman,5.0,"I would like to deeply thank Dr. Bhavana for her kindness and professionalism, my ears were blocked for last two days and had hard times on my work i visited another doctor in different hospital she was she did literally nothing and asked me to come after 5 days on the contrary Dr. Bhavana assisted me and showed care and was quite friendly and treated me immediately and i got no pain and my issue is handed in few minutes she is literally great and thumbay hospital is luck to have her.",4 months ago,i would like to deeply thank dr bhavana for her kindness and professionalism my ears were blocked for last two days and had hard times on my work i visited another doctor in different hospital she was she did literally nothing and asked me to come after 5 days on the contrary dr bhavana assisted me and showed care and was quite friendly and treated me immediately and i got no pain and my issue is handed in few minutes she is literally great and thumbay hospital is luck to have her,i would like to deeply thank dr bhavana for her kindness and professionalism my ears were blocked for last two days and had hard times on my work i visited another doctor in different hospital she was she did literally nothing and asked me to come after 5 days on the contrary dr bhavana assisted me and showed care and was quite friendly and treated me immediately and i got no pain and my issue is handed in few minutes she is literally great and thumbay hospital is luck to have her,I would like to deeply thank dr bhavana for her kindness and professionalism my ear be block for last two day and have hard time on my work I visit another doctor in different hospital she be she do literally nothing and ask I to come after 5 day on the contrary dr bhavana assist I and show care and be quite friendly and treat I immediately and I get no pain and my issue be hand in few minute she be literally great and thumbay hospital be luck to have she,POSITIVE,0.9966920614242554
Thumbay_Hospital_Ajman,4.0,"Went for having COVID PCR test,

1. Hospital is located in a prime location and its not crowded to too,

2. Hospital is clean and well maintained,

3. Prices seems neutral and just 100 AED for COVID test, Futher got the result in just 4 hours,

4. Everything about COVID PCR sample collection is well organised, Way to reach the sample collection spot from the entrance is clearly marked directed like in the Airports and the bill payments to sample collection is also comparatively fast,",4 years ago,went for having covid pcr test 1 hospital is located in a prime location and its not crowded to too 2 hospital is clean and well maintained 3 prices seems neutral and just 100 aed for covid test futher got the result in just 4 hours 4 everything about covid pcr sample collection is well organised way to reach the sample collection spot from the entrance is clearly marked directed like in the airports and the bill payments to sample collection is also comparatively fast,went for having covid pcr test 1 hospital is located in a prime location and its not crowded to too 2 hospital is clean and well maintained 3 prices seems neutral and just 100 aed for covid test futher got the result in just 4 hours 4 everything about covid pcr sample collection is well organised way to reach the sample collection spot from the entrance is clearly marked directed like in the airports and the bill payments to sample collection is also comparatively fast,go for have covid pcr test 1 hospital be locate in a prime location and its not crowded to too 2 hospital be clean and well maintain 3 price seem neutral and just 100 ae for covid test futher get the result in just 4 hour 4 everything about covid pcr sample collection be well organise way to reach the sample collection spot from the entrance be clearly mark directed like in the airport and the bill payment to sample collection be also comparatively fast,NEGATIVE,0.9937432408332825
Thumbay_Hospital_Ajman,5.0,The staff is very energetic and help full I am satisfied with the radiology department staff and speciall thanks to Mr Mohd Atiyab,2 months ago,the staff is very energetic and help full i am satisfied with the radiology department staff and speciall thanks to mr mohd atiyab,the staff is very energetic and help full i am satisfied with the radiology department staff and speciall thanks to mr mohd atiyab,the staff be very energetic and help full I be satisfied with the radiology department staff and speciall thank to mr mohd atiyab,POSITIVE,0.9997541308403015
Thumbay_Hospital_Ajman,1.0,"Worst hospital ever. The nurses don’t care at all, and the staff ignore every request. The rooms are in bad condition, the building is old and depressing, and even the TVs don’t work. It was a terrible experience — I came in sick and left feeling worse.",3 months ago,worst hospital ever the nurses don t care at all and the staff ignore every request the rooms are in bad condition the building is old and depressing and even the tvs don t work it was a terrible experience i came in sick and left feeling worse,worst hospital ever the nurses don t care at all and the staff ignore every request the rooms are in bad condition the building is old and depressing and even the tvs don t work it was a terrible experience i came in sick and left feeling worse,bad hospital ever the nurse don t care at all and the staff ignore every request the room be in bad condition the building be old and depressing and even the tvs don t work it be a terrible experience I come in sick and leave feel bad,NEGATIVE,0.9996232986450195
Thumbay_Hospital_Ajman,1.0,"I wish there was 0 rating, i would have given to them for having Dr. Kapil in OPHTHALMOLOGY Dept.
I took my daughter for an eye test there and he was treating her like an adult, she is only 5
He asked her to sit straight and look into the machine, she is a kid and was scared of it but this Dr was looking at her with such faces that he is not willing to help and he is there only for money.
He even told me that if she cannot cooperate than he can not check and we can leave, bro its your job to check not give comments
One thing is for sure i am not going there again ever because the behavior of this Dr.",5 months ago,i wish there was 0 rating i would have given to them for having dr kapil in ophthalmology dept i took my daughter for an eye test there and he was treating her like an adult she is only 5 he asked her to sit straight and look into the machine she is a kid and was scared of it but this dr was looking at her with such faces that he is not willing to help and he is there only for money he even told me that if she cannot cooperate than he can not check and we can leave bro its your job to check not give comments one thing is for sure i am not going there again ever because the behavior of this dr,i wish there was 0 rating i would have given to them for having dr kapil in ophthalmology dept i took my daughter for an eye test there and he was treating her like an adult she is only 5 he asked her to sit straight and look into the machine she is a kid and was scared of it but this dr was looking at her with such faces that he is not willing to help and he is there only for money he even told me that if she cannot cooperate than he can not check and we can leave bro its your job to check not give comments one thing is for sure i am not going there again ever because the behavior of this dr,I wish there be 0 rating I would have give to they for have dr kapil in ophthalmology dept I take my daughter for an eye test there and he be treat she like an adult she be only 5 he ask she to sit straight and look into the machine she be a kid and be scared of it but this dr be look at she with such face that he be not willing to help and he be there only for money he even tell I that if she can not cooperate than he can not check and we can leave bro its your job to check not give comment one thing be for sure I be not go there again ever because the behavior of this dr,NEGATIVE,0.9919318556785583
Thumbay_Hospital_Ajman,5.0,I would like to express my satisfaction with Mr. Mohd Atiyab's service in the radiology department; he has proven to be a remarkably helpful and amiable individual.,2 months ago,i would like to express my satisfaction with mr mohd atiyab s service in the radiology department he has proven to be a remarkably helpful and amiable individual,i would like to express my satisfaction with mr mohd atiyab s service in the radiology department he has proven to be a remarkably helpful and amiable individual,I would like to express my satisfaction with mr mohd atiyab s service in the radiology department he have prove to be a remarkably helpful and amiable individual,POSITIVE,0.9996283054351807
Thumbay_Hospital_Ajman,5.0,"I would like to take this moment to appreciate Dr.Mirza for his amazing support throughout my journey in thumbay hospital.

As per advised of one of the Dr. my wife need to admit in hospital, From the time I enter in thumbay hospital , I don’t know what to do but Dr. Mirza took the initiative checked with his senior, even the guy not on shift.he make sure that I get the best support and understand what need to be done. Thank you so much for your kind support.

Me and my wife will always remember that.",5 months ago,i would like to take this moment to appreciate dr mirza for his amazing support throughout my journey in thumbay hospital as per advised of one of the dr my wife need to admit in hospital from the time i enter in thumbay hospital i don t know what to do but dr mirza took the initiative checked with his senior even the guy not on shift he make sure that i get the best support and understand what need to be done thank you so much for your kind support me and my wife will always remember that,i would like to take this moment to appreciate dr mirza for his amazing support throughout my journey in thumbay hospital as per advised of one of the dr my wife need to admit in hospital from the time i enter in thumbay hospital i don t know what to do but dr mirza took the initiative checked with his senior even the guy not on shift he make sure that i get the best support and understand what need to be done thank you so much for your kind support me and my wife will always remember that,I would like to take this moment to appreciate dr mirza for his amazing support throughout my journey in thumbay hospital as per advise of one of the dr my wife need to admit in hospital from the time I enter in thumbay hospital I don t know what to do but dr mirza take the initiative check with his senior even the guy not on shift he make sure that I get the good support and understand what need to be do thank you so much for your kind support I and my wife will always remember that,POSITIVE,0.9996305704116821
Thumbay_Hospital_Ajman,5.0,"Hi everyone, my name is Matsobane Tarious Lekokwane I would like to take this opportunity to thank Doctor Sara Eisa (Internal Medicine Specialist) at Thumbay hospital, she's a very good and professional Doctor who cares about her patients,Thank you Doctor for all your advice after being diagnosed with a very Dangerous illness now I can proudly say I'm healthier and alive because of you, I never got such a treatment even in my Country South African, please remain humble and very professional and keep on saving lifes.

All the best
Matsobane Tarious Lekokwane.",2 months ago,hi everyone my name is matsobane tarious lekokwane i would like to take this opportunity to thank doctor sara eisa internal medicine specialist at thumbay hospital she s a very good and professional doctor who cares about her patients thank you doctor for all your advice after being diagnosed with a very dangerous illness now i can proudly say i m healthier and alive because of you i never got such a treatment even in my country south african please remain humble and very professional and keep on saving lifes all the best matsobane tarious lekokwane,hi everyone my name is matsobane tarious lekokwane i would like to take this opportunity to thank doctor sara eisa internal medicine specialist at thumbay hospital she s a very good and professional doctor who cares about her patients thank you doctor for all your advice after being diagnosed with a very dangerous illness now i can proudly say i m healthier and alive because of you i never got such a treatment even in my country south african please remain humble and very professional and keep on saving lifes all the best matsobane tarious lekokwane,hi everyone my name be matsobane tarious lekokwane I would like to take this opportunity to thank doctor sara eisa internal medicine specialist at thumbay hospital she s a very good and professional doctor who care about her patient thank you doctor for all your advice after be diagnose with a very dangerous illness now I can proudly say I m healthy and alive because of you I never get such a treatment even in my country south african please remain humble and very professional and keep on save life all the well matsobane tarious lekokwane,POSITIVE,0.9997047781944275
Thumbay_Hospital_Ajman,1.0,"The worst Hospital all over the UAE, not recommended at all..

I was admitted to the hospital and waited for insurance approval, the insurance replied for more details required from the Dr. But nobody was following up the case neither from the Drs nor the Insurance team there..

It was the worst Hospital i entered, i left the hospital due to the carelessness of the team..",5 months ago,the worst hospital all over the uae not recommended at all i was admitted to the hospital and waited for insurance approval the insurance replied for more details required from the dr but nobody was following up the case neither from the drs nor the insurance team there it was the worst hospital i entered i left the hospital due to the carelessness of the team,the worst hospital all over the uae not recommended at all i was admitted to the hospital and waited for insurance approval the insurance replied for more details required from the dr but nobody was following up the case neither from the drs nor the insurance team there it was the worst hospital i entered i left the hospital due to the carelessness of the team,the bad hospital all over the uae not recommend at all I be admit to the hospital and wait for insurance approval the insurance reply for more detail require from the dr but nobody be follow up the case neither from the drs nor the insurance team there it be the bad hospital I enter I leave the hospital due to the carelessness of the team,NEGATIVE,0.9995166063308716
Thumbay_Hospital_Ajman,1.0,Worst hospital they are treating only wasta people. Dr Rad is kept treating his own people while we are standing outside in emergency for 2 hours with several abdominal pain. I believe this is not na SOP of emergency. When we complained to admin the receptionist Fahad he was laughing and saying we will cancel your file. We left hospital without treatment. Even they steal registration charges.,6 months ago,worst hospital they are treating only wasta people dr rad is kept treating his own people while we are standing outside in emergency for 2 hours with several abdominal pain i believe this is not na sop of emergency when we complained to admin the receptionist fahad he was laughing and saying we will cancel your file we left hospital without treatment even they steal registration charges,worst hospital they are treating only wasta people dr rad is kept treating his own people while we are standing outside in emergency for 2 hours with several abdominal pain i believe this is not na sop of emergency when we complained to admin the receptionist fahad he was laughing and saying we will cancel your file we left hospital without treatment even they steal registration charges,bad hospital they be treat only wasta people dr rad be keep treat his own people while we be stand outside in emergency for 2 hour with several abdominal pain I believe this be not na sop of emergency when we complain to admin the receptionist fahad he be laugh and say we will cancel your file we leave hospital without treatment even they steal registration charge,NEGATIVE,0.9990307092666626
Thumbay_Hospital_Ajman,3.0,"I have opted this hospital because the service here is good. But the reception registration is very slow. There is 6 counters, but It's always only one person available. This makes the whole process slow.",6 months ago,i have opted this hospital because the service here is good but the reception registration is very slow there is 6 counters but it s always only one person available this makes the whole process slow,i have opted this hospital because the service here is good but the reception registration is very slow there is 6 counters but it s always only one person available this makes the whole process slow,I have opt this hospital because the service here be good but the reception registration be very slow there be 6 counter but it s always only one person available this make the whole process slow,NEGATIVE,0.9981856942176819
Thumbay_Hospital_Ajman,5.0,"I am immensely grateful for the exceptional emergency care my wife received at Thumbay Hospital in Ajman, UAE.

Emergency Response: The hospital staff's immediate and efficient response to the situation was truly remarkable. Within moments, they initiated treatments, demonstrating a high level of expertise and dedication. My wife's health significantly improved within just one hour, thanks to their prompt actions.

Compassionate Staff: The staff at Thumbay Hospital, Ajman, exudes compassion and friendliness. Their caring approach during a stressful time made a significant difference. They not only tended to medical needs but also provided emotional support, creating a comforting environment.

Affordable Payments: I appreciate the transparent and reasonable payment structure at Thumbay Hospital. The hospital's fair pricing and clear communication alleviated that concern, allowing us to focus on my wife's well-being.

In times of distress, Thumbay Hospital stood out as a beacon of excellent healthcare, combining expertise with compassion. My heartfelt thanks to the entire team for their outstanding service. Highly recommended.",a year ago,i am immensely grateful for the exceptional emergency care my wife received at thumbay hospital in ajman uae emergency response the hospital staff s immediate and efficient response to the situation was truly remarkable within moments they initiated treatments demonstrating a high level of expertise and dedication my wife s health significantly improved within just one hour thanks to their prompt actions compassionate staff the staff at thumbay hospital ajman exudes compassion and friendliness their caring approach during a stressful time made a significant difference they not only tended to medical needs but also provided emotional support creating a comforting environment affordable payments i appreciate the transparent and reasonable payment structure at thumbay hospital the hospital s fair pricing and clear communication alleviated that concern allowing us to focus on my wife s well being in times of distress thumbay hospital stood out as a beacon of excellent healthcare combining expertise with compassion my heartfelt thanks to the entire team for their outstanding service highly recommended,i am immensely grateful for the exceptional emergency care my wife received at thumbay hospital in ajman uae emergency response the hospital staff s immediate and efficient response to the situation was truly remarkable within moments they initiated treatments demonstrating a high level of expertise and dedication my wife s health significantly improved within just one hour thanks to their prompt actions compassionate staff the staff at thumbay hospital ajman exudes compassion and friendliness their caring approach during a stressful time made a significant difference they not only tended to medical needs but also provided emotional support creating a comforting environment affordable payments i appreciate the transparent and reasonable payment structure at thumbay hospital the hospital s fair pricing and clear communication alleviated that concern allowing us to focus on my wife s well being in times of distress thumbay hospital stood out as a beacon of excellent healthcare combining expertise with compassion my heartfelt thanks to the entire team for their outstanding service highly recommended,I be immensely grateful for the exceptional emergency care my wife receive at thumbay hospital in ajman uae emergency response the hospital staff s immediate and efficient response to the situation be truly remarkable within moment they initiate treatment demonstrate a high level of expertise and dedication my wife s health significantly improve within just one hour thank to their prompt action compassionate staff the staff at thumbay hospital ajman exude compassion and friendliness their caring approach during a stressful time make a significant difference they not only tend to medical need but also provide emotional support create a comfort environment affordable payment I appreciate the transparent and reasonable payment structure at thumbay hospital the hospital s fair pricing and clear communication alleviate that concern allow we to focus on my wife s well be in time of distress thumbay hospital stand out as a beacon of excellent healthcare combine expertise with compassion my heartfelt thank to the entire team for their outstanding service highly recommend,POSITIVE,0.999705970287323
Thumbay_Hospital_Ajman,5.0,"I took treatment for my knee pain from Dr. Ruchita, Physiotherapist. I am quite happy with her treatment and the recommended exercise helped me recover very fast. Will surely recommend to family and friends.
Thanks,",7 months ago,i took treatment for my knee pain from dr ruchita physiotherapist i am quite happy with her treatment and the recommended exercise helped me recover very fast will surely recommend to family and friends thanks,i took treatment for my knee pain from dr ruchita physiotherapist i am quite happy with her treatment and the recommended exercise helped me recover very fast will surely recommend to family and friends thanks,I take treatment for my knee pain from dr ruchita physiotherapist I be quite happy with her treatment and the recommend exercise help I recover very fast will surely recommend to family and friend thank,POSITIVE,0.9996601343154907
Thumbay_Hospital_Ajman,3.0,"The service is okay. it's not bad. The staff are cooperative and nice. But....the time-lapse of the service is really slow. The nurses are busy gossiping with each other or busy on their phones. I understand if you are short staffed, but the management of the hospital should manage that the hospital is located at a famous point of the city, so they must concentrate on this hospital more",8 months ago,the service is okay it s not bad the staff are cooperative and nice but the time lapse of the service is really slow the nurses are busy gossiping with each other or busy on their phones i understand if you are short staffed but the management of the hospital should manage that the hospital is located at a famous point of the city so they must concentrate on this hospital more,the service is okay it s not bad the staff are cooperative and nice but the time lapse of the service is really slow the nurses are busy gossiping with each other or busy on their phones i understand if you are short staffed but the management of the hospital should manage that the hospital is located at a famous point of the city so they must concentrate on this hospital more,the service be okay it s not bad the staff be cooperative and nice but the time lapse of the service be really slow the nurse be busy gossip with each other or busy on their phone I understand if you be short staff but the management of the hospital should manage that the hospital be locate at a famous point of the city so they must concentrate on this hospital more,NEGATIVE,0.9966902732849121
Thumbay_Hospital_Ajman,1.0,"I am extremely disappointed and frustrated with the service I received from the doctor. Unfortunately, I found her demeanor to be unprofessional, displaying arrogance, carelessness, and a lack of empathy. Doctor must understand importance of bedside manner and its impact on patients' experiences. This was my 3rd visit, each visit i faced similar treatment but i ignored assuming this is somenthing not be given  much importance but yesterdays experience was really horrible.",7 months ago,i am extremely disappointed and frustrated with the service i received from the doctor unfortunately i found her demeanor to be unprofessional displaying arrogance carelessness and a lack of empathy doctor must understand importance of bedside manner and its impact on patients experiences this was my 3rd visit each visit i faced similar treatment but i ignored assuming this is somenthing not be given much importance but yesterdays experience was really horrible,i am extremely disappointed and frustrated with the service i received from the doctor unfortunately i found her demeanor to be unprofessional displaying arrogance carelessness and a lack of empathy doctor must understand importance of bedside manner and its impact on patients experiences this was my 3rd visit each visit i faced similar treatment but i ignored assuming this is somenthing not be given much importance but yesterdays experience was really horrible,I be extremely disappointed and frustrate with the service I receive from the doctor unfortunately I find her demeanor to be unprofessional display arrogance carelessness and a lack of empathy doctor must understand importance of bedside manner and its impact on patient experience this be my 3rd visit each visit I face similar treatment but I ignore assume this be somenthe not be give much importance but yesterday experience be really horrible,NEGATIVE,0.9979270696640015
Thumbay_Hospital_Ajman,5.0,"My mother had been up sick with difficult breathing and cough ..so from registration to medical assistant ,nurse screening to physician ,every one was kind and helpful
Dr Padma (ER Doctor) very polite and friendly and every thing went smoothly ..She saw my mother promptly and and diagnosed quickly
Also I appreciate Dr Salma Daud (Internal medicine consultant) that she is had discussed with  us the plan for my mother management
So She is very professional ,wonderful and was very thorough with excellent care in Avery timely manner",Edited a year ago,my mother had been up sick with difficult breathing and cough so from registration to medical assistant nurse screening to physician every one was kind and helpful dr padma er doctor very polite and friendly and every thing went smoothly she saw my mother promptly and and diagnosed quickly also i appreciate dr salma daud internal medicine consultant that she is had discussed with us the plan for my mother management so she is very professional wonderful and was very thorough with excellent care in avery timely manner,my mother had been up sick with difficult breathing and cough so from registration to medical assistant nurse screening to physician every one was kind and helpful dr padma er doctor very polite and friendly and every thing went smoothly she saw my mother promptly and and diagnosed quickly also i appreciate dr salma daud internal medicine consultant that she is had discussed with us the plan for my mother management so she is very professional wonderful and was very thorough with excellent care in avery timely manner,my mother have be up sick with difficult breathing and cough so from registration to medical assistant nurse screen to physician every one be kind and helpful dr padma er doctor very polite and friendly and every thing go smoothly she see my mother promptly and and diagnose quickly also I appreciate dr salma daud internal medicine consultant that she be have discuss with we the plan for my mother management so she be very professional wonderful and be very thorough with excellent care in avery timely manner,POSITIVE,0.9996551275253296
Thumbay_Hospital_Ajman,5.0,"I would like to express my sincere appreciation for Sister Jyoti from the OP Orthopedic Department. She demonstrated exceptional professionalism, kindness, and genuine care while attending to my 75-year-old mother. Her compassionate approach, patience, and attentiveness made a significant difference in my mother's experience, ensuring she felt comfortable and well cared for.

Such dedication and empathy truly reflect the highest standards of patient care. Please convey our gratitude to Sister Jyoti, as her efforts are deeply valued.",8 months ago,i would like to express my sincere appreciation for sister jyoti from the op orthopedic department she demonstrated exceptional professionalism kindness and genuine care while attending to my 75 year old mother her compassionate approach patience and attentiveness made a significant difference in my mother s experience ensuring she felt comfortable and well cared for such dedication and empathy truly reflect the highest standards of patient care please convey our gratitude to sister jyoti as her efforts are deeply valued,i would like to express my sincere appreciation for sister jyoti from the op orthopedic department she demonstrated exceptional professionalism kindness and genuine care while attending to my 75 year old mother her compassionate approach patience and attentiveness made a significant difference in my mother s experience ensuring she felt comfortable and well cared for such dedication and empathy truly reflect the highest standards of patient care please convey our gratitude to sister jyoti as her efforts are deeply valued,I would like to express my sincere appreciation for sister jyoti from the op orthopedic department she demonstrate exceptional professionalism kindness and genuine care while attend to my 75 year old mother her compassionate approach patience and attentiveness make a significant difference in my mother s experience ensure she feel comfortable and well care for such dedication and empathy truly reflect the high standard of patient care please convey our gratitude to sister jyoti as her effort be deeply value,POSITIVE,0.9998056292533875
Thumbay_Hospital_Ajman,1.0,"Very Disappointing Service

I have been trying to schedule an MRI scan for the past 2 weeks, but the service has been incredibly frustrating. When I call the hotline, I’m redirected to the radiology department, but no one answers. Afterward, I’m sent to customer service, who only tells me that they’ll call me back and takes my number. It's been two weeks, and I haven’t received any follow-up.

Also I visited the hospital in person to resolve this issue, and the receptionist at the radiology counter was incredibly rude. He showed no care or empathy toward patients, and his responses were dismissive. This lack of professionalism and poor customer service has left me extremely disappointed. I expected much better from a hospital.

I hope they can improve their service soon without wasting patient's time and money.",10 months ago,very disappointing service i have been trying to schedule an mri scan for the past 2 weeks but the service has been incredibly frustrating when i call the hotline i m redirected to the radiology department but no one answers afterward i m sent to customer service who only tells me that they ll call me back and takes my number it s been two weeks and i haven t received any follow up also i visited the hospital in person to resolve this issue and the receptionist at the radiology counter was incredibly rude he showed no care or empathy toward patients and his responses were dismissive this lack of professionalism and poor customer service has left me extremely disappointed i expected much better from a hospital i hope they can improve their service soon without wasting patient s time and money,very disappointing service i have been trying to schedule an mri scan for the past 2 weeks but the service has been incredibly frustrating when i call the hotline i m redirected to the radiology department but no one answers afterward i m sent to customer service who only tells me that they ll call me back and takes my number it s been two weeks and i haven t received any follow up also i visited the hospital in person to resolve this issue and the receptionist at the radiology counter was incredibly rude he showed no care or empathy toward patients and his responses were dismissive this lack of professionalism and poor customer service has left me extremely disappointed i expected much better from a hospital i hope they can improve their service soon without wasting patient s time and money,very disappointing service I have be try to schedule an mri scan for the past 2 week but the service have be incredibly frustrating when I call the hotline I m redirect to the radiology department but no one answer afterward I m send to customer service who only tell I that they ll call I back and take my number it s be two week and I haven t receive any follow up also I visit the hospital in person to resolve this issue and the receptionist at the radiology counter be incredibly rude he show no care or empathy toward patient and his response be dismissive this lack of professionalism and poor customer service have leave I extremely disappointed I expect much well from a hospital I hope they can improve their service soon without waste patient s time and money,NEGATIVE,0.9992309808731079
Thumbay_Hospital_Ajman,1.0,"Very bad service
They always lie about timing
Even if you go by taking appointment still you need to waite for 3 4hrs normally
If you ask them when is my turn they will tell you just in 20 min
In this way they will consume your whole day
Ever worst facility in UAE in term of management
Not recommend at all especially radiology department
Any scanning will consume your 5 hours
Management keep adding patients from their own choice you will be just on waiting",4 months ago,very bad service they always lie about timing even if you go by taking appointment still you need to waite for 3 4hrs normally if you ask them when is my turn they will tell you just in 20 min in this way they will consume your whole day ever worst facility in uae in term of management not recommend at all especially radiology department any scanning will consume your 5 hours management keep adding patients from their own choice you will be just on waiting,very bad service they always lie about timing even if you go by taking appointment still you need to waite for 3 4hrs normally if you ask them when is my turn they will tell you just in 20 min in this way they will consume your whole day ever worst facility in uae in term of management not recommend at all especially radiology department any scanning will consume your 5 hours management keep adding patients from their own choice you will be just on waiting,very bad service they always lie about time even if you go by take appointment still you need to waite for 3 4hrs normally if you ask they when be my turn they will tell you just in 20 min in this way they will consume your whole day ever bad facility in uae in term of management not recommend at all especially radiology department any scanning will consume your 5 hour management keep add patient from their own choice you will be just on wait,NEGATIVE,0.9988119602203369
Thumbay_Hospital_Ajman,1.0,"Worst experience to reach someone to check the NT scan charges, after 4 attempt in 6 hours give up. No way going for delivery of my baby there. Before experience gives me a heads up",3 months ago,worst experience to reach someone to check the nt scan charges after 4 attempt in 6 hours give up no way going for delivery of my baby there before experience gives me a heads up,worst experience to reach someone to check the nt scan charges after 4 attempt in 6 hours give up no way going for delivery of my baby there before experience gives me a heads up,bad experience to reach someone to check the not scan charge after 4 attempt in 6 hour give up no way go for delivery of my baby there before experience give I a head up,NEGATIVE,0.9989258646965027
Thumbay_Hospital_Ajman,5.0,"I took treatment for my back pain, from Dr Ruchita Kadam, she is very professional with her work. Alhamdullah very effective treatment. With proper exercise and posture advice I am all good and back to normal routine. Thank you so much for the good treatment.",6 months ago,i took treatment for my back pain from dr ruchita kadam she is very professional with her work alhamdullah very effective treatment with proper exercise and posture advice i am all good and back to normal routine thank you so much for the good treatment,i took treatment for my back pain from dr ruchita kadam she is very professional with her work alhamdullah very effective treatment with proper exercise and posture advice i am all good and back to normal routine thank you so much for the good treatment,I take treatment for my back pain from dr ruchita kadam she be very professional with her work alhamdullah very effective treatment with proper exercise and posture advice I be all good and back to normal routine thank you so much for the good treatment,POSITIVE,0.999355137348175
Thumbay_Hospital_Ajman,5.0,"I am so grateful to Dr Nanees dentist surgeon she the best dentist ever for me and my kids and all the family members ,
She is so kind ,caring, helpful and experienced.
My kids now not scared from the dentist .
Thanks so much our lovely doctor for everything you give us ❤️ ♥️.
You are the best dentist ever.",Edited 2 months ago,i am so grateful to dr nanees dentist surgeon she the best dentist ever for me and my kids and all the family members she is so kind caring helpful and experienced my kids now not scared from the dentist thanks so much our lovely doctor for everything you give us you are the best dentist ever,i am so grateful to dr nanees dentist surgeon she the best dentist ever for me and my kids and all the family members she is so kind caring helpful and experienced my kids now not scared from the dentist thanks so much our lovely doctor for everything you give us you are the best dentist ever,I be so grateful to dr nanees dentist surgeon she the good dentist ever for I and my kid and all the family member she be so kind care helpful and experience my kid now not scared from the dentist thank so much our lovely doctor for everything you give we you be the good dentist ever,POSITIVE,0.9998047947883606
Thumbay_Hospital_Ajman,1.0,"I am sharing this review with all of you with great sadness that …yesterday i went to thumbay Hospital for emergency and i was alone …where a sister was sitting at the reception so I went to her and told her that I am very sick …and I am not able to stand. …Can you please start my treatment soon then she said that first of all you have to get the file opened …People go to the emergency so that their treatment can be started as soon as possible..not for that you have to get the file opened first. You have to do this. You have to do that.. I told her many times that I cannot stand so please help me and whatever u want i ll give u…but she ignored me because she was busy in the phone …People have no interest in coming to u … If someone comes to you for  health, you should take care of them….no one there even has the manners to speak with the patient…I rang the bell twice and the third time someone came there…...I'm very disappointed with this staff…I would like to make a request here. If you arrange good staff in a hospital then it will be easy for everyone. ….THANKS",8 months ago,i am sharing this review with all of you with great sadness that yesterday i went to thumbay hospital for emergency and i was alone where a sister was sitting at the reception so i went to her and told her that i am very sick and i am not able to stand can you please start my treatment soon then she said that first of all you have to get the file opened people go to the emergency so that their treatment can be started as soon as possible not for that you have to get the file opened first you have to do this you have to do that i told her many times that i cannot stand so please help me and whatever u want i ll give u but she ignored me because she was busy in the phone people have no interest in coming to u if someone comes to you for health you should take care of them no one there even has the manners to speak with the patient i rang the bell twice and the third time someone came there i m very disappointed with this staff i would like to make a request here if you arrange good staff in a hospital then it will be easy for everyone thanks,i am sharing this review with all of you with great sadness that yesterday i went to thumbay hospital for emergency and i was alone where a sister was sitting at the reception so i went to her and told her that i am very sick and i am not able to stand can you please start my treatment soon then she said that first of all you have to get the file opened people go to the emergency so that their treatment can be started as soon as possible not for that you have to get the file opened first you have to do this you have to do that i told her many times that i cannot stand so please help me and whatever u want i ll give u but she ignored me because she was busy in the phone people have no interest in coming to u if someone comes to you for health you should take care of them no one there even has the manners to speak with the patient i rang the bell twice and the third time someone came there i m very disappointed with this staff i would like to make a request here if you arrange good staff in a hospital then it will be easy for everyone thanks,I be share this review with all of you with great sadness that yesterday I go to thumbay hospital for emergency and I be alone where a sister be sit at the reception so I go to she and tell she that I be very sick and I be not able to stand can you please start my treatment soon then she say that first of all you have to get the file open people go to the emergency so that their treatment can be start as soon as possible not for that you have to get the file open first you have to do this you have to do that I tell she many time that I can not stand so please help I and whatever u want I ll give u but she ignore I because she be busy in the phone people have no interest in come to u if someone come to you for health you should take care of they no one there even have the manner to speak with the patient I ring the bell twice and the third time someone come there I m very disappointed with this staff I would like to make a request here if you arrange good staff in a hospital then it will be easy for everyone thank,NEGATIVE,0.9891483187675476
Thumbay_Hospital_Ajman,5.0,I took treatment from Dr Ruchita for my back pain. I came with so much pain and going back with such relief.. Allah bless her. Very happy with the treatment. No words to say thank you.,6 months ago,i took treatment from dr ruchita for my back pain i came with so much pain and going back with such relief allah bless her very happy with the treatment no words to say thank you,i took treatment from dr ruchita for my back pain i came with so much pain and going back with such relief allah bless her very happy with the treatment no words to say thank you,I take treatment from dr ruchita for my back pain I come with so much pain and go back with such relief allah bless she very happy with the treatment no word to say thank you,POSITIVE,0.9990096092224121
Thumbay_Hospital_Ajman,5.0,"I took treatment for my back pain, from Dr Ruchita, physiotherapy and would like to say I m very happy with her treatment. She Is excellent in her work, very friendly. Thank you. God bless.",7 months ago,i took treatment for my back pain from dr ruchita physiotherapy and would like to say i m very happy with her treatment she is excellent in her work very friendly thank you god bless,i took treatment for my back pain from dr ruchita physiotherapy and would like to say i m very happy with her treatment she is excellent in her work very friendly thank you god bless,I take treatment for my back pain from dr ruchita physiotherapy and would like to say I m very happy with her treatment she be excellent in her work very friendly thank you god bless,POSITIVE,0.999829888343811
Thumbay_Hospital_Ajman,2.0,"Could you kindly provide my blood test results? Previously, I submitted the sample on 17th March and got the report after 13 days, which was yesterday.

The physician told me that there is an excessive infection in my bloodstream.

If there was an issue with the report, you should  have contacted me and let me know within 24 to 48 hours, not after 13 or 14 days without giving the proper medicines

Once more, yesterday I delivered the sample and urged or reminded them to share the the report, where they said this wil be shared in 4 hrs and last also said the same , but never happened Nevertheless, despite sending numerous messages on WhatsApp and making phone calls, no report has been obtained. This service is extremely inadequate.

I went to Internal Medicine and ENT. The doctors are proficient, yet the ground and administrative staffs should enhance their service and efficiency.",7 months ago,could you kindly provide my blood test results previously i submitted the sample on 17th march and got the report after 13 days which was yesterday the physician told me that there is an excessive infection in my bloodstream if there was an issue with the report you should have contacted me and let me know within 24 to 48 hours not after 13 or 14 days without giving the proper medicines once more yesterday i delivered the sample and urged or reminded them to share the the report where they said this wil be shared in 4 hrs and last also said the same but never happened nevertheless despite sending numerous messages on whatsapp and making phone calls no report has been obtained this service is extremely inadequate i went to internal medicine and ent the doctors are proficient yet the ground and administrative staffs should enhance their service and efficiency,could you kindly provide my blood test results previously i submitted the sample on 17th march and got the report after 13 days which was yesterday the physician told me that there is an excessive infection in my bloodstream if there was an issue with the report you should have contacted me and let me know within 24 to 48 hours not after 13 or 14 days without giving the proper medicines once more yesterday i delivered the sample and urged or reminded them to share the the report where they said this wil be shared in 4 hrs and last also said the same but never happened nevertheless despite sending numerous messages on whatsapp and making phone calls no report has been obtained this service is extremely inadequate i went to internal medicine and ent the doctors are proficient yet the ground and administrative staffs should enhance their service and efficiency,could you kindly provide my blood test result previously I submit the sample on 17th march and get the report after 13 day which be yesterday the physician tell I that there be an excessive infection in my bloodstream if there be an issue with the report you should have contact I and let I know within 24 to 48 hour not after 13 or 14 day without give the proper medicine once more yesterday I deliver the sample and urge or remind they to share the the report where they say this wil be share in 4 hrs and last also say the same but never happen nevertheless despite send numerous message on whatsapp and make phone call no report have be obtain this service be extremely inadequate I go to internal medicine and ent the doctor be proficient yet the ground and administrative staff should enhance their service and efficiency,NEGATIVE,0.9951246380805969
Thumbay_Hospital_Ajman,5.0,This excellent review for Dr Ahmed Abdelmouim Abdulla an ENT specialist. Dr Ahmed has excellent assessment and diagnosis approach focusing on formulation based thinking rather than single symptom approach or focus. He successfully demonstrated ability to do proper assessment and treatment plan. Asked about different areas that could be linked to the symptom. His approach is very gentle and humanistic like how every Doctor should be. Dr Ahmed is not aware that I am writing this review for him. But I wanted and  intended to encourage and be grateful for true doctors and good medical practice. Thanks Dr Ahmed.,6 months ago,this excellent review for dr ahmed abdelmouim abdulla an ent specialist dr ahmed has excellent assessment and diagnosis approach focusing on formulation based thinking rather than single symptom approach or focus he successfully demonstrated ability to do proper assessment and treatment plan asked about different areas that could be linked to the symptom his approach is very gentle and humanistic like how every doctor should be dr ahmed is not aware that i am writing this review for him but i wanted and intended to encourage and be grateful for true doctors and good medical practice thanks dr ahmed,this excellent review for dr ahmed abdelmouim abdulla an ent specialist dr ahmed has excellent assessment and diagnosis approach focusing on formulation based thinking rather than single symptom approach or focus he successfully demonstrated ability to do proper assessment and treatment plan asked about different areas that could be linked to the symptom his approach is very gentle and humanistic like how every doctor should be dr ahmed is not aware that i am writing this review for him but i wanted and intended to encourage and be grateful for true doctors and good medical practice thanks dr ahmed,this excellent review for dr ahmed abdelmouim abdulla an ent specialist dr ahmed have excellent assessment and diagnosis approach focus on formulation base thinking rather than single symptom approach or focus he successfully demonstrate ability to do proper assessment and treatment plan ask about different area that could be link to the symptom his approach be very gentle and humanistic like how every doctor should be dr ahmed be not aware that I be write this review for he but I want and intend to encourage and be grateful for true doctor and good medical practice thank dr ahmed,POSITIVE,0.998353123664856
Thumbay_Hospital_Ajman,1.0,"Worse Hospital ever visited
A kind of Hospital where they conform appointments and they will call you even one hour before but then there doctors will not show up",3 months ago,worse hospital ever visited a kind of hospital where they conform appointments and they will call you even one hour before but then there doctors will not show up,worse hospital ever visited a kind of hospital where they conform appointments and they will call you even one hour before but then there doctors will not show up,bad hospital ever visit a kind of hospital where they conform appointment and they will call you even one hour before but then there doctor will not show up,NEGATIVE,0.998172402381897
Thumbay_Hospital_Ajman,4.0,"Thumbay Hospital in Ajman is a well-known healthcare facility, especially among expats and students from Gulf Medical University. It offers a wide range of medical services, including specialized departments like cardiology, orthopedics, and pediatrics. The hospital is known for its affordability compared to some premium hospitals in the UAE, making it accessible for many residents. However, wait times can sometimes be long, especially in the emergency department. The staff is generally friendly, but service quality may vary depending on the doctor and department. The hospital is clean and well-maintained, but parking can be an issue during peak hours.",7 months ago,thumbay hospital in ajman is a well known healthcare facility especially among expats and students from gulf medical university it offers a wide range of medical services including specialized departments like cardiology orthopedics and pediatrics the hospital is known for its affordability compared to some premium hospitals in the uae making it accessible for many residents however wait times can sometimes be long especially in the emergency department the staff is generally friendly but service quality may vary depending on the doctor and department the hospital is clean and well maintained but parking can be an issue during peak hours,thumbay hospital in ajman is a well known healthcare facility especially among expats and students from gulf medical university it offers a wide range of medical services including specialized departments like cardiology orthopedics and pediatrics the hospital is known for its affordability compared to some premium hospitals in the uae making it accessible for many residents however wait times can sometimes be long especially in the emergency department the staff is generally friendly but service quality may vary depending on the doctor and department the hospital is clean and well maintained but parking can be an issue during peak hours,thumbay hospital in ajman be a well know healthcare facility especially among expat and student from gulf medical university it offer a wide range of medical service include specialized department like cardiology orthopedic and pediatric the hospital be know for its affordability compare to some premium hospital in the uae make it accessible for many resident however wait time can sometimes be long especially in the emergency department the staff be generally friendly but service quality may vary depend on the doctor and department the hospital be clean and well maintain but parking can be an issue during peak hour,POSITIVE,0.9948463439941406
Thumbay_Hospital_Ajman,1.0,"I am very unsatisfied with my experience at this hospital. Despite my relative being in a serious condition, there was an unacceptable delay in sending the medical report. We were promised that the report would be provided quickly, but it never came in time, leaving us anxious and frustrated. The lack of urgency and poor communication is incredibly disappointing, especially when dealing with such a serious matter. I would not recommend this hospital based on this experience and hope they improve their services.",10 months ago,i am very unsatisfied with my experience at this hospital despite my relative being in a serious condition there was an unacceptable delay in sending the medical report we were promised that the report would be provided quickly but it never came in time leaving us anxious and frustrated the lack of urgency and poor communication is incredibly disappointing especially when dealing with such a serious matter i would not recommend this hospital based on this experience and hope they improve their services,i am very unsatisfied with my experience at this hospital despite my relative being in a serious condition there was an unacceptable delay in sending the medical report we were promised that the report would be provided quickly but it never came in time leaving us anxious and frustrated the lack of urgency and poor communication is incredibly disappointing especially when dealing with such a serious matter i would not recommend this hospital based on this experience and hope they improve their services,I be very unsatisfied with my experience at this hospital despite my relative be in a serious condition there be an unacceptable delay in send the medical report we be promise that the report would be provide quickly but it never come in time leave we anxious and frustrate the lack of urgency and poor communication be incredibly disappointing especially when deal with such a serious matter I would not recommend this hospital base on this experience and hope they improve their service,NEGATIVE,0.9991186261177063
Thumbay_Hospital_Ajman,5.0,"I would like to thank Dr. Nanis, the dental specialist at Thumbay Al Nuaimiya, as she performed the extraction of a buried tooth. Many doctors confirmed that it was a difficult operation. She worked on my psyche and made me completely confident while I was with her, despite my feeling of extreme fear before that. Therefore, I am very grateful and I do not find the appropriate expression to thank her.",7 months ago,i would like to thank dr nanis the dental specialist at thumbay al nuaimiya as she performed the extraction of a buried tooth many doctors confirmed that it was a difficult operation she worked on my psyche and made me completely confident while i was with her despite my feeling of extreme fear before that therefore i am very grateful and i do not find the appropriate expression to thank her,i would like to thank dr nanis the dental specialist at thumbay al nuaimiya as she performed the extraction of a buried tooth many doctors confirmed that it was a difficult operation she worked on my psyche and made me completely confident while i was with her despite my feeling of extreme fear before that therefore i am very grateful and i do not find the appropriate expression to thank her,I would like to thank dr nanis the dental specialist at thumbay al nuaimiya as she perform the extraction of a bury tooth many doctor confirm that it be a difficult operation she work on my psyche and make I completely confident while I be with she despite my feeling of extreme fear before that therefore I be very grateful and I do not find the appropriate expression to thank she,POSITIVE,0.9952229857444763
Thumbay_Hospital_Ajman,2.0,"Doctor asked for an emergency /urgent ultra sound for my father. But the radiology department made us wait for 2 hours.  My father was in extreme pain and without the ultra sound, the doctor cannot conclude any diagnosis. The staff don't know how to talk gently with patients. They are so rude when asked how long is it going to take. Patients who came before us, went in but we are waiting still. This is so unfair and so disrespectful towards patients.",11 months ago,doctor asked for an emergency urgent ultra sound for my father but the radiology department made us wait for 2 hours my father was in extreme pain and without the ultra sound the doctor cannot conclude any diagnosis the staff don t know how to talk gently with patients they are so rude when asked how long is it going to take patients who came before us went in but we are waiting still this is so unfair and so disrespectful towards patients,doctor asked for an emergency urgent ultra sound for my father but the radiology department made us wait for 2 hours my father was in extreme pain and without the ultra sound the doctor cannot conclude any diagnosis the staff don t know how to talk gently with patients they are so rude when asked how long is it going to take patients who came before us went in but we are waiting still this is so unfair and so disrespectful towards patients,doctor ask for an emergency urgent ultra sound for my father but the radiology department make we wait for 2 hour my father be in extreme pain and without the ultra sound the doctor can not conclude any diagnosis the staff don t know how to talk gently with patient they be so rude when ask how long be it go to take patient who come before we go in but we be wait still this be so unfair and so disrespectful towards patient,NEGATIVE,0.9991788268089294
Thumbay_Hospital_Ajman,5.0,"Dr Ruchita Physiotherapist
I did the physiotherapy with Dr Ruchita and she is a very nice doctor and she really care about the patient especially in the physiotherapy time. I am feeling better now. Thank you so much",7 months ago,dr ruchita physiotherapist i did the physiotherapy with dr ruchita and she is a very nice doctor and she really care about the patient especially in the physiotherapy time i am feeling better now thank you so much,dr ruchita physiotherapist i did the physiotherapy with dr ruchita and she is a very nice doctor and she really care about the patient especially in the physiotherapy time i am feeling better now thank you so much,dr ruchita physiotherapist I do the physiotherapy with dr ruchita and she be a very nice doctor and she really care about the patient especially in the physiotherapy time I be feel well now thank you so much,POSITIVE,0.9998538494110107
Thumbay_Hospital_Ajman,5.0,"Excellent Hospitality, Staff is very cooperative, Dr Kapil is very knowledgeable and treated me extremely well. Thanks to Dr Kapil, for doing my cataract surgery I had 6/6 vision from the next day itself. I really appreciate your support. Best Regards.",Edited 8 months ago,excellent hospitality staff is very cooperative dr kapil is very knowledgeable and treated me extremely well thanks to dr kapil for doing my cataract surgery i had 6 6 vision from the next day itself i really appreciate your support best regards,excellent hospitality staff is very cooperative dr kapil is very knowledgeable and treated me extremely well thanks to dr kapil for doing my cataract surgery i had 6 6 vision from the next day itself i really appreciate your support best regards,excellent hospitality staff be very cooperative dr kapil be very knowledgeable and treat I extremely well thank to dr kapil for do my cataract surgery I have 6 6 vision from the next day itself I really appreciate your support good regard,POSITIVE,0.9997879862785339
