hospital,rating,review_text,datetime
Aster_Hospital_Mankhool,5.0,"We had an amazing experience at Aster Hospital. The nurses were proactive and professional, and the hospital was very organized. Special thanks to Dr. Anjana Mary Joy and Dr. Renju Prem, both were very skilled, kind, and accommodating. To the nurses and staffs Jeena Mary Roy, Sushma Ghag, Karthik Kottari, and the rest of the nurses (I haven’t took all their names) to the male nurse who’s assisting us with Dr. Anjana at the emergency section, who’s been working alone on his shift but remained calm and organized. To the male colleagues who’s assisting the patients while on a wheelchair, the catering staffs and the housekeepers.

It truly felt like we were staying in a hotel, not a hospital. Our only suggestion is to offer a small meal menu aside from the food they’re serving at the cafeteria for the patient’s companion, as outside food isn’t allowed.

As Filipinos, we felt very welcomed, there was no discrimination, only respect and care from everyone.

Thank you to the entire Aster Hospital team  you made a challenging time easier to go through. Kudos to Dr. Renju Prem and the whole surgical team for their excellence and kindness. Highly recommended!",3 months ago
Aster_Hospital_Mankhool,5.0,"I want to extend my deepest appreciation to all the incredible doctors, especially my OBGYN Dr Caroline and the doctor who delivered my baby, and the dedicated nurses in the Pre-Labour & Delivery Room who stood by me during one of the most intense and unforgettable moments of my life.

During my labor contractions, you didn’t just give medical care ❤️ you gave kindness. Your gentle encouragement, comforting words, and reassuring smiles made the pain more bearable. Even when I could see the tiredness in your eyes, you still gave your best, and for that, I am truly grateful. You weren’t just doing your jobs , you were pouring your hearts into helping me welcome my baby into the world.

To the Pediatrics team and the Nursing Care staff: thank you for looking after my little one with such dedication and tenderness. Knowing my baby was in loving, professional hands gave me so much peace of mind. Your patience, gentle handling, and constant care made all the difference in our first days together.

Aster Hospital, you are more than just a place of healing—you are a place filled with compassion, skill, and humanity. From the bottom of my heart, thank you for being part of our journey. With Gratitude and Joy!

Richelle Joy",Edited 2 months ago
Aster_Hospital_Mankhool,5.0,I came back for a reason. Love the services. Madam Rhea really guided me well too. Thanks to her hospitality.,a week ago
Aster_Hospital_Mankhool,5.0,"I had a great experience at the hospital in Mankhool. From the reception team on the first floor to Dr. Arif and the nurses,  everyone was professional and kind. At the pharmacy, Ms. Jubinsha was very caring and helpful, assisting me quickly throughout my consultation and with my medicines. Really appreciate the excellent service!",4 days ago
Aster_Hospital_Mankhool,5.0,"I would like to express my sincere appreciation for the excellent care and support I received at your hospital. Ms. Jincy Koshy & Neethu was extremely supportive throughout, and Dr. Bharat Rao was always helpful, patient, and professional. Thank you for your outstanding service and dedication to your patients.",4 weeks ago
Aster_Hospital_Mankhool,5.0,"Dear Sarah,
I am writing to express my deepest gratitude and appreciation for the outstanding service my wife and I received during her recent visit to Aster Hospital in Mankhool. Your team's dedication to providing exceptional care and compassion is truly remarkable, and we feel blessed to have experienced it firsthand.
Sr. Vanisha, Sr. Jossay, and Service Champion Mr. Ridhwan went above and beyond to ensure our comfort and well-being. Their professionalism, kindness, and empathy made us feel like we were at home. From the moment we arrived, your staff's proactive approach and attentiveness were evident, and we were treated with the utmost care and respect.
Even before we arrived at the hospital, your staff had already taken care of the necessary arrangements, making the entire experience smooth and stress-free.
Over the years, we have been consistently impressed with the professionalism and service quality at Aster Hospital, and it's clear that your leadership plays a significant role in fostering a culture of excellence. Your team's commitment to delivering exceptional patient care is truly inspiring, and we are grateful for the trust we have placed in Aster Hospital.
Please convey our heartfelt appreciation to Sr. Vanisha, Sr. Jossay, and Mr. Ridhwan for their exceptional service. We wish you and the entire Aster team continued success and growth, and we look forward to the opportunity to serve our healthcare needs with you again in the future.
Thank you for leading a team that truly makes a difference in the lives of patients. Continue the good work, and may your hospital continue to change lives for the better.",2 weeks ago
Aster_Hospital_Mankhool,5.0,"Good service, neat and clean. Well organised processes. Staff are helpful. Would be good to have free parkings around as the basement fills up quick. But many paid parkings available around.
All doctors are professional and reliable here compared to other branches",a month ago
Aster_Hospital_Mankhool,5.0,"It was a good experience, where the staffs do not make us like a patient. I'm not going to get rid of it alone here and they looked for all kinds of support. Especially the two staff well careful. MUJIBUR AND NEENU! May all be careful as good as good ..thank you.!",Edited a month ago
Aster_Hospital_Mankhool,5.0,"Highly recommended Staff very kind and caring facilities are clean and high tech
Thank you Aster Hospital Team and management GOD BLESS",2 weeks ago
Aster_Hospital_Mankhool,5.0,"Excellent care and professional staff!
I had a wonderful experience at Aster Hospital Mankhool. The doctors were highly professional and attentive, and the nurses took great care with genuine kindness. Everything was well-organized — from admission to discharge — and the staff made sure I was comfortable at all times. The hospital is clean, efficient, and truly patient-focused. Thank you to the entire Aster team for their dedication and compassion! Highly recommended.",a week ago
Aster_Hospital_Mankhool,5.0,"I would like to express my heartfelt appreciation to Aster Hospital for the excellent care and service I received during my surgery and recovery.

A special thank you to my surgery doctor for the professionalism, expertise, and compassion shown throughout the entire process. You made me feel safe and well taken care of every step of the way. 🙏🏻

To all the nurses and staff, thank you so much for your kindness, patience, and dedication. Your constant care and warm smiles made a huge difference in my healing journey. ❤️

The whole experience at Aster Hospital was smooth, convenient, and comforting — truly a place where patients are treated with respect, care, and genuine concern.

I’m beyond grateful and blessed for the outstanding service I received. Highly recommended! 😇💖",3 weeks ago
Aster_Hospital_Mankhool,5.0,"I had such a pleasant experience with Dr Sneha and follow up with Dr Jyoti at Aster Hospital Mankhool.
Thanks to Ms. Vanisha, from the moment I arrived, she was super friendly, kind, and genuinely helpful. She made the whole process smooth and stress-free.",a week ago
Aster_Hospital_Mankhool,1.0,"Date of Visit: 15 July 2025 - Review of Aster Hospital Emergency Services - RATE 1 - 10
Patient ID: 900631438

I would like to share my recent and disappointing experience at Aster Hospital’s Emergency Department in the Mankhool branch.

We arrived at the emergency reception around 5:30 PM, and although it was clearly an emergency (I was in severe abdominal pain), we were only attended to around 5:50 PM—a 20-minute wait despite being in obvious distress. This delay was unacceptable in an emergency setting, especially when patients are supposed to receive immediate attention.

Once I was finally placed on a bed, the doctor examined me, administered a pain reliever, and recommended further tests, including a CT scan of the abdomen and pelvis, an IV drip, and blood tests. Despite these steps, I felt neglected throughout the evening. I vomited severely at 11:45 PM and requested to be admitted to a room to rest more comfortably, but that also took a long time. It wasn’t until around 4:00 AM that the CT scan was done, after which I begged again for a room, and was finally moved to Room 406—only after vomiting again.

I must commend one compassionate nurse in the room who truly showed care, his name, Allwin Jeffry - unlike the staff in the emergency room, who lacked empathy and made me feel like a burden instead of a patient in need.

Later in the morning, I requested to be discharged so I could travel to Jordan for treatment with my longtime doctor. I asked for my medical release at 8:30 AM, but even this simple request took an unreasonable amount of time. Although we settled the AED 200 excess payment quickly, the staff delayed my discharge by claiming the printer wasn’t working and insisted I stay in the room—despite everything being settled and my ID already returned.

One male staff member in pink uniform even acted rudely, which made the situation worse. I told him that I was not a prisoner to be held unnecessarily. My driver had to rush through the stairs with proof of payment to ensure I wouldn’t miss my 2 PM flight to Jordan all because of the inefficient discharge process. please review your camera, and he must be given extra seminar on how to handle customer care! this is must for him!

This experience was not only physically painful but also emotionally exhausting!!! I am deeply disappointed by the lack of urgency, care, and compassion shown in the emergency department. Aster Hospital is a large and reputable name, yet this experience was far from what a patient should expect in an emergency medical facility!

I sincerely hope the hospital takes this feedback seriously and works to improve its emergency protocols, discharge procedures, and staff attitude toward patients in pain. No one should have to suffer in such a way while seeking help in a hospital.

Unfortunately, I will not return to this hospital again. Please, train your staff to treat every patient with respect, care, and urgency especially those in critical conditions.",3 months ago
Aster_Hospital_Mankhool,5.0,"Aster hospital mankhool
First time my visit in Aster mankhool for choosing for my wife delivery - We selected Dr Ayesha  Salam GyNo Docter  Done great effort  work on her duty on delivery time . Masha Allah i have  blessed with baby girl ,and special thanks to Labour Room all nurses and duty Doctor  . But the room was soo congested  feelings 2nd bed was soo big and its not deep attachment to the wall of room , Room cleaning facilities is good ,  Some staff in Billing section not friendly.",a week ago
Aster_Hospital_Mankhool,5.0,I ve been consulting with Aster clinics and hospitals throughout my pregnancy. Dr. Maya(the gynaecologist) is amazing and clear with the patients. Her prompt actions led to a safe delivery and recovery journey.,4 days ago
Aster_Hospital_Mankhool,5.0,"Overall very good service in regards with nurses , doctors are very helpful and hospitality was also good.

We had a very smooth procedure as we came for our treatment only food was okay , but rest good.",a week ago
Aster_Hospital_Mankhool,5.0,"Thank you for the wonderful service in OBGYN Dept. From the beginning I found my diagnosis she explained to me everything that why I feel comfortable to do the Surgery until I finished the Surgery, Dr. Maya Sreekumari is my Doctor. The Nurse Ms. Betsy is guide me for everything I need and what will I do,she managed very well even she is busy with other patient during my follow up check-up. And Ms. Rani from Customer service is serving me with a smile and respect. Keep it up and God bless 🙏😍",6 months ago
Aster_Hospital_Mankhool,5.0,"dr sachin did a excellent service  throughout my visit and iambus feeling good now.
staff manju takecareof my visit and followup withstand my approvas and did god job too
thanks and lot cardiopulmonary dept from aster mankhool",2 weeks ago
Aster_Hospital_Mankhool,5.0,Honestly amazing care and kindness I have received.  Very polite and approachable staff in reception Ms Cinol . Also thanked to my Dr. Bharat ENT,a week ago
Aster_Hospital_Mankhool,5.0,"I gave birth to our daughter on the 22nd August at the hospital and had the amazing experience in the labor room, I have to mention Nurse Asha and Nurse Jenifer who assisted me and took care of me also the Nurse who attended me while my delivery, Also I want to thank Doctor Reethu for being my gynecologist for the most amazing moment of our lives ❤️🧿
The hospital is extremely clean and neat except the food service is not that good. But overall I had a wonderful experience and really thankful for the nurses doctors the cleaning staff for excellent supportive service they gave us throughout the whole process.",3 weeks ago
Aster_Hospital_Mankhool,5.0,"I had an excellent experience at Aster Hospital Mankhool. The hospital is well-maintained, with a clean and welcoming atmosphere. The staff are highly professional and attentive. Special thanks to Dr. Alexis and Dr. Balakrishna, who were very experienced and took the time to thoroughly explain my condition, making me feel informed and reassured. From the skilled receptionist,nurses and X-ray technicians to the knowledgeable pharmacists, everyone provided exceptional care. I highly recommend Aster Hospital Mankhool for its professional and compassionate healthcare services.",3 weeks ago
Aster_Hospital_Mankhool,3.0,"We came here fo the blue light phototherapy for our daugther.  It took us almost 1 hour waiting in emergency to get admitted.

When we get to the room, No doctor came to explain about the procedure. Even the nurse didnt explain. I had to ask about the procedure and the risks.

Night duty nurse is very rough handling our baby started on 20th night room 504. Everytime she touches my daugther changing diapers, feeding, our baby cries wild. Shes very rough. Me and my wife getting anxious watching her. This particular nurse doesnt even talk. Which is very weird for a nurse.  Other shift nurse were so gentle and accomodating.

October 21st night. The same night duty nurse came. I told her clearly to handle my baby gently.  That was around 10-11pm...  and that was the last time she came to the room. Nobody - no nurse came to our room to check with my daugther and monitor the phototherapy session. Until 4:35am, if i didnt push this red button she didnt came. Which i find it very unprofessional. Between 11pm - 4am the nurse was only sleeping on the counter. Check CCTV. Very disappointing.",2 weeks ago
Aster_Hospital_Mankhool,5.0,"I was admitted in cardiac icu, I got very good service from the whole staff. Dr naveed Ahmed was provided me a good treatment. Staff nurses jency and dhanya was very much helpful during my stay.
Thank you so much for the care.",a week ago
Aster_Hospital_Mankhool,1.0,"I want to share my experience at this hospital,it's really not bad but it's the worst ,i advise the doctors to learn more and go to the school again and for the price it's toooo much expencive,i came to him for check my pimpel it's shown on my chest ,they send me to the operation and directly tell that it need surgery directly ,when i heard that i didn't believe him so for that i went to another hospital and there the doctor just give me one injection and medicin and now i'm good.so please do not do anything just for money .",a week ago
Aster_Hospital_Mankhool,5.0,"Overall had a good experience with Aster team and doctors.Special mention to Miss Rhea for helping out at the counter. If insurance waiting time is reduced , would have been better.",a week ago
Aster_Hospital_Mankhool,5.0,Well deserving aster hospital the five star. All the staffs are well managing. Also really am happy With Dr. Barath explained well about my condition. Appreciate ms Cinol to serve best service,a week ago
Aster_Hospital_Mankhool,5.0,"Thanks to all the Aster ICU sisters, brothers and doctors for taking such good care of my father. They all have been so selfless and caring always. Thanks to Doctor Gireesh (Gastroenterology) and Sachin (Cardiologist) for being a life savior for my father.",Edited a week ago
Aster_Hospital_Mankhool,1.0,"I had an appointment scheduled today at 1:40 PM, and I have been waiting at the hospital since 2:00 PM. However, until 4.00pm, no one has called me or informed me about the delay.

I understand that unexpected situations can occur, but patients should be updated about any significant waiting times. This lack of communication has caused me considerable inconvenience.

Please look into this matter and ensure better coordination and communication in the future.

Thank you for your attention.",2 weeks ago
Aster_Hospital_Mankhool,5.0,"I would like to express my deepest gratitude to the entire ICU team at Aster Hospital Mankhool. From the very first moment, they treated me not just as a patient, but as a human being who needed care, comfort, and hope.

A very special thanks goes to Dr. Neeraj and his dedicated team, and especially to the nurse Vishnu. Their professionalism, compassion, and tireless efforts went far beyond my expectations. They worked day and night to stabilize my condition and managed to bring my sodium level back to normal from a dangerously low 110—a level that could have cost me my life.

What touched me most is that they never once made me feel alone. Every word of reassurance, every attentive gesture, and every careful step they took gave me strength and courage to fight through my illness.

I will always carry in my heart the kindness and dedication of this wonderful team. They are true heroes in every sense, and anyone under their care can feel safe, valued, and loved.

Thank you, from the bottom of my heart. 🙏 (Thanks Aster Hospital - Mankhool - ICU Team)",2 months ago
Aster_Hospital_Mankhool,5.0,"It was a amazing experience in Aster Hospital .  The Doctors and Nurses will give us extra care and support. And Specially in the Receptionist in Counter 8, Cinol..She give us a super guidance and support in the visit.

Thank you all.",2 weeks ago
Aster_Hospital_Mankhool,5.0,"Good Service  and quality  facilities and  all staff good and  nurse , specially to all Doctors   Taking care  for  successful General operation of my wife . Very satisfied and  Good  will come every time and recommend to all my family and friends . Godbless all",2 weeks ago
Aster_Hospital_Mankhool,5.0,"I just want to thanks a lot for this people who really gave us full attention,  It was  the second time my wife got admitted  in this hospital and no doubt we were 100% satisfied with the service,  from the facilities, Equipments, the Food, and the people who really take care of  us. Special mention to (Samshadth,Roshni,Sajna, stephy, And also to doctor Aysha)
Highly recommend nurses, as well as the hospital.  Gracias❤️❤️",a week ago
Aster_Hospital_Mankhool,5.0,"Promoting professional growth ,enhancing teamwork,and improving patient care by addressing both strengths and areas for improvement it was my first experience in aster mankhool all the nurses they really good and thank u ☺️ miss chetana Leaity all the team I really appreciate from my heart ❤️",a week ago
Aster_Hospital_Mankhool,5.0,Dr Debabrate and all the cardiology and his nurse sister Greeshama are of of the best I have ever dealt with in any hospital in Dubai they are an asset to aster . God bless both of them . Sharon pinto,a week ago
Aster_Hospital_Mankhool,5.0,Had a Mri done today .The technicians and the staff of the Mri/radiology dept were extremely helpful .The staff helped calm me down during the MRI procedure ..without his assistance it would not have been possible for me to complete the scan. Very grateful 🙏🏼,4 days ago
Aster_Hospital_Mankhool,5.0,"Thank you Rajkumar. He did my surgery's am in followup visit with him . All services aree good. Thank you sister namitha forhelp and staff Cinol in reception very approachable
approachable",a week ago
Aster_Hospital_Mankhool,5.0,"I had a great experience — everything was incredibly fast, smooth, and well-organized. The staff were professional and caring, making the entire process comfortable and efficient. I highly recommend this hospital for their excellent service and patient care.",2 weeks ago
Aster_Hospital_Mankhool,5.0,"Extremely happy after my visit all staffs are very attentive and patient friendly. Thank you Dr. Arif ,Ms jyothy duty manager and Ms cinol and Ms jubinsha I truly appreciate the dedication to patient care",a month ago
Aster_Hospital_Mankhool,1.0,"I ALMOST DIED IN THIS HOSPITAL, LITERALLY!! No sugar coat comment.

1. WORST EMERGENCY
2. LIFE AND DEATH PROCEDURE
3. CROWDED / NO ROOM AVAILABLE
4. I POLITELY ASK DR.MAYA SREEKU WHY, BUT SHE IS RUDE.

WORST EMERGENCY:
- I was instructed to go direct at Emergency because my baby is dead for 1 week inside my tummy. But It took us 10 hours of waiting inside the emergency to be admitted and start the procedure. Yes, 10hours in the EMERGENCY. TOO MANY PEOPLE COMPLAINS!

THE LIFE AND DEATH PROCEDURE
- I came for D&C procedure. But Dr. Maya Sreeku procedure didn't analyze the situation that contributed to Drained and weaken my Uterus.
- They said it should be out from my body, 1 day. but their procedure took 3 more days
- I NATURALLY gave birth to a dead baby.
- 3 medications inserted thru my vagina.
- 1 induced labor without anesthesia.
- 3 injections on my butt to contract
- No proper food and water for 4 DAYS!!
- with 9 HOURS of PROLONGED LABOR
- MY UTERUS is already WEAK&SOFT and nobody is aware and pay attention
- I was bleeding very very very hard
- They sent me to Operation Theatre
- MY Placenta position is lower and already risk
- But DR. MAYA Sreeku added that Prolong procedure to WEAKEN MORE MY UTERUS and lead to life and death scene.
- MY BODY is dehydrated. My hemoglobin is unstable I finished 4 bags of extra blood. ITS ALREADY A LIFE THREATENING SCENARIO.
- They want to REMOVE MY UTERUS.
- They CUT ME OPEN LIKE C-Section but they put a thread to tighten my flabby uterus instead. Then bleed stopped.
- I ENDED UP IN ICU... fighting for my life. with a small airway to breathe. because I had tube in my mouth.
- God gave a new life to testify.
- I woke up at ICU. trying to understand everything that I thought should be simple D&C procedure.
- DR. MAYA Sreeku confessed that it was her first time.
- I should be shifted from ICU to recovery room BUT ended up staying at the HALL WAY.

NO ROOM AVAILABLE
- All those Doctors said I will be shifted to recovery room in the morning of May 29,2025. We have waited but ended up spending at ICU until evening because no available room.
- Floor manager said of 4th floor, maximum 5pm they will give us room.
- We have waited. They made excuses. the room is under deep cleaning.
- After half day of waiting, they gave us a ROOM, 7:30pm and when we arrived at the room, THE ROOM IS NOT CLEAN and WE STAYED AT THE HALL WAY.
- They send us at the Admission Room 4 or 5th Floor. mixed with other patients who probably waiting for proper room too.
- They said we will DISCHARGED in the morning of May 30,225... we initiated to call and follow up our own insurance for fast transaction... but still ended up waiting for hospital back and fort replies until evening of 7pm, May 30,2025.

I POLITELY ASK WHY DID IT HAPPENED
- DR. MAYA Sreeku is hesitant to answer. I didn't finish my question and she clearly said ""What we should do? Just ask second opinion to Latifa Hospital.. Pls bring the next patient"" I recorded our conversation because I usually forgot but I was surprised by her rude answer.",Edited 4 months ago
Aster_Hospital_Mankhool,5.0,"Thnk you so much Aster staff and Doctors Very nice, clean, very well equipped, with knowledgeable staffs. I really like it.Thank you for the good quality of  work and the professionalism that we feel there.My husband recover fast.",2 weeks ago
Aster_Hospital_Mankhool,5.0,MRI radiologist was super amazing hes empathy is on another level they  care for you well and inform on all will happen.best part was playing my Kenyan songs felt home .,2 weeks ago
Aster_Hospital_Mankhool,5.0,"Very good Doctor, Dr Sachin of Cardiology department and all the staff did a great work Thank you all",2 weeks ago
Aster_Hospital_Mankhool,4.0,"Aster Mankhool Hospital exceeded my expectations! The staff were polite and kind. Special thanks to the reception, registration, and nursing teams for their kindness and efficiency. The hospital is very clean and well-maintained.",6 days ago
Aster_Hospital_Mankhool,2.0,"I’ve always had pleasant experiences at Aster Hospital, Mankhool in the past, but my recent visit left me somewhat disappointed.

On 04/10/2025, I requested a replacement vaccination card for my daughter after misplacing the original. I paid the required fees, and the Pediatric Department informed me that I would receive a call once the document was ready. However, I did not receive any follow-up.

By 08/10/2025, still having heard nothing, I contacted the call center, where I was assured the relevant department had been informed and that I would receive a call soon. After another two days without any response, I called again and received the same message.

Due to the lack of communication, I visited the hospital in person on 11/10/2025, expecting the card to be ready given the time that had passed. To my surprise, the request was still pending. I was told that the doctors had not had time to complete the required information, which was frustrating.

After I escalated the matter, the Patient Coordinators stepped in and addressed the issue. I was told the vaccination card would be ready in three days. On 16/10/2025, I finally received a call confirming it was ready for collection.

While I appreciate the support provided by the patient coordination team once the matter was raised, I would like to highlight the need for improvement in the call center's communication and follow-up process.

NB: This review is based on my personal experience—others may have a smoother and more positive experience.",2 weeks ago
Aster_Hospital_Mankhool,5.0,"I recently visited Aster Hospital Mankhool with my family member  and had a great experience. The hospital's infrastructure is modern and well-maintained. The staff, including Doctor were very professional and caring.

The treatment was effective, and the nursing staff specially Mufaseena was very attentive. The hospital's location is easily accessible, and the parking facilities are convenient.

Overall, I would recommend Aster Hospital Mankhool for its quality medical care and patient-centric approach.

Rating
5/5 stars",a week ago
Aster_Hospital_Mankhool,5.0,"I had an excellent experience at Aster Hospital, Mankhool. The entire team — from reception to doctors and nurses — was exceptionally professional, caring, and attentive. The hospital is very clean, well-organized, and equipped with modern facilities.

The medical staff truly go above and beyond to make patients feel comfortable and well-informed. I really appreciate their kindness, clear communication, and quick response to any concerns. Everything, from consultation to treatment, was handled smoothly and efficiently.

Special thanks to the doctors and nursing staff for their dedication and compassion — it made a big difference in my recovery. I highly recommend Aster Hospital, Mankhool, to anyone looking for quality healthcare and excellent patient care.",a week ago
Aster_Hospital_Mankhool,5.0,"wonderful experience at Aster Clinical Hospital. The doctors are highly skilled, nurses are very caring, and the staff is professional and polite. The hospital is clean, well-organized, and provides quick service. They truly care for their patients and make sure you feel comfortable throughout the treatment. Highly recommend Aster Clinical Hospital for anyone seeking quality medical care",2 weeks ago
Aster_Hospital_Mankhool,5.0,Aster hospital is really the best hospital I was really admiring it but never experience it I've recently went to an emergency and they They took care of me all the staff so helpful and so nice twords their profession i can't thank enough Dr Gireesh Gopinath who really look after me and recommend me the required test also help me to be approved from the insurance I would definitely recommend it to everyone as I really had a nice experience and also it makes you feel what doctor's and hospital about aster will give the exact meaning.,4 days ago
Aster_Hospital_Mankhool,5.0,We recently visited Aster Hospital Al Mankhool. We got really excellent service.  From the staff to Doctor was very good tp us. The staff Mufaseena guided us throughout the process ✨️,6 days ago
Aster_Hospital_Mankhool,5.0,I have done my Cardiac MRI and its great experience with ASTER HOSPITAL MANKHOOL Radiology department Technologist and Nurse (Prince) too co-operative and help me out through out procedure they are very professionals and they handled very nicely,a week ago
Aster_Hospital_Mankhool,5.0,"I'm Chinese,this is first time come to Aster hospital,The beautiful woman who serves me is called Gowri, who is very gentle and patient. My English is not good. She tries to help me explain and solve many things that I don't understand in the physical examination in foreign hospitals, and she can always find her if she has any problems and get timely and effective help. The hospital is lucky to have such employees, which also shows that the hospital's service awareness and service standards are very high!",a week ago
Aster_Hospital_Mankhool,1.0,"My rating says it all. I came here with a gallstone attack, which is one of the most severe types of pain in the world. Everyone knows how bad gallstone pain is when an attack starts.

Even though I kept requesting to see an emergency doctor, they still made me stand in line. I was literally begging to see a doctor, but they made me wait more than 40 minutes.

They were sending other normal patients in first, and instead of treating me as an emergency, they just kept telling me to wait.

There is no emergency management here. There was one rude guy there who kept telling me he couldn’t do anything, and that I had no option except to keep waiting, no matter how serious my situation was.

After about 40 minutes, they finally called me. They gave me IV painkillers, which did help with the pain and stabilized me — and I’m thankful for that — but I have to say this: there should be an ACTUAL EMERGENCY TREATMENT SYSTEM, and emergency patients should be helped immediately.

This is not how an emergency patient should be treated. I had no other option at 2:30 a.m., and I was in such severe pain that I couldn’t even think straight. And in that condition, this is the treatment I received.

Not appreciated at all.",a week ago
Aster_Hospital_Mankhool,5.0,Dr dash good he gave me good explanation to solve my issue and befor taking all test he predect my problem why i face pain on my chest... After getting result its the same ... And manisha was assiste me very well,2 weeks ago
Aster_Hospital_Mankhool,5.0,"My daughter was admitted to Aster Hospital, Mankhool due to a viral fever. I’m extremely grateful to Dr. Pawan for his excellent medical care, continuous follow-up, and kind approach throughout her treatment.

The nursing team provided exceptional care — special thanks to Elizabeth, Arumugathai, Anushiya, Gikku, and Anuja for their kindness, patience, and dedication in looking after my daughter with such compassion and professionalism.

Heartfelt thanks to Ligi (Unit Manager), Blessy (Manager), and Reena (Floor Coordinator) for their constant support, guidance, and timely assistance. They ensured everything went smoothly and made us feel well cared for.

Overall, we had a wonderful experience at Aster Hospital Mankhool, and I highly recommend their excellent team for their dedication and compassionate care.",a week ago
Aster_Hospital_Mankhool,5.0,"The service at Aster Hospital, Mankhool was excellent. The staff, especially Riya, was very helpful and kind. Really appreciate the care and support provided.",2 weeks ago
Aster_Hospital_Mankhool,5.0,"Had horrible experience at our previous hospital. Good thing we went to Aster and they helped and supported us all the way. Issues our previous hospital couldnt see were figured out here in an instant. They knew exactly how to help us. We feel that we have survived something that could be very dangerous.

Doctors and nurses are well skilled!
Only thing we could really see improving is the response time for requests (wheel chair).",4 months ago
Aster_Hospital_Mankhool,5.0,Dr bala is very helpful and accommodating he was assisting all the possible remedies that i needed for my allergy. Nurse saranya is as well polite and accomodating. It was a really good experience with my consultation in aster hospital mankhool,a month ago
Aster_Hospital_Mankhool,5.0,"""Grateful to the amazing nurses at Aster Mankhool for their exceptional care and support during my cesarean recovery. Compassionate, professional, and truly dedicated!""",5 months ago
Aster_Hospital_Mankhool,5.0,"I recently visited Aster Mankhool Hospital, and I’d like to give special appreciation to Mufaseena from the reception. She was extremely polite, professional, and helpful from the moment I arrived. Her warm smile and calm attitude made the registration process quick and easy.
It’s rare to find someone so patient and kind in such a busy environment — she truly represents excellent customer service. Thank you, Mufaseena, for making my hospital visit smooth and pleasant. Keep up the great work! 👏💐",a month ago
Aster_Hospital_Mankhool,5.0,"I would like to thanks Dr. Sachin and his team for great treatment in cardiology department at Aster hospital.
I would highly recommend Dr. Sachin.
Thank you for such wonderful and generous person",2 weeks ago
Aster_Hospital_Mankhool,5.0,"Initially, there was some delay with the process, but I was assisted by the hospital team and reassured by the  Patient Service Coordinator in ward that my treatment during admission would proceed smoothly. I was satisfied with the services at Aster Mankhool Hospital. The Aster doctor, nursing team, and the Philippine patient coordinator truly went above and beyond to ensure I received excellent treatment and a smooth discharge. I stayed on the 5th floor.",a week ago
Aster_Hospital_Mankhool,5.0,"I am immensely thankful to Dr. Caroline for her sincerity and dedication throughout my pregnancy journey. I had some complications in the last few months, but she handled everything with utmost care and made the process very comfortable for me. Thanks to her guidance and support, I was able to deliver a healthy baby. Every time I came for a consultation, her nurses always made me feel at home with their warmth, patience, and kindness. Their constant care and reassurance truly made a big difference. I am deeply grateful to Dr. Caroline and her wonderful team of nurses for making this journey safe, comfortable, and positive. Highly recommended.",a month ago
Aster_Hospital_Mankhool,1.0,"I didn't got proper treatment they're only run for your insurence. I had surgery for perianal abscess but it did not heal completely and now the disease has started again. It seems in this hospital that for those who are a little poor, more focus is given on their insurance rather than their treatment.",a week ago
Aster_Hospital_Mankhool,5.0,"I’ve been meaning to write this note for a long time… It’s been over three months since my delivery at Aster Hospital, but the memories are still fresh in my heart.

Whenever I think about that special time, the first picture that comes to my mind is the team of doctors and nurses who took such wonderful care of me. Even in the middle of their busy schedules and immense work pressure, they greeted me with warm smiles and gave me the care and attention I needed. For that, I will always be deeply grateful.

A special thank you to Dr. Reethu — you are truly amazing. I will be thankful to you for the rest of my life.

Also, a heartfelt thank you to the lactation consultant at Aster. Because of her guidance and support, my breastfeeding journey started smoothly. I never had to struggle, and that helped me enjoy a truly beautiful postpartum experience.

To everyone who was a part of my care — thank you from the bottom of my heart. You are all truly wonderful.",3 months ago
Aster_Hospital_Mankhool,5.0,Today I had one angiogram procedure in aster hospital mankhool. Thank you Dr. Naveed. Also all the staff in cathlab are very nice and caring. Special thanks to staff nurse Greeshma Sarath. She is very friendly and helpful. She was there with me through out the procedure. She taken care me very well. Thank you,a month ago
Aster_Hospital_Mankhool,5.0,Dr. Arif is the one best physician in uae. I will recommend this facility to all my friends. Patient friendly hospital thank you. Ms Cinol did good assistance,2 weeks ago
Aster_Hospital_Mankhool,5.0,"Great service. Very supportive staffs.
My son was admitted in this hospital.My son has phobia for hospital.He need to go through several times for blood test ,it was so hard for us to keep him calm.

During this period...Ms Sharanya, Ms Esther, Ms Bincy  was awesome......they all are very kind ,helpful and friendly...
Made our journey so easy and smooth...
From Mr Soumalya ,Mrs Rima.

Thank you anutie..Tata From Shaarav",a month ago
Aster_Hospital_Mankhool,5.0,We would like to express our heartfelt gratitude to the doctors and all the staff at Aster Hospital for their excellent and commendable service. The care and attention they provide to their patients are truly remarkable. Thank you so much for your warm help and support.,3 weeks ago
Aster_Hospital_Mankhool,5.0,"We sincerely thank you, Sirajka, for your kind support during this crucial time. The gynecology team at Aster Hospital provided excellent care, and with your guidance and help, everything went smoothly. We are truly grateful, and we are happy to share that both mother and baby are doing well.",a month ago
Aster_Hospital_Mankhool,5.0,Dr. Deepak is one of the best ENT surgeon. Highly recommended. Sttafs are assisting well. Ms Cinol is approachable staff in opd,2 weeks ago
Aster_Hospital_Mankhool,1.0,I am not satisfied with the cardiology reception as waiting time to get the ceetificate tales a long time. I visited morning and until now they cannot send me the certificate and I am calling them several times just to follow up. In other clinics or hospital they are giving it tp you within 10 minutes.,a month ago
Aster_Hospital_Mankhool,5.0,"We went for dental procedure. Dr. Aysha was friendly and gave good explanation about out procedure. As for the hospital, everything was smooth.",2 weeks ago
Aster_Hospital_Mankhool,4.0,Doctors are good specially Dr.Maya Shreekumari she is well experienced and staff are very helpful just want to mention one thing that why we book pre appointment.. 2 times visited and waited for almost 2 hours to meet doctors,2 weeks ago
Aster_Hospital_Mankhool,5.0,"The best hospital in Dubai, it keeps surprisingly me, the customer care is unmatched 🥹🤭 a big thanks to Ms Rousheena sajmar and Dr Khushbu bashir
I’m overwhelmed",5 days ago
Aster_Hospital_Mankhool,5.0,"I recently visited for a Health Wellness Package, and I’m very impressed with the excellent service. The front desk staff — Gowri Janaki and Vanisha Miran — were extremely professional and helpful. They guided me through all the tests smoothly and performed everything efficiently, without any hesitation. Their assistance in managing all types of tests and appointments saved me a lot of valuable time.
Highly recommended for their outstanding support and professional attitude!",a week ago
Aster_Hospital_Mankhool,5.0,Had overall a good experience with Dr Rajkumar team and special mention to Rhea at counter 3 for helping peacefully.If waiting time and que in billing counter if reduced it would have been a great experience.,a week ago
Aster_Hospital_Mankhool,1.0,"Actual Rating is ZERO due to lack of patient care and professionalism.
I am writing this review regarding the unacceptable experience my friend had at Aster Hospital Mankhool during Diwali. She suffered moderate to deep burns on her right hand and chest area after being accidentally hit by a firework while walking nearby.
Major Concerns she had faced in Aster Mankhool Branch are -
1. Delay in treatment: Despite reaching the hospital immediately, she was ignored for almost 2 and half hours without any first aid.
2. Lack of doctor's attention: The doctor who attended to her didn't examine her chest area properly and didn't ensure a lady doctor was present despite knowing the severity of her burns.
3. Nursing staff's ATTITUDE: The staff nurses, especially the senior staff Kavitha, were uncoordinated and displayed poor professionalism.
4. X-ray technician's BEHAVIOR: The X-ray technician, Mahalaxmi, was rude and non-empathetic.
The hospital's management needs to take immediate action to address these issues. Patients deserve better care and treatment. The staff's behavior seems to reflect their BURNOUT and FRUSTRATION, which shouldn't be taken out on patients.
I hope the management takes necessary steps to rectify these issues and provide better care to patients.
I urge the management to reevaluate their STAFFING POLICIES and SHIFT SCHEDULES to ensure that patients receive the care and attention they deserve. Perhaps implementing more manageable shifts for staff would help reduce burnout and improve the overall quality of care. After all, a happy and well-rested staff is more. likely to provide excellent patient care.
Failure to address these concerns will lead us to ESCALATE this matter to the Dubai Health Authority (DHA). Such unprofessional healthcare practices are unacceptable in the UAE, and we expect better from a reputable hospital like Aster.",2 weeks ago
Aster_Hospital_Mankhool,2.0,"""Dear Aster Hospital Team,

I recently visited Aster Hospital and was generally pleased with the service. However, my experience with Dr. Jyoti was disappointing. I felt rushed during the consultation, and the doctor didn't perform a thorough examination. Instead, I was prescribed medication and tests without a detailed assessment.

I hope you can look into this and improve the quality of care.",a week ago
Aster_Hospital_Mankhool,5.0,All services are very speedy. I like the way to treat the patient's. Well coordinate the team in opd. Appreciation to Ms Cinol for assistance and Dr. Arif is the best medicine doctor,a month ago
Aster_Hospital_Mankhool,1.0,"Worst hospital experience ever. I came to the emergency with severe gastritis and stomach pain at 3:30 PM and was kept waiting until past 12:00 AM. I asked more than 15–20 times if the report was ready, but was told to wait. During this entire time, I was not allowed to eat, despite my severe gastritis.

I finally got my CT scan done at 7:30 PM, waited another 4 hours for the report, and only then did the doctor see me, just to say “everything is normal,” even though I still have pain. I was told I could pay the bill and go home, meaning I was kept fasting for another 4 hours unnecessarily. The report advised a CE CT abdomen, which was presumably the reason for fasting, but they did not actually do the scan again, and I was never informed about this until I saw the report.

Meanwhile, I saw other patients being prioritized only after they shouted at staff. No support from the nurses, manager, or doctor, completely unprofessional and careless. I will never visit this hospital again",2 months ago
Aster_Hospital_Mankhool,5.0,Aster staff are very friendly and accommodating. Specially Mr Miko in gynecology reception. He help my friend to meet Dr khushbu.,3 days ago
Aster_Hospital_Mankhool,5.0,"Exceptional Cardiologist – Dr. Sachin Upadhyaya

I had the privilege of being treated by Dr. Sachin Upadhyaya, and I can confidently say that he is one of the most professional, knowledgeable, and compassionate cardiologists I have ever come across. From the very first consultation, Dr. Sachin took the time to listen attentively, explain everything in detail, and ensure I was completely informed and comfortable with the treatment plan.

His expertise in cardiology is evident, and what truly sets him apart is his humble and patient-centered approach. He doesn’t rush through appointments and genuinely cares about the well-being of his patients. His calm demeanor, accurate diagnosis, and clear communication helped me feel reassured and in safe hands throughout my treatment.

I highly recommend Dr. Sachin Upadhyaya to anyone seeking a dedicated and trustworthy heart specialist. With doctors like him, the healthcare system truly feels compassionate and effective. Thank you, Dr. Sachin, for your outstanding care!",4 months ago
Aster_Hospital_Mankhool,5.0,"An absolute fantastic treatment. The entire nursing team attended to me with excellent care and attention during my stay, since Friday evening at the day surgery care ICU and ward. The Dr's and esp the entire Nursing team were very professional and caring.",Edited a month ago
Aster_Hospital_Mankhool,5.0,"Excellent experience at Aster Hospital – Mankhool.
I visited the Asteroid Clinic yesterday during an emergency, and Dr. Asma was incredibly supportive and attentive throughout the entire process. She made me feel safe and well cared for during a stressful moment. The staff was efficient, professional, and kind.
Great service — highly recommended.",2 weeks ago
Aster_Hospital_Mankhool,5.0,"A very good hospital with best staffs.I would like to thank Dr Aysha salam for her best treatment for me .and also apart from that when I was admitted, the 5th floor nurses were very caring always be there on time whenever we need any help.especially I want to thank one nurse sister arum I dnt knw her full name .really she was so helpful for me for each n everything I need..even we had a very good experience at aster hospital.everything was so neat and well organized..a Big thanks to God and all the amazing team",a week ago
Aster_Hospital_Mankhool,5.0,"The experience at Aster Mankhool was exceptional, with the staff, particularly Rhea at reception, providing invaluable assistance throughout the process. I highly recommend seeking out this level of support.",a week ago
Aster_Hospital_Mankhool,5.0,I’ve done my executive annual check-up here in Aster Mankhool. It’s a very good and smooth experience. Special thanks to Mr. Ridouan for the support and guidance during the check-up.,9 months ago
Aster_Hospital_Mankhool,5.0,"When we went there, they at assisted us is very well and they are too helpful and their people is all all all is too much good. Doctor also is too good nurses everyone is for the helping and they will make you relax. Also, you have to go there.",a month ago
Aster_Hospital_Mankhool,5.0,"Thanks Aster Mankhool Team,

Great hospitality from the Nursing team and the doctors. Delivery of my baby was very smooth and we were handled with care by Nurse team.
Sister Chaitin was helpful and caring.",a month ago
Aster_Hospital_Mankhool,5.0,"""I recently visited Aster Clinic and had a great experience. The treatment was good, and what impressed me the most was the friendliness of the staff. Everyone was approachable and made me feel at ease. I'd definitely recommend Aster Clinic for quality care and excellent customer",a week ago
Aster_Hospital_Mankhool,5.0,"Great experience and good care .. timing, management superb. mufaseena good working  and knowledgeable person common people can understand easily",a week ago
Aster_Hospital_Mankhool,5.0,Dr. Sejal is really helpful and all the nurses! Thank you so much for taking good care of me.,a week ago
Aster_Hospital_Mankhool,5.0,Ms rani from customer service gave a welcoming and she is excellent. She always has a smile on her face & attends patients very politely and listen and very well explains when u are first time visiting the hospital and also she was going extra mile and helping others,2 months ago
Aster_Hospital_Mankhool,5.0,Very patient friendly hospital. Dr. Balasaheb is take care of me good doctor. Also appreciate ms Cinol for helping me a lot during my visits,a month ago
Aster_Hospital_Mankhool,5.0,Everything was good all staff were kind they really assist you until you finished. Environment also was clean. Thank you 🌟🌟🌟🌟🌟🌟🌟,a month ago
Aster_Hospital_Mankhool,5.0,"Visited Dr Sukumaran Pediatrician at Aster Mankhool for my baby girl. had good service right from the counter tuntil the consultation provided by Dr Sukumaran.
Happy with the hospital service.",3 weeks ago
Aster_Hospital_Mankhool,5.0,"Good communication and adviced from
MRI  technologist  ajesh athira teena and receptionsist. Excelent experinece for my mei scan done at aster mankhool.",Edited a month ago
Aster_Hospital_Mankhool,5.0,"I want to express my sincere appreciation to the entire CCU team at Aster Mankhool for their exceptional care and professionalism. The nurses were incredibly attentive, compassionate, and patient — always ensuring comfort, timely medication, and clear communication. Their dedication and kindness made a difficult time much easier for both the patient and our family.

A special thanks as well to the Dr. Naveed for the thorough explanations, quick decisions, and reassuring guidance throughout the treatment. The level of expertise, empathy, and teamwork in the CCU is truly commendable.

I am deeply grateful for the excellent care provided — it made all the difference. Highly recommended to anyone in need of critical care with a human touch.",3 weeks ago
Aster_Hospital_Mankhool,5.0,We had an amazing visits in pediatric dept thanks to all staffs and doctors. Thank you Ms carolyn for assisting us.,a week ago
Aster_Hospital_Mankhool,5.0,Excellent customer service ms Cinol. All staffs are dedicated in their services.  Opd is well organized for patients,2 weeks ago
Mediclinic_City_Hospital,5.0,"We would like to express our deepest gratitude for the exceptional care we received during our recent hospitalization at Mediclinic City Hospital.

From the moment we arrived at the Emergency Room, we were met with professionalism, efficiency, and warmth. The receptionists were already amazing – setting the tone for what turned out to be a truly reassuring experience for our family.

Every step of the journey, from ER to the pediatric ward, was marked by kindness, attentiveness, and high-level expertise. The pediatric ward especially stood out – not only for its thoughtful design (we truly appreciated the fully enclosed elevator area for the children’s safety), but also because the rooms felt like a Legoland hotel! It made our stay less stressful and more comforting for both us and our child.

Our treating doctor was intelligent, calm, kind, and most importantly – a great listener. We felt genuinely heard and cared for. The nurses were phenomenal – so responsive and proactive that I didn’t even realize when my son called them; they were just instantly there. We would especially like to thank Nurse Daisy, Nurse Jaquelyn, Nurse Gian, and our nurse on October 14 (apologies for not catching your name!), as well as the pretty nurse whose name I unfortunately forgot – your compassion and dedication made all the difference.

A special mention also goes to the housekeeping and kitchen staff, who were incredibly attentive and generous. The food was delicious – it honestly felt more like a staycation than a hospital stay! The security personnel and front desk staff were always kind, helpful, and respectful.

We are so grateful for the care provided to our son and will wholeheartedly recommend Mediclinic City Hospital to all our family, friends, and anyone reading this.

More power to Mediclinic City Hospital – thank you for everything. - Mom of patient in Room 206 admission date 13-15 October 2025",3 weeks ago
Mediclinic_City_Hospital,5.0,"Brilliant experiences with Mediclinic across Dubai. On this occasion I was submitted into hospital for IV treatment and the doctors and nurses help to make the short stay relaxing. The facilities and room are what one would expect in a good quality Hospital.
I would have no hesitation in recommending treatment or hospital stays at Mediclinic facilities.",a month ago
Mediclinic_City_Hospital,5.0,"I can’t thank Dr. Kavita Goswami enough for the incredible care and support she gave me throughout my pregnancy and delivery. I was extremely sensitive to pain and initially planned for an elective C-section, but her calm reassurance, confidence, and compassion gave me the courage to try for a normal delivery.

She guided me every step of the way, patiently addressing all my fears and ensuring I felt safe and supported during labour. Thanks to her encouragement and expertise, I ended up having a beautiful, positive vaginal birth experience — something I never thought I could do.

I’ll always be grateful for her kindness, patience, and gentle motivation that made my delivery such a memorable and empowering journey. Truly the best gynaecologist I could have asked for! 💖

Special thanks to my midwife Linda who was extremely patient and supportive .

Thanks to Celine for all the smiles and encouragement.

It was our best decision to choose this hospital and this wonderful gynaecologist .",a week ago
Mediclinic_City_Hospital,5.0,"A truly wonderful experience at Mediclinic Maternity Department!

From the very beginning of our journey, the team at Mediclinic Maternity made us feel cared for, supported, and safe. Every single person we met went out of their way to make this special time in our lives even more memorable.

A special thank you to Dr. Kavita and Dr. Shantala for their exceptional care and constant follow-up during the most crucial stage of high-risk pregnancy. Your expertise, reassurance, and compassion gave us the strength and confidence we needed during those difficult weeks.

Heartfelt gratitude to the Emergency Labour Ward team for their incredible patience and kindness while performing CTG monitoring for over a month — your gentle reassurance and warm smiles made those visits so much easier.

To the amazing NICU team, thank you from the bottom of our hearts for taking such wonderful care of our little princess. Knowing she was in such loving and professional hands gave us immense peace of mind.

And finally, to the Postnatal team, thank you for your constant care, guidance, and encouragement after delivery. Your warmth and support made a world of difference in my recovery and transition into motherhood.

We are forever grateful for the love, dedication, and professionalism shown by everyone at Mediclinic. You truly made our maternity journey a beautiful, safe, and comforting experience. Highly recommend Mediclinic Maternity Department to all parents-to-be! 💕

Thank you all from the bottom of our hearts. 🙏 💖",4 days ago
Mediclinic_City_Hospital,5.0,"I have been seeing Dr Valentina Giaccaglia for several years and I could not be more grateful for the care she has given me. She knows me and my condition incredibly well, and from the very beginning she has always been caring, kind and deeply compassionate. Dr Giaccaglia consistently made time to listen, explain and reassure me, which brought real comfort during challenging moments.

She is exceptionally smart and truly knows her skill, yet she pairs her expertise with genuine humanity. I have always felt understood, respected and treated with complete dignity. Her sympathy, patience and professionalism made a world of difference to my experience.

It is rare to find a doctor who cares so deeply and remembers not just the condition but the person behind it. I trust her completely and recommend Dr Valentina Giaccaglia without hesitation. I am sincerely thankful for everything she has done for me over the years.",a week ago
Mediclinic_City_Hospital,5.0,"I am great full to mediclinic city hospital for providing us the best care and exceptional professional services.
Some names we cant forget:
Dr Kavitha Goswamy
Dr Shanthala vadayar
Nurses & midwives:-Akanesia,Nita,Christina,Charina,Hanan,
Maya,and other OT staff who assisted us with utmost care.

From our first consult to post-delivery follow-ups, Dr. Kavitha Goswamy was exceptional.
At the stage of pregnancy , she quickly identified Natasha’s  weight drop and gave us clear, practical steps to fix it—no drama, just evidence-based advice that worked.

She performed my wife’s  delivery with precision and calm, kept us fully informed, and checked in proactively. Thanks to her guidance, my wife’s recovery has been smooth. We’re deeply grateful for the care and confidence Dr. Kavitha brought to every stage.",Edited 4 days ago
Mediclinic_City_Hospital,5.0,"I would like to extend my heartfelt gratitude to the medical team who attended to me during my emergency visit on Sunday night, October 19, around 9:30 PM.

From the moment I arrived, I was assisted with care and patience. A Filipino female staff member attended to me with exceptional kindness and understanding. The doctor on duty, a male Arab (possibly from Sudan), displayed remarkable professionalism and patience, explaining my condition clearly and even taking the time to explain everything to my husband.

The Indian nurse who cared for me was attentive, respectful, and considerate, ensuring I was comfortable and assisting me when I needed to go to the restroom. The CT scan procedure was handled by a Filipino operator, and there were two Filipino female nurses on duty as well.

The entire team of Dr. Elrasheed Salih, Filipino nurse, and Indian nurse, worked together with dignity, dedication, and genuine compassion. Both my husband and I were deeply touched by the kindness and professionalism of everyone involved.

If possible, I would greatly appreciate it if you could help me find the other names of the team members to please, extend my gratitude to them.

Thank you once again for the exceptional care and compassion shown.",2 weeks ago
Mediclinic_City_Hospital,5.0,"I wanted to take a moment to express my deepest gratitude for the exceptional care and support you’ve provided. Your expertise and kindness have truly made a difference in my journey, and I am incredibly thankful for the dedication and professionalism you’ve shown.
Dr. Eliane younes & Dr.Ramzi , your knowledge and guidance have been invaluable, and I’m so grateful for the thoughtful way you’ve approached treatment.
And special thanks to Nurse Aiswarya Roy , your compassion and attentiveness have been a source of comfort, and I truly appreciate all the little things you do that make such a big difference.
Thank you all for going above and beyond.

With sincere appreciation",2 weeks ago
Mediclinic_City_Hospital,5.0,"I want to express my heartfelt gratitude to the entire team at the PICU in Mediclinic City. From the moment we arrived, the care, professionalism, and compassion shown by everyone made such a difficult time so much easier. The doctors were incredibly thorough and attentive, and the nurses went above and beyond to make sure our little one was comfortable, safe, and cared for around the clock.

A very special thanks to Nurse Carlos, whose kindness, patience, and dedication truly stood out. His gentle approach, reassuring words, and constant attention made all the difference for both our child and our family. We felt genuinely cared for and supported every step of the way.

Thank you to the entire PICU team for the incredible work you do every day — you are real heroes. 🌟",2 weeks ago
Mediclinic_City_Hospital,5.0,"I would like to express my sincere appreciation to Dr. Gagan Wahi, Radiology Specialist. He is very accommodating- despite having a full schedule, he still made time for my ultrasound. So kind and warm. Thank You, Lord,  bless  him with such compassion.

A heartfelt thanks as well to Nurse Jane and to our fellow kabayan - you know who you are.",3 weeks ago
Mediclinic_City_Hospital,5.0,"To: The Management of Mediclinic City Hospital
Subject: Appreciation for Dr. Shravan Tirunagari

Dear Management Team,

I would like to extend my sincere gratitude and heartfelt appreciation to Dr. Shravan Tirunagari, Pain Management Specialist at Mediclinic City Hospital, for his exceptional care and dedication throughout my treatment.

Dr. Shravan has demonstrated outstanding medical expertise, professionalism, and compassion that truly reflect the high standards of your institution. His continuous support and deep understanding of my condition have made a remarkable difference in my recovery and quality of life.

I believe Dr. Shravan Tirunagari is one of the most skilled and dedicated specialists in the country, and he truly represents the excellence and integrity that Mediclinic stands for. I kindly request that his remarkable efforts and contribution be recognized and appreciated by the hospital’s management.

Thank you to Mediclinic City Hospital for having such an exceptional doctor on your team, and for maintaining such a high level of care for your patients.

With great respect and appreciation,
Saeed Bin Hendi Al Mheiri",2 weeks ago
Mediclinic_City_Hospital,5.0,"I am so grateful to Dr. Ahmad Yacob (Orthopaedic Specialist) his exceptional team, including Mr Asad and Ms Glade, for their outstanding care and professionalism throughout my little finger surgery and recovery. From my initial consultation to post-surgery follow-up, Dr. Yacob's expertise and attention to detail gave me full confidence in the process. Ms Glade and Mr Asad provided warmth, support, and efficient coordination, making every stage comfortable and reassuring. The team’s thorough explanations, genuine empathy, and commitment to patient well-being made a stressful procedure much easier to navigate. I highly recommend Dr. Yacob and his team for anyone seeking excellent orthopaedic care.",a week ago
Mediclinic_City_Hospital,5.0,"I would like to express my deepest appreciation for Dr. Deeb Kayed, who has been my neurologist for several years. Throughout this time, he has shown exceptional professionalism, compassion, and dedication to his patients.

Dr. Kayed has always been there whenever I needed him—responding quickly, offering clear guidance, and ensuring I receive the best possible care. He takes the time to listen, explain, and support me in every step of my treatment journey. His commitment to staying up to date with the latest medical advancements gives me great confidence that I’m always receiving the most effective and modern treatment options available.

He truly cares for his patients not only medically but also emotionally, making me feel safe, understood, and well taken care of. I am sincerely grateful for his expertise, kindness, and continuous support. Without a doubt, he is one of the best neurologists I have ever met.
Mediclinc you are so lucky having such Doctor",4 weeks ago
Mediclinic_City_Hospital,5.0,"I have to thank the entire NICU team at Mediclinic City Hospital for saving my precious babies. My twin baby girls came earlier into the world and it was with the dedicated care of the NICU doctors and nurses - my babies’ guardian angels that we were able to bring them home.

The twins‘ stay at the NICU was about 5 weeks and everyday I would go there and find the nurses positive, encouraging and ever helpful. they showed us great kindness every day - from taking amazing care of our babies to talking and guiding us every step of the way. The only way I was able to leave my babies every day was because of their guardian angels - the NICU nurses and doctors taking care of them night and day. Even though hospitals are usually gloomy this NICU became my second home and the team like my family. They showed the same attention, kindness and love to my babies as they would to their own children 🥹

I wish I could name every single nurse but the entire team under Dr Abdelazeim, Dr Bharathi, Dr Ahmad, Dr Manal and the brilliant nurses - Jolanta, Baimon, Shiji, Blessie, Emee, Deepa, Sawmya, Josna, Bhavya, Mary Car, Ruby Anne, Charnie, Mary Grace, April, Ruby Anne, Katrina, Anila, Shiny, Elby, Rowena. I apologize if I may have missed anyone but huge thanks to the entire team, I owe them all my kids heathy and safe return home.

the team even celebrated the twins graduation from the NICU by arranging a graduation party for us and several photography sessions throughout our stay ☺️❤️

Words cannot truly do justice but an eternity of gratitude for the brilliant NICU team!

With love,
Parents of Alayna & Amyrah",7 months ago
Mediclinic_City_Hospital,5.0,"I had a great experience with Dr. Paolo Cellocco and his nurse. The doctor gave thorough attention to my problem, listened carefully, and explained everything clearly. The nurse was helpful and attentive, and I appreciated that they could do an X-ray on the spot — it made the whole visit efficient and convenient. A very professional and caring team. Highly recommend!",a week ago
Mediclinic_City_Hospital,5.0,"To the entire team on the 6th floor Maternity Unit (midwives, nurses, cleaners, and all staff); Thank you from the bottom of my heart for your exceptional care. Every single member of the team was professional, kind, and made my experience so much better.
A special thank you to Corazon. Your big smile, constant kindness, and professionalism made such a difference.
I am truly grateful for your wonderful service.
Additionally, to the dedicated and passionate NICU team on the 5th floor; Thank you for your tireless work. It is clear that you are passionate about your job, and we saw how that passion helps the babies become stronger every day. Your willingness to listen and be there for emotional support or physical support with our baby during day or night meant the world to me!
MCH, your maternity and NICU teams are the absolute best! You should be so proud of the incredible people you have working on the 6th and 5th floors.
Thousands of thanks again!",a week ago
Mediclinic_City_Hospital,5.0,"I would like to sincerely thank the entire team at Mediclinic City Hospital for the excellent care and service I received during my delivery.
A special thanks to Dr. Chandan Tikoo from Mediclinic Dubai Mall for her expert guidance and support throughout my pregnancy — her regular check-ups and kind approach truly put me at ease.

My delivery experience at Mediclinic City Hospital was very positive. I felt supported every step of the way by Dr. Chandan, the midwives — especially Titila — and the rest of the staff. They consistently checked on me and my baby, ensured meals and medications were given on time, and were always available to help. As a new mom, the nurses not only cared for me but also taught me what I needed to know to start this new journey with confidence.

On the day of my discharge, Litty clearly explained all medications and the next steps, which I truly appreciated. A few days later, we also visited lactation consultant Somaya Rasooli, whose advice and support were incredibly helpful for both me and my baby.

Thank you to the entire Mediclinic team for your dedication, kindness, and timely care — from pregnancy to motherhood. I’m so grateful for everything you’ve done to support me during this important time in my life.",a month ago
Mediclinic_City_Hospital,5.0,"I had a wonderful experience with Dr. Mohammed Ansary, Family Medicine Consultant Physician at Mediclinic City Hospital. Despite not having an appointment, he kindly made time to see me. As someone new to Dubai, I truly appreciated his professionalism, warmth, and understanding. Dr. Ansary, who trained in the UK, was incredibly thorough and attentive, he listened carefully, explained everything clearly, and made sure I felt completely comfortable throughout. I left very happy and confident that I’ve found a doctor I can truly trust. He’s 100% going to be my go-to doctor from now on!",2 weeks ago
Mediclinic_City_Hospital,5.0,"Hello, my name is Kemal,
and I want to deeply thank the best doctor ever Dr. Roger Gerjy for his incredible care, professionalism, and talent.
I have Crohn’s disease, and he performed a robotic colon surgery for me at Mediclinic.
The surgery was a complete successfully, I started walking on the second day, and by the sixth day, I was walking normally with no pain or complications.

Dr. Gerjy is a truly talented doctor who cares deeply for his patients. He visited me many times every day, always checking on me personally and encouraging me to recover faster. His kindness, dedication, and attention made a huge difference in my healing.

I also want to thank his amazing medical team, the nurses, and the entire Mediclinic Hospital for their outstanding care and support.

Thank you, Dr. Roger Gerjy — you are truly the best, and I will always be grateful for what you’ve done for me. <3",2 weeks ago
Mediclinic_City_Hospital,5.0,"Dr. Kavita Goswami provided exceptional care and support during one of the most difficult times of my life — my ectopic pregnancy. From the moment of diagnosis to the successful completion of the surgery, she showed incredible professionalism, empathy, and skill. Her ability to clearly explain the situation, answer all our questions with patience, and guide us through every step gave me and my family a sense of comfort and trust during a very overwhelming time.

Beyond her surgical expertise, what stood out most was her genuine compassion. Dr. Kavita went above and beyond to check on my emotional well-being, not just my physical recovery. She made sure my family felt involved and reassured throughout the process, which made a world of difference. We are truly grateful for her care, and I would wholeheartedly recommend her to anyone in need of a doctor who combines medical excellence with heartfelt support.",a month ago
Mediclinic_City_Hospital,5.0,"I couldn’t be happier with Dr. Ansary! He’s one of those rare doctors who truly listens, takes his time to understand every concern, and explains everything with care and clarity. His calm energy and genuine compassion make every visit feel comfortable and reassuring. I always leave feeling well taken care of and confident in the treatment plan.

It’s clear that Dr. Ansary is dedicated to his patients’ wellbeing — not just physically, but emotionally too. I’m so grateful to have found such a knowledgeable, kind, and trustworthy general doctor. Highly recommend him to anyone looking for exceptional medical care!",3 weeks ago
Mediclinic_City_Hospital,5.0,"Dr. Sangeetha has been an amazing support throughout our 9 months of pregnancy. She’s warm, encouraging, and always takes the time to explain everything clearly. She truly felt like family to us, and with her expert guidance, our baby girl arrived perfectly healthy. My wife had a very smooth delivery.
Couldn’t have asked for a better doctor! ❤️",2 weeks ago
Mediclinic_City_Hospital,5.0,"Our first child was welcomed at City Hospital by Dr. Kavita Goswami. As mentioned on her bio on the hospital site , she is easy going , kind hearted and warm in nature . Our experience  was truly awesome , right from detection of pregnancy with her. She made sure that all our concerns and all your queries gets addressed effectively during this  journey of nine months . We are thankful to her for bringing our beautiful child safely in this world by using her skills , experience and her intelligence .

In addition , other doctors who carried out fetal scans , or anesthetists or whom we could able to see only after delivery (pediatrics, lactation consultant etc.) were also generous and supportive . Mid wives, nurses and administrative staff played important role during role and they had carried out their tasks smoothly and efficiently .

In short , words and adjectives are running short to describe about this wonderful experience . We don’t even have to remind or follow up with any of the staff in the hospital during pregnancy . Each and every tasks was very well planned and organized by the hospital staff and administration.

As promised to Dr.Kavita, we will definitely plan our next pregnancy under your medical supervision only .

Thanks Dr.Kavita, Louis and Mediclinic City Hospital for this beautiful experience.",5 months ago
Mediclinic_City_Hospital,5.0,"I had a V-NOTES surgery at Mediclinic City Hospital for adenomyosis and fibroids, and I couldn’t have asked for a better experience. Dr. Kavita Goswami was absolutely outstanding, knowledgeable, skilled, and genuinely compassionate.

Before the surgery, I was anxious and unsure about what to expect, especially after years of dealing with painful symptoms. From the first consultation, Dr. Kavita took time to explain everything clearly and helped me understand that V-NOTES would allow for a minimally invasive, scar-free surgery while conserving my ovaries. The surgery went beautifully, and my recovery was incredibly smooth — I was up and walking within a day and felt like myself again far sooner than expected.

What impressed me most was not only her surgical expertise but also the compassion and reassurance throughout the process. The whole Mediclinic City Hospital team — from the nurses to the anesthetist — were kind, professional, and attentive.

I am so grateful to Dr. Kavita Goswami and the team for giving me such an excellent outcome and a positive experience. I would highly recommend Dr. Kavita to anyone considering V-NOTES or any gynaecological surgery or treatments.",3 weeks ago
Mediclinic_City_Hospital,5.0,"I had a wonderful experience with Dr. Jennifer George at Mediclinic City Hospital, Dubai. My daughter was born with low birth weight, and Dr. Jennifer was incredibly kind, calm, and reassuring. She took her time to explain everything clearly, checked my baby so gently, and gave me the confidence and guidance I needed to help her gain weight.

My other daughter was also born preterm, and that journey was very difficult. I didn’t receive the proper care or support back then, and her weight gain was a real struggle. It’s all in God’s hands, but I truly wish I had found Dr. Jennifer earlier. She made such a big difference this time not just medically, but emotionally as well.

She also looks after all my kids now, and every time she’s patient, sweet, and very thorough. After some disappointing experiences with other pediatric and NICU doctors, meeting her has been such a blessing. She’s truly excellent at what she does and genuinely cares for both the baby and the mother. Highly, highly recommend her to any parent, especially those with premature or low birth weight babies.",2 weeks ago
Mediclinic_City_Hospital,5.0,"Heartfelt Thanks to Mediclinic City Hospital (PICU)

My 4-year-old son Abhijay was admitted to the PICU 4 at Mediclinic City Hospital from October 18th to 23rd, 2025. Those days were some of the hardest moments of our lives — seeing our little boy unwell and feeling helpless as parents was truly painful.

But in those difficult days, we found comfort and hope in the hands of the amazing doctors and nurses at Mediclinic. Especially the duty nurses — they are nothing short of angels sent by God. The way they cared for my son, the gentle words, the patience, and the way they handled everything with so much love and professionalism — it truly touched our hearts.

They treated our child not just as a patient, but with the same care and affection as if he were their own. Every smile, every comforting word, every sleepless night they spent caring for him meant the world to us.

From the bottom of our hearts, we want to say thank you to each and every one of you. Your kindness, dedication, and compassion will always be remembered.",2 weeks ago
Mediclinic_City_Hospital,5.0,"I have been a patient of Dr. Valentina Giaccaglia over several years for a chronic issue, which eventually needed to be fixed through surgery.
I highly recommend Dr Valentina as she is a very professional and knowledgeable doctor. At the same time, she is caring and empathetic, always patient and attentive to my concerns.
At each appointment Dr. Valentina took ample time to listen to my issue and to thoroughly check. She started with a conservative approach for the issue, and proceeded with recommending minimally invasive surgery since the issue was reoccurring.
Surgery went great, as well as the recovery after. Dr. Valentina was very reassuring, before and after, which removed a lot of the anxiety that would usually come with having to go through a surgery. She was available to attend to any concern post surgery via messages to which she replied swiftly.
It was great to be treated by Dr. Valentina as she is a great doctor and a great human, above all.",a month ago
Mediclinic_City_Hospital,4.0,"We had a very positive experience with medical care and the labor and delivery ward for the birth of our child. The midwife in particular was kind, patient, and made us feel taken care of, more than just another patient or task in her day. The new delivery rooms were nice and we felt like we had all options needed for a good birth experience.

Overall the hospital bureaucracy and layout can still be confusing, but we were very happy with the midwives and delivery experience.",5 days ago
Mediclinic_City_Hospital,5.0,"The ER team is beyond what words can relay!

First, the legendary Dr. Anzal Rehman…

Thank you from the bottom of my heart for your amazing, culturally-sensitive, humble, knowledgeable, and well-planned approach to my mother’s case.

As a physician, I can see any thought processes taking place in a healthcare giver’s mind when counseling the patient and their family, and Dr. Anzal Rehman is definitely top-tier!

Although both my mother and I are physicians (and haven’t disclosed it till the end of initial counseling session), he avoided medical jargons and followed every exact (100% Mark) communication skill and clinical approach guideline.

I cannot recommend him enough!
He will definitely be reaching high hills in his field and is also an optimal candidate for teaching medical students, interns, residents, and other physicians how to truly approach a patient!

And don’t get me started on the Triage’s RN Anna Sheryan and the ER’s RN Ana Badajos! They were both extremely empathetic, kind, gentle, and efficient!

They wasted no time in recognizing my mother’s category, transporting her to the room, positioning her, starting her primary survey, putting her on oxygen, and have worked in harmony like merciful bees in a hive!

I’m writing this on the spot, as I am truly impressed by the team!

If you need to seek medical care, look no further than Mediclinic City Hospital in Dubai Healthcare City! The whole team is amazing, and if you happen to encounter the heroes in my tale, well then, you just got a double-win!",2 months ago
Mediclinic_City_Hospital,5.0,"The staff at Mediclinic are truly accommodating and welcoming. I recently had my birth experience at MCH, and everything went smoothly—from doctor check-ups to delivery. Special thanks to the wonderful team who took care of me during my C-section, especially my OB, Dr. Kavita, for ensuring a safe and smooth delivery.

I’m also deeply grateful to the NICU team for looking after my baby during the two days of observation, as well as the Postnatal Ward team—from the attentive nurses to the room service staff—for their exceptional care. Despite ongoing renovations in some areas, it never affected patient comfort, which speaks volumes about their dedication. Kudos to everyone for making this journey such a positive experience!",a month ago
Mediclinic_City_Hospital,5.0,"I had a shoulder surgery here last week and the whole experience was excellent. From the smooth admission process to the comfortable and clean room, everything was handled with great care. The doctors and nurses were attentive, professional, and genuinely supportive throughout my stay. Even the meals and overall hygiene of the private room exceeded my expectations. Recovery went well, and I felt truly well looked after during the overnight stay. A special thank you to my surgeon, Dr. Ahmed Yacoub, for his exceptional care and skill.",a month ago
Mediclinic_City_Hospital,5.0,"I have been going to Mediclinic City Hospital. for my follow up check-ups. As a history I had to undergo a brain procedure where they had to insert a flow diverter stent in my right carotid artery. This will avoid  the artery from rupturing thus preventing stroke. Dr. Kassem El Shunnar is the best in his field. He was able to give me a very clear explanation about the status of my stent and its progress. He is very caring and intentional to his patients. I would also thank his nurse Ms. Lerma for also assisting my needs and even calling me to update on my requests. They also have the best Neuroradiologist Dr. Rosario Papa. He handled my case with utmost professionalism and genuine care. Very skilled in his chosen craft.

And of course how could II forget my Nephrologist Dr. Imane Guermah. From the time I met her and took my case we felt her genuine care and love. She is very intentional checking on me by whatsapp messaging my wife. Checking my BP, food intake and even my sleep. She already made a plan on how to take care of my kidneys. And did I mention that it was through her initiative to get my brain MRI  that the aneurysm in my brain was found out and was treated. That shows her tremendous knowledge about her chosen field. She gave us inspiration to even train my eldest daughter to be a Nephro like her.

Everyday I thank God for these people who are taking good care of me. Grateful to have met them and very happy with the care they are giving me. God bless you all.

No photos due to confidentiality. 😊",3 months ago
Mediclinic_City_Hospital,5.0,"I truly appreciate the incredible care and dedication shown throughout my daughter’s surgery. From the moment we arrived, the team welcomed her with smiles and positivity, helping her walk into the operating room feeling calm and reassured. Even after the procedure, the staff remained attentive and supportive, always available for any treatment she needed.

A special thank you to Dr. Yasser Abdul Razzak for his continuous follow-up and unwavering support. His presence and availability at every stage meant a great deal to our family.",a month ago
Mediclinic_City_Hospital,5.0,"I have to thank the entire NICU team at Mediclinic City Hospital for saving my precious babies. My twin baby girls came earlier into the world and it was with the dedicated care of the NICU doctors and nurses - my babies’ guardian angels that we were able to bring them home.

The twins‘ stay at the NICU was about 5 weeks and everyday I would go there and find the nurses positive, encouraging and ever helpful. they showed us great kindness every day - from taking amazing care of our babies to talking and guiding us every step of the way. The only way I was able to leave my babies every day was because of their guardian angels - the NICU nurses and doctors taking care of them night and day. Even though hospitals are usually gloomy this NICU became my second home and the team like my family. They showed the same attention, kindness and love to my babies as they would to their own children 🥹

I wish I could name every single nurse but the entire team under Dr Abdelazeim, Dr Bharathi, Dr Ahmad, Dr Manal and the brilliant nurses - Jolanta, Baimon, Shiji, Blessie, Emee, Deepa, Sawmya, Josna, Bhavya, Mary Car, Ruby Anne, Charnie, Mary Grace, April, Ruby Anne, Katrina, Anila, Shiny, Elby, Rowena. I apologize if I may have missed anyone but huge thanks to the entire team, I owe them all my kids heathy and safe return home.

the team even celebrated the twins graduation from the NICU by arranging a graduation party for us and several photography sessions throughout our stay ☺️❤️

Words cannot truly do justice but an eternity of gratitude for the brilliant NICU team!

With love,
Parents of Alayna & Amyrah",7 months ago
Mediclinic_City_Hospital,5.0,"Dr Sangeeta at Mediclinic city hospital is not only highly qualified but also very passionate about her job. It shows through her work, she deeply cares for her patients and in a very calm and confident manner handles any situation which is very important if you have been told you have a high risk pregnancy. The way she delivers the fetal scan reports without causing panic or fear is very important to stay positive throughout your pregnancy. She makes sure to double check every detail. She is also very up to date with the latest research.The whole experience of C-section was pain free and recovery was very smooth and post surgery she regularly checked in to ensure the baby and I were doing fine and there was no concern with the baby or discomfort for me. Overall she played a pivotal role throughout my pregnancy journey as well as postpartum",a month ago
Mediclinic_City_Hospital,2.0,"Complaint Regarding Decline in Service Quality at Mediclinic City Hospital

I have been a loyal patient at Mediclinic for over four years. In the past, my experience was excellent, and I trusted your services fully. Unfortunately, over the last two years, the quality of care at City Hospital has declined significantly. I am compelled to raise the following concerns:

1. Misdiagnosis and Negligence (Husband’s Case)
Two years ago, my husband visited the hospital due to bleeding. After a check-up, the doctor concluded that “all is fine.” Recently, we discovered he has gallbladder stones, which by now have grown so large they cannot be dissolved. This represents a clear case of medical negligence. Despite submitting a formal complaint, the representative who contacted us excused and defended the doctor instead of acknowledging responsibility. Until today, no corrective action has been taken.

2. Emergency Visit – Broken Sample and Lack of Communication
I visited the emergency department with severe pain, fever, and diarrhea. I was discharged and asked to leave stool samples for testing. After 15 days, during another appointment, I was informed that the test results never came out because the sample containers were broken. No one contacted me to inform me of this failure, leaving my condition untreated and unresolved.

3. Influenza Diagnosis – Missing Critical Prescription
Two days ago, I was admitted again with 40.2°C fever, chest pain, cough, headache, and body pain. I was diagnosed with influenza, and the doctor clearly stated Tamiflu would be prescribed. However, upon reviewing my medications later, I realized Tamiflu was never given — despite being the primary treatment for influenza. This is a serious error that put my health at risk.

4. Pediatrician department
We came running with our baby with high fever to see if we can get a walking appointment, Pediatrician replied to us: ""go to emergency because I am in a photo shooting right now"" in this a proper and professional answer?

5. General Decline in Patient Care
While there are a few excellent doctors who truly care for their patients, many others appear to treat patients as tasks, without empathy or proper attention. Often, patients feel rushed or dismissed instead of being properly heard. This mechanical, “robotic” approach is very concerning, because we aren't taking this health service for free,  through our insurance a lot of money has been paid.

6. Cultural Representation of Staff
Given Dubai’s multicultural environment, I strongly recommend Mediclinic consider hiring more doctors and nurses from diverse nationalities. Patients often feel more comfortable expressing sensitive issues in a culturally familiar environment, which would improve trust and satisfaction.

These repeated incidents reflect a pattern of negligence, poor communication, and lack of accountability. Mediclinic was once a trusted name for my family, but my recent experiences at City Hospital have left us deeply disappointed and concerned for our safety as patients.

I urge you to take immediate corrective action, investigate these cases properly, and ensure higher standards of patient care are restored. Otherwise, you risk losing the trust of long-standing patients like myself.",a month ago
Mediclinic_City_Hospital,5.0,"I visited doctor Mohammed Ansary, city hospital. last week because I was experiencing some strange physical changes and symptoms that I suspected might be related to anxiety. He listened carefully, asked the right questions, and made sure to run all the necessary tests to rule out anything serious.

When my results came back, he didn’t just tell me it was anxiety and send me off — he took the time to discuss how I wanted to approach my healing journey. He explained everything clearly, encouraged me to stay committed to my wellbeing, and made sure I understood every step.

He’s very knowledgeable, compassionate, and genuinely cares about his patients. I really appreciated his thoughtful, supportive approach. Highly recommended",3 weeks ago
Mediclinic_City_Hospital,5.0,"I would like to commend Dr. Natasha Shah, one of the best doctors I have ever interacted with here in Dubai. She is very easy to talk to, genuinely empathetic, and it is clear that she truly cares for her patients. I also wish to express my appreciation to the rest of the Mediclinic team who assisted me — Ms. Apple, Ms. Jena, Ms. Luz, and Ms. Kristine — who conducted my ultrasound with great professionalism. They were very attentive, pleasant to talk to, and made the entire experience comfortable. Thank you for your outstanding care and service.",a month ago
Mediclinic_City_Hospital,5.0,"We are truly grateful to Ms. Kameela Fortune, Physiotherapist for being a great support throughout my husband’s recovery journey. Her spontaneous ability to identify the root of the problem and her exceptional skills in resolving it made a remarkable difference. Her reassuring words and guidance gave us the strength and confidence we needed during the healing process. We’re really glad we found her — she’s truly dedicated, knowledgeable, and compassionate. It was a wonderful experience, and we highly recommend her to anyone seeking expert physiotherapy care.",4 weeks ago
Mediclinic_City_Hospital,5.0,"Excellent experience. Came in to the City Hospital branch with flu symptoms and was seen quickly. Swab test results were ready in about an hour. Dr. Mohammed Ansary was personable, thorough, and gave clear, practical medical advice tailored to my needs. Highly recommended for efficient and professional care.",a week ago
Mediclinic_City_Hospital,5.0,"I had a wonderful experience delivering my first baby at this hospital.
Right from consulting with Dr. Kavita Goswami, Gynecology and Dr. Shanti Sairam to delivery under the midwives and nurses (Daniella, Akanisi, Celine, Rachelle) the care and professionalism shown by the entire staff was truly outstanding.

Dr. Kavita’s calm demeanor and reassurance made a world of difference during my pregnancy. I felt completely supported and well-informed at every stage.

I must comment on the post care and attentiveness of Dr. Bharati Ramakrishna and Dr. Ghassan Nakib- Excellent team, very timely and proactive action taken in critical conditions. 🙏🏼

The facilities are modern and well-maintained- valet for car parking, good coffee house/snacks in the premises, close to metro. Appointments are on time- everything taken care on the app.  Excellent prenatal education by Serena.

Strongly recommend!",5 months ago
Mediclinic_City_Hospital,5.0,"From the start of my pregnancy up to my delivery, the services were so amazing! They put so much care and effort to every patient. Politely asking what I need and providing the necessities I needed. The doctors and nurses are so caring even the food service is amazing. Special thanks to Doctor Kashia and team for making me safe and my baby. Will definitely recommend this hospital.",a month ago
Mediclinic_City_Hospital,5.0,"I had an excellent experience with Dr Sweeney. He was very professional, patient, and thorough in explaining my condition and treatment options. The consultation was well-organized, and the doctor took the time to listen carefully to my concerns. I felt confident and reassured throughout the process. Highly recommend for anyone dealing with digestive or stomach-related issues.",a month ago
Mediclinic_City_Hospital,5.0,"I would like to express my heartfelt thanks to Dr. Kavita Goswami for taking such good care of me after I was transferred to her in the middle of my pregnancy. She was incredibly approachable and easy to talk to, which made every conversation feel light and comfortable. I never felt any pressure when speaking with her, only genuine care and kindness. She truly is such a sweet and compassionate doctor.",3 weeks ago
Mediclinic_City_Hospital,5.0,"My appreciation and gratitude goes to Dr. Sreela Nair for an extremely rich, professional and engaging session about my Diet plans, as a follow up to my annual executive health check up results. Since I am an Asian and a Vegetarian, she was able to better understand my concerns and give viable suggestions. A 20 minute session as was originally plan lasted for over 80 mins and Dr. Nair was patient and empathetic at all times. Instead of suggesting many tests and complete changes to food habits, Dr. Advised absolutely no test or major changes in lifestyle, rather gradually to adapt it. Diet, together with physical and mental well being were discussed. She followed a holistic approach, backed with scientific explanations. None of the recommendations seemed baseless or refutable and were easy to implement…. Loved the open conversation, your energy and passion into this topic. Would highly recommend you to my friends and family, since Diet is no longer a health topic but a well-being one…. Can’t thank you enough!! 🙏",3 weeks ago
Mediclinic_City_Hospital,5.0,"We delivered our baby girl in the hospital under the able and warm guidance of dr kavita goswami. We choose the hospital for being the family friendly hospital initiative certified, took the lovely maternity tour offered by the hospital and finally felt at ease after meeting dr kavita. Starting from the way shes comes and greets you in the waiting area for all her consultations to holding your hand and then ur baby for the first time, we felt we had a family member treating us… such warmth is unbelievable. And last but not least, shes the most responsive doctor we have ever met. From easing our fears and questions late night/ post office/ anytime we were worried to ensuring we have the right and preferred medical supplies from pharmacy, shes goes way beyond her Job description to treat her patients, medically, emotionally and psychologically!!! God bless her!!! And dubai is lucky to have an NHS expert like her!",2 months ago
Mediclinic_City_Hospital,5.0,"I recently gave birth at this hospital and sincerely recommend the facility and its team.

Although the induction was challenging, the cesarean section went smoothly: the team was caring and supportive, and we were able to stay together as a family throughout, without ever being separated, which was very important to us.

The medical follow-up for our baby was excellent from start to finish. The whole team was extremely careful about the baby’s health and never took any risks.

Thank you again to the entire team for their kindness and professionalism.",3 months ago
Mediclinic_City_Hospital,5.0,"I had an excellent experience at Mediclinic City Hospital. The staff were highly professional, kind, and attentive throughout my visit. From the reception team to the nurses and doctors, everyone made me feel comfortable and well cared for. The hospital is very clean, modern, and well-organized, which really adds to the confidence in their services.

The doctors took the time to listen carefully, explain everything in detail, and provide the best treatment options. The nursing staff were also very supportive and prompt in attending to any needs.

Overall, I felt reassured and confident in the quality of care provided. I would definitely recommend Mediclinic City Hospital to anyone looking for excellent healthcare in Dubai.",2 months ago
Mediclinic_City_Hospital,5.0,"I brought my mother in for an appointment with Dr. Mohammed Ansary at Mediclinic City Hospital. His ability to explain things clearly and simply to her, despite her not being a 100% comfortable speaking in English, made her feel heard. Dr. Ansary was patient, kind and attentive throughout the appointment. His close follow-up with patients is a testament to his dedication to them.",2 weeks ago
Mediclinic_City_Hospital,5.0,"I had been struggling with my health for a long time without understanding what was going on. Dr. Mohammed Ansary (Family Medicine) at the Mediclinic City Hospital Location was recommended to me, and from the very beginning of my first visit I could see why. He spent over an hour explaining everything in detail—both positives and negatives—making sure I left fully informed and with the comfort of knowing I wasn’t starting this journey alone. He genuinely cares for his patients’ well-being, speaks with the warmth of a friend rather than just as a doctor, and always follows up. He’s approachable, easy to talk to, and truly goes above and beyond for his patients. He’ll continue to be my go-to as I can’t say enough good things about him. Highly recommend.",a month ago
Mediclinic_City_Hospital,5.0,"I had an excellent experience at Mediclinic City Hospital. Dr. Ved Goswami was very kind, professional, and explained everything clearly. He spoke with me in a respectful and caring way, and gave me the correct diagnosis for my injury. The process was quick ,I didn’t have to wait long and the staff were very helpful. Highly recommended!",2 weeks ago
Mediclinic_City_Hospital,5.0,"My husband and I recently visited Dr. Mohamed Ansari at Mediclinic City Hospital for our vaccines and blood test check, and we had a great experience. Dr. Ansari was extremely kind, patient, and professional. He took the time to explain everything in detail, making sure we understood each step of the process. We both felt very comfortable and well cared for throughout the visit. Highly recommend him for anyone looking for a trustworthy and knowledgeable doctor.",a month ago
Mediclinic_City_Hospital,5.0,"Five star review for Nurse Nithya Nithyanandan Kumari
It has been two years since Nurse Nithya first took care of me and her consistency care kindness and attention have never changed. She always provides thorough observation complete reassurance and follows every protocol and medical update with exceptional professionalism. I have also seen how other patients feel very comfortable and confident under her care which truly reflects her compassion dedication and experience. She deserves a five star award for her outstanding service and for always going above and beyond in her performance. I am very happy and grateful that she continues to take care of me and other patients. We truly need more nurses like her who are committed caring and devoted to the highest standards of teamwork and patient care. Thank you from my heart Nurse Nithya.",Edited a month ago
Mediclinic_City_Hospital,5.0,"Dr. Yacoub and his team are amazing. This is now my third knee surgery, but first time doing it in Dubai. They were very quick and efficient. Throughout my whole process they have been lovely and very professional. Would definitely recommend this team to everyone.",5 days ago
Mediclinic_City_Hospital,5.0,"I had an excellent experience with Dr. Sandra George. She takes the time to explain everything clearly, making sure I fully understand my health and any tests or treatments. I really appreciate how attentive she is, even personally calling to update me on my test results. Her professionalism, care, and approachability make her truly outstanding. I highly recommend Dr. Sandra to anyone looking for a knowledgeable and compassionate gynecologist.",2 months ago
Mediclinic_City_Hospital,5.0,"I would like to thank Mediclinic City Hospital for their excellent service and care. The staff was professional, kind, and supportive throughout our visit.

A special thanks to Dr. Zaid for treating my daughter with such compassion and expertise. His attention, patience, and reassuring approach made a big difference for us. We are truly grateful for the care we received.

Highly recommend this hospital for anyone seeking quality medical care.",a month ago
Mediclinic_City_Hospital,5.0,"Great experience with Dr Ansary. He didn’t jump into prescribing tests and meds straight away, but explored my lifestyle and medical history to understand the root cause of my concerns. I really appreciate his approach - clinical and personal. And I highly recommend him.",2 weeks ago
Mediclinic_City_Hospital,5.0,"Dr. Mohammad Subhan Ansary is an excellent family physician. His history taking, communication, and patient management skills are top notch. He has broad knowledge of the vast field of medicine which shows when he is communicating with the patient in a manner understandable by any patient.
I highly recommend him.",2 weeks ago
Mediclinic_City_Hospital,5.0,"i gave birth for the first time on may 16 2025 to my twins, a baby boy and girl. as a first time mom i couldn’t have been in better hands than with the nurses and midwives at mediclinic city. i delivered there on the suggestion of my amazing obgyn - dr Dalia khalife - from jumeirah american clinic, who delivers there usually. it was the best decision ever as my transition into motherhood couldn’t have been smoother. from the team during my c section to the day shift nurses and the night shift’s. even housekeeping and room service. everyone was so positive and professional, it created a wonderful atmosphere for the occasion. i’m so grateful especially to the following nurses who took amazing care of my family and me: Hajarabi, Ailein, Maureen, Glory, Rachel, Ziya, Praseetha, Rica. i also want to mention the amazing MAYA who assisted me as a lactation consultant during my stay at the hospital and at a follow up meeting. she was so patient and helpful and kind. after delivery, we stayed at the VIP ward which was so comfortable and accommodating to our big family. on that note, i also want to mention Emma who coordinated the booking for me at the VIP ward and comforted me leading up to my check in. i would recommend the maternity experience at mediclinic city to any woman with the most confidence she will have a similar experience as me. every nurse that came my way knew so much about feeding and newborns and are so patient in teaching.",5 months ago
Mediclinic_City_Hospital,5.0,"I just want to give out the biggest thank you to Mediclinic Hospital. Recently I had an emergency which required for me to be hospitalized, and I have received QUALITY service from city hospital. Biggest thank you to Dr. Carlos, Nurse Anju (pediatric ward), Nurse Anne (ER). All of the services were amazing and alhamdulilah I feel amazing after their treatment. The hospital technology and equipment were amazing and really helpful. The needles, the tests, the IV’s were all painless. Thank you!!!",4 months ago
Mediclinic_City_Hospital,5.0,"I had surgery in July 2025 to remove lymph nodes from my neck, and I am incredibly grateful for Dr. Abdul Aleem's care. From start to finish, my experience was exceptional. I didn't feel any pain after the procedure, which speaks volumes about his skill and expertise. The stitches are not too visible, and he even took the time to address some previous surgery scars, minimizing their appearance. On top of that, Dr. Aleem recommended some creams that worked wonders in improving the look of my scars. I couldn't be happier with the results and highly recommend him to anyone in need of a skilled, compassionate surgeon.",a month ago
Mediclinic_City_Hospital,5.0,"Amazing service from the entire Maternity Ward team. The level of care and attention every member provided was truly beyond expectations. A special highlight was the lovely surprise couple’s dinner we received, along with the wonderful service from Corazon in the housekeeping team. The care and hospitality were simply unmatched such a beautiful way to welcome this new chapter in our lives.Thank you to the entire Mediclinic team",a month ago
Mediclinic_City_Hospital,5.0,"Amazing facilities, doctors and Nurses.

i went to ER for abdominal pain. All the doctors are very knowledgeable and will conduct and explain tests, procedures done and reason behind it. Nurses are very accomodating and helpful. I have been taken care by nurse Kaniamutha. She is very nice and professional. Thank you mediclinic city hospital",a month ago
Mediclinic_City_Hospital,5.0,"Mediclinic City Hospital.
Dr Mohamed Ansary,
Consultant Physician, Family Medicine.
I wholeheartedly recommend Dr. Mohamed Ansary for his outstanding care and compassion. As his patient, I am overwhelmed by his dedication, empathy, and willingness to go above and beyond his duty. His expertise, kindness, and support makes a significant difference in my treatment and recovery. I highly recommend him to anyone seeking a caring and skilled physician, who clearly explains diagnoses, treatments, and options.
His patient -centered care is outstanding.",2 weeks ago
Mediclinic_City_Hospital,5.0,"I had the best possible and smoothest experience with Dr valentina Giaccaglia at mediclinic healthcare city hospital. recovery after my surgery went really well, and during the surgery and follow up consultations i was very well taken care of , no issues at all. such a good listener doctor who genuinely listen and cares for her patients",a month ago
Mediclinic_City_Hospital,1.0,"This review is directed to Mediclinic City Hospital and Dr. Amel Ginawi, because the behavior of her nurse, Sunitha Poola, was absolutely disgraceful and unfit for any medical setting.

I had an appointment as a new patient at 11:40 AM. After checking in properly and being told by the main receptionist that I was next, another woman with a 12:40 PM appointment walked in and was allowed to go in before me not because of any emergency, but simply because Snuthi Poola decided she was more important. The nurse blatantly dismissed protocol, was laughing in the hallway with the other patient, and took me in for just 3 minutes to check weight/height, and in that moment, I told her clearly that I had tested positive for lupus a serious autoimmune disease that can affect vital organs. Her response? She still told me to wait for the other patient to finish. No concern. No urgency. No triage. Nothing.

When I confronted her, she didn’t apologize instead, she argued, made excuses, and claimed the other patient was “an existing customer,” as if that justifies completely ignoring the appointment schedule.
Worse, she lied and said the patient was dizzy even though no mention of dizziness was made at reception, and even if it were true, it has nothing to do with seeing a rheumatologist. Dizziness is not an urgent symptom in a rheumatology clinic. If it were a true emergency, the patient should have been sent to urgent care or a different specialty, not allowed to cut the line under a false excuse. That explanation was clearly a cover-up for blatant favoritism and unprofessionalism.

To make things worse, the nurse knew I was in a hurry, and if she had any true concern for patient well-being, she would have considered that I was coming in for a serious health issue, not a basic check-up. She had no idea what condition I was being seen for, and for all she knew, my case could have been far more urgent than the other patient’s. Her decision to ignore that and prioritize someone simply because they were a “regular” shows just how irresponsible and unprofessional she truly is.

I’ve been an existing customer myself at another Hospital won’t mention its name and I have never once seen a new patient get sidelined like this. Her behavior was rude, condescending, and dishonest. She treated me like I was too dumb to understand how the system works when in reality, she was the one breaking it.

The rest of the nursing staff were no better not one stepped in, and their body language clearly showed they were annoyed I was even speaking up. The only two people who acted with decency were the main receptionist, who initially said it was my turn, and the nurse manager, who kindly stepped in after everything and tried to salvage the situation. Honestly, she doesn’t deserve to work in a place where patients are ignored, dismissed, and treated like they’re in the way.

Snuthi Poola’s attitude, dishonesty, and lack of basic professionalism is unacceptable. I walked out completely disrespected, with no apology from her, and I will never return. If this is how Dr. Amel Ginawi’s staff treats patients, especially new ones, then I strongly do not recommend this hospital to anyone.

I truly have more words but no words can explain my disappointment and how my health was dismissed by the nurse!",3 months ago
Mediclinic_City_Hospital,5.0,Dr. Ansary took a broad interest in my overall health and lifestyle and adopted a coaching style to help me improve my position. This is fairly unique among GPs / family medicine doctors. Generous with his time and a smart guy.,5 days ago
Mediclinic_City_Hospital,5.0,"I had a wonderful experience with Dr. M. Saadat and Nurse Eunice C. They were both incredibly professional, kind, and attentive throughout my visit. They made me feel completely at ease with their warm and caring approach. They listened carefully to my concerns, explained everything clearly, and ensured I was comfortable at every step. I also noticed how meticulous they were about cleanliness and hygiene, which I truly appreciated. Their compassionate care and attention to detail made all the difference. Thank you",3 months ago
Mediclinic_City_Hospital,5.0,"I want to sincerely thank Dr. Valentina Giaccaglia and her team! The doctor explains everything clearly, supports and makes you feel safe and calm. The whole process went smooth, and the recovery is very easy. I appreciate genuine care and kindness. It’s rare to meet such a doctor!
Thank you!",a month ago
Mediclinic_City_Hospital,5.0,"🌟🌟🌟🌟🌟
Exceptional Care by Dr. Duff – Highly Recommend!

I recently had a consultation with Dr. Duff, Neurosurgeon, and I was truly impressed. From the moment the appointment began, he was incredibly thorough, taking the time to carefully review my case and listen to all my concerns.

His examination was meticulous, and his approach reflected deep expertise and genuine care. What stood out the most was his clear and patient counseling – he explained everything in a way that was easy to understand and left me feeling informed and reassured.

Dr. Duff’s professionalism, kindness, and attention to detail made a difficult time much easier to navigate. I am very grateful to have been seen by such a competent and compassionate specialist.

Thank you, Dr. Duff, for your outstanding care!",4 months ago
Mediclinic_City_Hospital,5.0,"Dr. Mohammed Ansary is an excellent family medicine doctor. He takes the time to listen and explain things clearly, and you can tell he genuinely cares about his patients. His guidance has really helped me, and I appreciate his honesty and professionalism. Highly recommend him.",4 weeks ago
Mediclinic_City_Hospital,5.0,"We’ve been blessed to have Dr. Kavita deliver both of our babies, and we couldn’t be more grateful. She is kind, attentive, and truly listens, working with us to make the best decisions. When it counted, her decisive medical calls prioritized my wife’s health and proved absolutely right both times. We believe the health of our babies — and their mother — is thanks to her incredible care and expertise. Highly recommended!",2 months ago
Mediclinic_City_Hospital,5.0,"We were in a difficult situation, but the nurses and doctors were with us and made sure we are well taken care of. Huge thanks to the nurses and doctors in PICU! We are grateful and we appreciate your genuine concern and empathy to us. ❤️",5 days ago
Mediclinic_City_Hospital,5.0,"I had a wonderful experience with Dr. Natasha Shah. From the start, she was incredibly attentive and took the time to truly listen. She asked all the right questions to understand my concerns thoroughly, which immediately made me feel at ease. What I appreciated most was her transparency — she clearly explained all the available treatment options and walked me through the pros and cons of each. I felt informed, respected, and empowered to make the best decision for my health. Highly recommend her!",3 months ago
Mediclinic_City_Hospital,5.0,"Mr Ibrahim from emergency desk helped me and my daughter and he want an extra mile , where he called the insurance to link my insurance with National ID as my daughter had a pneumonia at that night and because of him my daughter had the chance to recieve the treatment and she was  admitted for 3 nights . Thank you Ibrahim and god bless you and your family , I would like to recognize his efforts and dedication.",3 months ago
Mediclinic_City_Hospital,5.0,"Dr. Natasha combines warmth with excellent clinical judgment. She takes a step-by-step approach, carefully explaining each stage of the plan. Rather than prescribing medication right away, she starts with practical lifestyle changes aimed at correcting abnormalities and addressing the root cause. I felt heard, supported, and confident in the path forward. Truly outstanding care! Highly recommended!!",2 months ago
Mediclinic_City_Hospital,5.0,"Staff are all friendly from reception to laboratory down to nurses and pharmacy. Doctor are amazing,  they explain very well the procedure , causes and best treatment for the patient. I've done day procedure and the room is excellent, very neat and spacious. Also the food is excellent!",3 weeks ago
Mediclinic_City_Hospital,5.0,"The hospital maintains an exceptionally clean environment, with professional and courteous staff who ensure timely delivery of results. During my recent executive check-up, I was well accommodated throughout the entire process. I would like to extend my sincere appreciation to Dr. Mohammed Ansary, Mrs. Sreela Nair, and Ms. Luz Abadilla for their outstanding service and support. I highly recommend this hospital.",a month ago
Mediclinic_City_Hospital,5.0,"For Emergency room!
I would like to thank all the staff at Mediclinic City Hospital Emergency Room for their excellent care. A special thanks to Dr. Phillip Furstenburg — he is one of the kindest, most caring doctors I have ever met. He took such great care of my mom and treated her with compassion and professionalism. I would also like to thank Ms. Anna, the nurse, who was incredibly kind and helpful throughout. I truly appreciate the support and dedication from the entire team.",2 months ago
Mediclinic_City_Hospital,5.0,"I brought my daughter to the paediatrics department and was extremely pleased with the professionalism and kindness of Dr. Zarife Daoud. My daughter is usually very nervous about visiting the doctor, but Dr. Zarife managed her with such care and attention that she left with a big smile. Not only does she engage wonderfully with children, but her medical knowledge and the level of care she provides are truly exceptional",4 weeks ago
Mediclinic_City_Hospital,5.0,"Very very grateful for dr saima with our baby boy noah, really put us at ease, incredibly thorough with tests and discussed next steps with us as parents. Cannot thank her enough. Truly an amazing Paediatrician.",2 weeks ago
Mediclinic_City_Hospital,4.0,"I had been for a check up and the health package team was absolutely great in coordinating and arranging the complete process, with great care and attention.
I would like to express my satisfaction and convey special regards to Jenna and Luz for the professional and proactive assistance. Keep it up👍",3 weeks ago
Mediclinic_City_Hospital,5.0,"A big thank you to Dr. Zaid in the ER for the exceptional care. He was not only professional and knowledgeable but also kind, patient, and truly reassuring in a stressful moment. His calm and compassionate approach made a difficult situation much easier. Deeply grateful for his support and excellent medical care.",3 weeks ago
Mediclinic_City_Hospital,5.0,"I would like to sincerely thank Dr. Alla Jalabi for the excellent care and attention I received during my hospital stay. The doctor was professional, kind, and very supportive, making me feel comfortable and well-informed about my treatment. I truly appreciate the dedication and compassion shown. Thank you for your outstanding service.",a month ago
Mediclinic_City_Hospital,5.0,"Dr. Shah is an excellent doctor. Thorough, attentive, and genuinely cares about her patients. She takes the time to understand the issue and ensures the treatment is effective. I really appreciate that she follows up to check on progress. Highly recommended!",a month ago
Mediclinic_City_Hospital,5.0,The hospital has amazing staff and almost zero wait time and very easy to navigate through it. Dr. Mohamed Ansary from family medicine is a great doctor. He is very well rounded and not only took care of what I came in for but also made sure to ask about everything else as well and took everything I said into account.,4 weeks ago
Mediclinic_City_Hospital,5.0,"Had a great experience at Mediclinic City Hospital. I visited for dizziness and Dr. Mohamed Ansry was attentive, explained everything clearly, and reassured me throughout. The staff were professional and the process was smooth—highly recommended.",a week ago
Mediclinic_City_Hospital,5.0,"I recently delivered my baby at Mediclinic City Hospital under the care of Dr. Sangeeta Pathak, and I’m truly thankful for the wonderful care she provided. From the very start, she was not only knowledgeable but also incredibly supportive and kind. She always took the time to listen to me, patiently answering all my questions and easing any worries I had along the way. I always felt like I could rely on her guidance.

During delivery, her calm and reassuring presence made me feel safe and cared for. The midwives also provided excellent care for which I am grateful. Dr. Pathak’s genuine compassion and support made a huge difference in my experience, and I felt like I was in the best hands. I highly recommend her to anyone seeking a caring and dedicated OBGYN!",3 months ago
Mediclinic_City_Hospital,5.0,"Dr. Mohammad Subhan Ansary is an excellent family physician. His history taking, communication, and patient management skills are top notch. He has broad knowledge of the vast field of medicine which shows when he is communicating with the patient in a manner understandable by any patient.
I highly recommend him.",2 weeks ago
Mediclinic_City_Hospital,5.0,"Heartfelt Appreciation for Exceptional Care
Dear Dr. Taohid Oladele Oshodi, Dr. Murielle Beotin, and the entire team,

I am writing to express my deepest gratitude for the outstanding care and kindness I received during my recent port cast removal procedure at Mediclinic. From the moment I arrived, I felt supported, respected, and genuinely cared for by every member of your team.

A special thanks to Dr. Taohid Oshodi and Dr. Murielle Beotin for your professionalism, patience, and gentle approach throughout the procedure. Your reassurance and expertise made all the difference in making the experience smooth and comfortable.

To the nursing staff: Joyce Torcino, Steffy Stephen, Suma Joseph, and Sofji Tony, thank you for your warmth and attentiveness. You created an environment that felt safe and compassionate.

I would also like to recognize Subulakshmi Velludanei, the technician, for her efficiency and kindness, and Sai, the porter, for his helpfulness and cheerful attitude.

In a time when medical visits can often feel rushed or impersonal, your team reminded me of the power of human connection in healthcare. Thank you for going above and beyond with such sincerity and grace.

With heartfelt appreciation,
Zainab Al-Abadla",Edited 5 months ago
Mediclinic_City_Hospital,5.0,"Great experience with this hospital, service was immaculate. Special thank you to nurse Jeddahlyn in the cardiology clinic, she was extremely cooperative, patient and kind. She helped my mom throughout her whole visit, she is very professional and sweet.",a month ago
Mediclinic_City_Hospital,5.0,"I recently underwent a surgery with Dr. Valentina Giaccaglia. From our very first appointment, I found her to be very thorough in her diagnosis, extremely qualified as well as compassionate. She very clearly and accurately explained what I should be expecting after the surgery and the days to follow. Her post operative care has been very reassuring as she has followed up with me on a weekly basis. She made this whole process comforting and full of ease for me. I cannot thank her enough.",3 months ago
Mediclinic_City_Hospital,5.0,"I had an excellent experience with Dr. Mohammed Ansary at Mediclinic City Hospital. He provided my results quickly and explained everything with great clarity and insight. He was very approachable, genuinely caring, and even shared his contact for any follow-up questions. Highly recommended!",a month ago
Mediclinic_City_Hospital,5.0,"“I am grateful for the exceptional support you provided during my time at your hospital. Thank you for your outstanding dedication and care. . Would like to say Thanks to the ED staff nurse Hannah and medical staff  Nurse Aiswarya, Jamila, jessica, Frailyn and roshni also For catering staff sumitra and romawa. Your genuine concern and support have meant a lot to me. Best service and best food and best care.",6 months ago
Mediclinic_City_Hospital,5.0,"After having a poor experience with a doctor at Mediclinic City Hospital, I was determined to take my records and move to KCL. I had undergone a scan and was waiting for the doctor to call me to discuss the results. However, a week passed and I hadn’t heard anything, so I decided to call the clinic—only to be informed that the doctor had left the practice.

Fast forward, I then received a call from Dr. Mohammed Ansary. Although I had already made up my mind to leave City Hospital, I found myself instantly drawn back to the clinic because of his warm and personable approach. It felt as though I was speaking with a friend I had known for years. As a result, I’ve decided to stay at the clinic under Dr. Ansary’s care.",3 weeks ago
Mediclinic_City_Hospital,5.0,"From the bottom of my heart, I really want to thank Dr. ElRasheed for being hospitable, super kind, and am very grateful for the exceptional care he provided whenever I was rushed in the emergency room. He asked me whatever I need. It is rare to find a doctor who combines such professionalism with such a warm, human touch. I felt reassured every step of the way, and I always knew I was in the best hands. Also, shout out to nurse Akshira  the pregnant and beautiful woman who was very patient, and has the genuine compassion. She gave me great comfort throughout my treatment. Thank you so much!❤️❤️❤️",2 months ago
Mediclinic_City_Hospital,5.0,"I had a very positive experience with Dr. Kavita during my pregnancy. She always kindly listens to my concerns and helps me address them. She was incredible during my delivery and my postpartum period. I would also like to thank the amazing midwifes Titilia and Emma for having wonderful attitudes. They showed me much kindness and support and I couldn’t have done it without them. And thanks to Georgette for taking the time to show us around the hospital and wards.
Thanks to all the staff and nurses for making my stay and experience unforgettably wonderful.",2 months ago
Mediclinic_City_Hospital,5.0,"Great medical facility, incredibly hygienic, great treatments and aftercare, Dr Yacoub is a knowledgeable and caring specialist, very good diagnostics and treatments. Gladie is a very attentive and caring nurse, very supportive and detailed ensuing smooth appointments, treatments and all insurance approvals. Highly recommend the facility and Dr Yacoub and his team",a month ago
Mediclinic_City_Hospital,5.0,Visited the hospital as walk-in without prior appointment asking to meet a doctor “GP” the receptionist was very helpful he took me to a nurse who offered to book me an appointment and in just 15-20 minutes I met the doctor and following that it took few minutes only to get the medicine from the Pharmacy. The entire visit took me less than one hour! This is an amazing service. Thank you Mediclinic,a week ago
Mediclinic_City_Hospital,5.0,"Welcoming staff, professional and attentive. The hospital is clean, well organized and equipped with modern equipment. The doctors take the time to listen and explain everything clearly. The nurses were kind, supportive and always available to assist.
Overall, I highly recommend Mediclinic City Hospital to anyone who is looking for excellent medical care.
Thank you!",2 months ago
Thumbay_Hospital_Ajman,5.0,"I just want to thank you Mr Mohamad Atiyab, reception- radiology department,  for everything you've done. I can’t tell you how much I appreciate the care and attention you’ve given me during my visit. It really made a difference. Good job and keep it up......",a month ago
Thumbay_Hospital_Ajman,5.0,"🌟🌟🌟🌟🌟
I recently completed my physiotherapy sessions with Dr. Ruchita and Dr. Aqsa, and I am extremely satisfied with the care I received. Both doctors are highly professional, dedicated, and supportive throughout the treatment. When I started, my pain level was quite high, but with their expert guidance and encouragement, I feel so much better now. Their approach is both caring and professional, which made every session comfortable and effective. I truly appreciate their hard work and highly recommend their services to anyone in need of physiotherapy.",a month ago
Thumbay_Hospital_Ajman,5.0,"would like to express my sincere appreciation to Dr. Mohd Shahid Bhat for his dedication and professionalism. He has been extremely attentive and supportive throughout my treatment, showing genuine care and concern for his patients. His continuous follow-up and commitment to providing the best possible care truly reflect his passion for his work and his patients’ well-being.",4 days ago
Thumbay_Hospital_Ajman,5.0,"I have a dental phobia, and it took me nearly 4 years to finally have my horizontally impacted wisdom tooth removed. Dr. Nanees(Specialist dental surgeon )performed the surgery, and although I was very very  nervous, the doctor’s constant reassurance throughout the procedure really helped me stay calm. The surgery went smoothly and It’s day 2 now , the wound is recovering well . I’m very happy with the experience — what a relief! The procedure was far less intimidating  than a standard wisdom extraction:)",a month ago
Thumbay_Hospital_Ajman,5.0,I went total hip replacement after which I had lot of pain in my hips and thighs so I was recommended to do physiotherapy .I came to thumbay hospital ajman and took my treatment from Dr Ruchita Kadam and I want to say she is very professional with her work. She taught me exercises which have helped me a lot to regain my mobility back. Very happy with her treatment.God bless and best luck to her.,4 weeks ago
Thumbay_Hospital_Ajman,3.0,"I have consulted Dr. Raed Hussain (ER duty doctor) and Dr. Noman (Orthopedician) yesterday. Am extremely happy with Dr. Raed Hussein, who patiently listened to my complaints and provided me with needful treatment and referredme to Dr. Noman, who did the further diagnosis.

I am very unsatisfied with the reception of radiology dept. They have sticked the contact number to call n enquire (ABC), but i am not sure for what it is for. Its all time out of reachable, out of network, temporarily disconnected.

I have difficulty to go and collect my report in person, so gave with my contact details and email and everything, but no updates. Saddest part is that only one person is handling the whole reception of radiology.

About the Chest Xray i took, only thrle AP view is good enough, in LAO and RAO is not clear at all.
What is the use of making multiple exposure to the patient???!!..

The same happened in reception of Emergency. At 1.00am and 2.00am ,if anyone is coming with pain or discomfort, they have to wait in a queue, to get token, check the insurance availability and all, and one guy alone has to handle the ER reception.

Thumbay , please look forward to this issues, make it hustle free. People come to your hospital for ease, dont harden their life with poor management and patient support.",2 months ago
Thumbay_Hospital_Ajman,5.0,I had a great experience treated by Dr Ruchitra jaisingh who is a physiotherapist in Thumbay hospital Ajman. She is well experienced along with that the way she treats her patients to make them feel comfortable is just great. I would highly recommend her❤️,a month ago
Thumbay_Hospital_Ajman,5.0,"I am very grateful to Allah ,I met Dr.Kapil Das at Thumbay hospital Ajman.
He treated my Acute congestive glaucoma attack, related vision loss promptly and restored my vision to 6/6.
I hope Dr.Kapil continues to treat many eye patients in Thumbay hospital for a long time.
My thanks again to Dr.Kapil for his correct diagnosis, prompt treatment, friendly nature and good care.",a month ago
Thumbay_Hospital_Ajman,5.0,"**Thank You Note:**

I would like to extend my heartfelt thanks to Dr. Asim Rafiq, the best surgeon at Thumbay Hospital. During my discharge, he was there, and his presence meant a lot to me. Dr. Asim Rafiq, you are truly the best.

Dr. Asim Rafiq is so nice and speaks so well. I felt very comfortable with him as he explained my situation and the surgery details very clearly. His calm demeanor and thorough explanations were incredibly reassuring. Even now, while I am still in recovery, he has provided his mobile number so I can reach out to him if I need urgent assistance. He truly is the best doctor.

I would also like to express my gratitude to all the nurses who took care of me on June 22-23, 2024. Your dedication and care made a significant difference in my recovery. God bless all of you for the incredible work you do.

A special thank you to the staff members who accompanied me to my room after the recovery room and sometimes brought food to my room. I really appreciate the two individuals, one man and one woman, who checked on me and ensured I was comfortable. Your kindness did not go unnoticed. Wow, you are the best too!

A heartfelt thank you to the anesthesiologist as well. He was incredibly attentive during the surgery, noticing that I was feeling cold and promptly providing some form of heating, which helped me feel comfortable again. His care, along with the assistance of the nurses in the surgery room, was deeply appreciated. I also want to thank the nurse and the lady nurses in the surgery room; although I can't recall how many there were, they were all very kind and supportive.

Additionally, I had surgery in February 2024 with Dr. Kapil Das, and he was exceptional as well. Thumbay Hospital is my go-to place whenever I am not feeling well, and I am grateful for the consistently excellent care I receive.

Thank you to everyone at Thumbay Hospital in Nuaimiya, Ajman, UAE.

---
BEST REGARDS,
ERMA MAE MONTILLA ABIERA",a year ago
Thumbay_Hospital_Ajman,1.0,"We came by 10:30PM
My wife was facing severe pain.
Story started from reception, they are very slow and they dont provide proper orientation .i was going and comming back many times with my wife who is having lot of pain .
Nurses wasting time and my wife waiting for making a file and get details.
Dr came for 1 min and left After waiting her over 30 min
They gave her paracetamol since almost one hour and it's finished but they did not chance other treatments even bottle of paracetamol finished.
They are only good in saying go and pay in reception.
I'm a manager in health sector for more than 7 years and my wife is a pharmacist.
Blood on pellow of consultation from previous patients.
I Can Say this is the worse experience i faced since i came to this respected country",2 months ago
Thumbay_Hospital_Ajman,1.0,"Writing this when i’m inside the hospital on 27 June’25..
Very disappointed and worst service we’ve ever experienced… came to Thumbay Ajman for emergency.. even thought doctor informed the radiology team about the urgency, they made us wait for 30 min.. Doctor room is one corner and radiology is in other corner.. After Radiology we have to go back to doctor which is a procedure and fine and again we have to go other corner for Injection…. Patient is shivering and unable to walk and these ppl are making them go all around their hospital corner..And when we are abt to take injection at Emergency Section Nurse is instructing us to buy injection and pharmacy is in other corner.. Finally we came out after 1 and half hour for emergency case.
I never suggest this hospital to anyone in future.",4 months ago
Thumbay_Hospital_Ajman,4.0,"Review for Dr. Ruchita Kadam –Physiotherapiest atThumbay Hospital 🌟

I would like to sincerely thank Dr. Ruchita for her outstanding dedication and commitment in treating my mother. She is highly experienced in her field, very collaborative, and extremely honest in her approach.

We spent more than 15 sessions with Dr. Ruchita, and throughout every session, she consistently met and exceeded our expectations. My mother was always so happy with her treatment, as Dr. Ruchita cared for her like she was her own mother.

When I first came, I was very hopeless about my mother’s condition. But Dr. Ruchita was the one who supported me, gave me confidence, and assured me that my mother would improve within a specific period. Remarkably, exactly as she promised, my mother started to walk again and is doing so much better now. She has truly fallen in love with the doctor who helped her regain her strength and confidence.

As improvement suggestion for the hospital:

The physiotherapy department could benefit from having more therapists, as the current workload puts a lot of pressure on Dr. Ruchita despite her excellent service.

It would also be wonderful if the physiotherapy machines could be renewed and updated to further enhance patient care.

We are truly grateful for your professionalism, compassion, and commitment. Thank you, Dr. Ruchita, for 🤍🌹giving my mother her smile back.",2 months ago
Thumbay_Hospital_Ajman,5.0,"Recently, I had visited Thumbay radiology department for ultrasound twice, the staff there were amazing and cooperative specially the receptionist Mr Atiyar if I’m spelling correctly, appointment were schedule at 3 but he managed to find a empty slot for me earlier and overall experience with them was amazing.",2 months ago
Thumbay_Hospital_Ajman,5.0,"I would like to extend my sincere appreciation to Mr. Mohd Atyab from the Ultrasound and Radiology Department for his warm welcome, quick and efficient service, and outstanding professionalism. He went above and beyond to help us find a suitable appointment time for the patient, showing great understanding and flexibility. His respectful attitude and polite communication truly reflect the high standards of the hospital staff. Thank you, Mr. Mohd Atyab, for your exceptional support — wishing you continued success!",2 months ago
Thumbay_Hospital_Ajman,1.0,"I am amazed at their choice of doctors. One of the dermatologists, an Iraqi doctor, took sick leave without cancelling the appointments. Another doctor from Sudan, Dr. Ayman, was unable to provide the treatment, or to know the right diagnosis, upon checking my arm he has pressed it hardly causing too much pain — he asked me to go to the pharmacy to get the medicine, and by the time I returned, he had already left. The new doctors in Thumbay are taking patients’ pain very lightly.
Before the hospital was much better",a month ago
Thumbay_Hospital_Ajman,5.0,"Dear Mohd Atiab,

Thank you for your cooperation.
You handled the concern very effectively, and your efforts are truly appreciated. (Radiology Department)

Best regards,
Anees Ehsan",2 months ago
Thumbay_Hospital_Ajman,1.0,"I experienced a waiting time of over an hour for a simple X-ray procedure, which I believe is excessive and not reflective of the standard of care expected. When I asked about the delay, I was informed that the department had only one technician available. While I understand that staffing challenges may occur, having just one technician available for all radiology services causes significant delays and affects patient experience and care.

I hope this feedback will be taken seriously, and that actions will be considered to improve staffing and reduce waiting times for patients in the future.",3 months ago
Thumbay_Hospital_Ajman,5.0,I took treatment for my daughter as she has scoliosis and we are very happy with the treatment we received from Physiotherapy department at thumbay hospital from Dr Ruchita Kadam. Her exercises for my daughters back has helped to gain her strength and flexibility. Her expertise have helped my daughter a lot. Thanks alot for the amazing treatment. God bless and best of luck to her,2 months ago
Thumbay_Hospital_Ajman,1.0,"I am writing to formally express my deep disappointment with the services, communication, and overall patient handling at your facility during my recent visit. My experience has been frustrating, stressful, and, frankly, unacceptable for a healthcare institution.

On July 9, I visited the hospital for a consultation with a urology doctor. During this visit, I was advised to undergo additional tests, including blood tests for creatinine and urea, and a CT scan. That evening, I received a call from the radiology department to confirm the CT scan request. I informed them I was still waiting for my lab results, which were eventually sent later that night.

The following morning, I called to confirm the CT scan schedule and inquired about the necessary preparations. Unfortunately, the staff member I spoke with provided unclear and confusing information. When I asked specifically about what preparation was required, they simply said “nothing,” without elaboration.

I also booked an appointment with the urology doctor for 2:30 PM to review my lab results before proceeding with the scan. I arrived at 2:00 PM only to be told the doctor was still in surgery and would not return until 3:30 PM. The doctor eventually arrived at 4:00 PM. This shows a clear lack of coordination—if the doctor was unavailable, why was a 2:30 PM slot confirmed?

During the consultation, the doctor briefly reviewed my results and instructed me to proceed with the CT scan—again with no guidance or explanation.

When I went to radiology, I was informed for the first time that the CT scan required contrast and that fasting was necessary. At this point, I felt completely let down. I had not been told anything about fasting, and due to my last meal being at 12:00 PM, I had to wait until 6:00 PM for the procedure.

Even after returning at 6:00 PM, the delays continued. A nurse inserted an IV line at around 6:30 PM, and I waited another 90 minutes for the radiologist. At 8:00 PM, I was finally called in—only to face another delay because my information had not been entered into the system. It was disorganized and stressful. One radiologist was handling both MRI and CT scans, leading to a long queue. I finally completed the procedure at 9:00 PM.

This entire experience—from poor communication and scheduling, to lack of clear instructions, understaffing, and long waiting times—reflects a system that is inefficient and inconsiderate of patients’ time, comfort, and emotional well-being. Once payment is made, it feels as though the patient is left to navigate a chaotic system on

This has been the worst experience I have had in a hospital, and I am left feeling frustrated and uncared for. I hope you will take this complaint seriously and address the systemic issues affecting patient care.",3 months ago
Thumbay_Hospital_Ajman,1.0,"I’m very disappointed with the reception staff at the hospital, especially the female staff answering phone calls. They seem completely uninterested in speaking properly or helping the patients. It feels like they are in “sleep mode” while talking, not listening to what we are saying or showing any willingness to assist.

It’s really frustrating, and I’m not sure how they are even working in such a responsible position. If this is the attitude towards patients, I would rather find another hospital that takes care and communication seriously.",3 months ago
Thumbay_Hospital_Ajman,5.0,Had a great experience at the facility. Every process is very fast and I'm happy for chosing Thumbay Hospital but only in nuaimiya. The university hospital seems very busy so I had a delay in receiving my Ultrasound Results. However I had a opposite experience with great care at nuaimiya Hospital. I thank Dr. Jayamurugan Poopandi who suggested me here and my great thanks to Dr. Asim Rafiq who did the surgery. My special thanks to the nurse Ashna Kadar who is 8 months pregnant but still working hard and being very sweet with the patients. Happy experience overall.,6 months ago
Thumbay_Hospital_Ajman,5.0,"I suffered a bike accident and had to undergo surgery on my wrist. Following the operation, I was unable to fold my fingers and experienced severe pain. After taking 10–12 physiotherapy sessions with Dr. Ruchita Kadam, I am now completely pain-free, and my fingers have regained full mobility and normal function. I am truly grateful for her professional attitude, effective treatment, and well-guided exercises. A big thank you to Dr. Ruchita Kadam and Thumbay Hospital. I would highly recommend her for her top-notch physiotherapy care.",2 months ago
Thumbay_Hospital_Ajman,1.0,"The management is so bad- they kept only one nurse who is also the receptionist and also handling the treatment room and is running around. I feel sorry for her because she is doing everything and she is ideally getting exploited but the management is trash. Been waiting for 30 mins and more for my appointment which was to start 20 minutes ago.

They kept only one nurse for everything. Im not even on insurance but im glad i witnessed this because it will he surely my first and last visit.",7 months ago
Thumbay_Hospital_Ajman,1.0,"The worst ever in everything
My experience at this hospital was extremely disappointing due to multiple issues:

1. **Appointment Booking**: It’s nearly impossible to reach them by phone. After multiple attempts, they either don’t answer or book the wrong appointment.
2. **Staff Negligence**: The employees are careless and unprofessional—both on the phone and at the reception counter. They work painfully slow, causing unnecessarily long wait times.
3. **Poor Doctor Quality**: The doctors lacked competence, providing unreliable diagnoses and unprofessional treatment.

I would **never** recommend this hospital to anyone. The service is disorganized, the staff is indifferent, and the overall experience was unacceptable.",3 months ago
Thumbay_Hospital_Ajman,1.0,"0 stars ..Worst hospital faced in my life.
Charged too high and made us do early delivery, made us do lot of medical reports which wasn't needed at all. Lifetime saving vanished behind them.
My child was in ICU for 10 days.
Per day bed rent was 3000 aed.
Fraud is one word.",a month ago
Thumbay_Hospital_Ajman,5.0,"We had been searching for a good doctor specialised in physiotherapy and we found in Thumbay Hospital, Ajman. Dr Ruchita is a good guide, also a good doctor who helped my wife get better from her acute back ache. She supported her from the beginning and continued till the end of the session. We wish her all the best in her endeavour.",2 months ago
Thumbay_Hospital_Ajman,1.0,"The doctors at this hospital are and experienced.  However, the main concern lies in the extended wait times for services—whether it's for consultations, laboratory tests, or imaging procedures such as X-rays.

Additionally, I underwent lab tests yesterday but have not yet received the report via email. I tried reaching out through the WhatsApp contact provided, but unfortunately have not received any response.",3 months ago
Thumbay_Hospital_Ajman,1.0,"The worst service I have experienced from any hospital since moving to the UAE.There is no proper queueing system and absolutely no clarity on waiting times. Appointments are not honored, and it’s clear that management has made no effort to implement a structured process that ensures patient satisfaction.The radiology department, in particular, is appalling. One staff member had an extremely poor attitude. When I raised concerns about their consistently low ratings and frequent customer complaints, he blatantly responded that he didn’t care. That says everything about the culture of the place. To date, I’ve spent over AED 500 on tests and still have no clear results or understanding of my medical condition. At this point, I have no option but to seek proper care from another hospital.",3 months ago
Thumbay_Hospital_Ajman,3.0,"I would like to express my deepest appreciation to Dr. Ruchita and Dr. Aksa for their outstanding care and dedication during my physiotherapy treatment for my broken arm. From the very first session, Dr. Ruchita made me feel heard, supported, and confident in my recovery. Her professionalism, attention to detail, and genuine kindness truly made a difference in my healing journey. Thanks to her expert guidance and encouragement, I’m regaining strength and mobility day by day. I’m truly grateful for her help and would highly recommend her to anyone in need of physiotherapy care.",3 months ago
Thumbay_Hospital_Ajman,5.0,"I took treatment for my wrist pain, from Dr Ruchita. i m feeling so good. it was very difficult to lift heavy weight  and lot of pressure was there on the wrist. But after few sessions and proper exercises i am feeling so much relief. Thank you doctor.",5 months ago
Thumbay_Hospital_Ajman,1.0,"Very poor diagnosis.
I went to hospital for stomach pain and the ultrasound result showed I had swollen gallbladder. I went to operations department and complained that I don't have the organ because it was removed. Be safe and get second opinion. No action taken even after my complain",3 months ago
Thumbay_Hospital_Ajman,5.0,I had a wonderful experience with Dr. Ruchita( Physiotherapist). Her positive attitude and encouragement kept me motivated during my recovery.,a month ago
Thumbay_Hospital_Ajman,1.0,"Very dispointed, yesterday i visited & consulated the doctor. They give me super Saturday offer. I asked the receiption is this free, again asked to the a staff in the cabin. She told if it is apporved you will get message. Night i got the message & call & told to me that apporved. So come tomorrow to give blood sample. Early morning today i went to emergency section. They are asking me 87 Dhs. They don't got any information from office.  So who's mistake is this...  I ate last night food & come to check my blood sugar level after 8 hrs of fasting.  A sugar patient this much time fasting is difficult without drinking a drop of water.  You guys your customer service very bad. I will not suggest to anybody.",4 months ago
Thumbay_Hospital_Ajman,5.0,"Carefully handled, we went for Cataract surgery under Dr. Kapil Das, she had 6/6 vision the next day of surgery. Entire staff is very accommodating and caring. Professional staff and helpful environment.",3 months ago
Thumbay_Hospital_Ajman,4.0,I Visted Dr. Usha Rani (gynecologist) in thumbay Nuaimiyah hospital. she is simple and gentle in behaviour and gave sufficient time to each patient. Explain things properly and addressed all my concerns. Overall she's  professional and a good doctor.,2 months ago
Thumbay_Hospital_Ajman,5.0,"We have a great experience with dr Tahani Hassan the paediatric doctor with my precious child and we recommend her for kids
Saleh is extremely happy and said I want to be 10000 days in Thumbay because of her",a month ago
Thumbay_Hospital_Ajman,5.0,"Thank you Dr. Ruchita from Physiotherapy.
She was greatly experienced in her field and has a very lovely attitude. She displayed close attention in treating her patient.",a month ago
Thumbay_Hospital_Ajman,5.0,Good experience with Pilonidal sinus closed wound excision by Dr Asim rafiq. Complications arose after treatment but dealt with it very effectively and hospitably. Nurses also good.,a month ago
Thumbay_Hospital_Ajman,5.0,"I cannot express enough gratitude for the exceptional care and treatment I received at Thumbay Hospital under the guidance of Dr. Ghulam Nabi, Consultant Gastro Enterologist.
Dr. Ghulam Nabi is truly a remarkable physician. His expertise, compassion, and dedication to his patients are unparalleled. He took the time to thoroughly explain my condition, answer all my questions, and outline a clear treatment plan and  made me feel confident that I was in the best hands possible.
The entire medical team at Thumbay Hospital was equally impressive. The nurses, technicians, and support staff were attentive, kind, and highly skilled. the level of care I received was nothing short of outstanding.
Thanks to Dr. Ghulam Nabi and the team at Thumbay Hospital, my health has significantly improved, and I am on the path to a full recovery. I wholeheartedly recommend Thumbay Hospital and Dr. Ghulam Nabi to anyone seeking top-notch medical care.",9 months ago
Thumbay_Hospital_Ajman,5.0,"- Great experience!, I did a Circumcision surgical for my new 2 weeks old baby, it was 10mins. time with very less pain after, my baby didn't suffer at all.

- Special thanks to Dr. Asim who he was a really professional and knows well what he is doing!, has a great bedside manner and listens attentively, i highly recommend him!

- The billing process was transparent and straightforward. No surprises.

- All the staff was helpful and kind, and thanks to the shift nurse at counter 1.

Regards.",a year ago
Thumbay_Hospital_Ajman,5.0,"I had a great experience with Dr Ruchita Kadam, physiotherapist at Thumbay hospital ajman..From the very first session, she was very attentive to my case and gave me a clear picture of the problem. She clearly guided my through effective exercises and treatment. I started feeling noticeable improvement within a few session. Thank you to her and thumbay hospital to have her. I highly recommend her and the hospital for physiotherapy.",3 months ago
Thumbay_Hospital_Ajman,5.0,"Feedback for Dr. Rekha Khatri – General Surgeon

Highly Recommended !

I have been consulting Dr. Rekha Khatri for mastitis-related concerns, and I truly appreciate the exceptional care she provides. She consistently puts in her best efforts to treat me, not only medically but also emotionally always offering reassurance, reducing my stress, and approaching my recovery with compassion and positivity.

After consulting with several general surgeons, Dr. Khatri stands out for her genuine empathy, respectful approach, and unwavering dedication. Her ability to combine clinical expertise with heartfelt care makes a meaningful difference in a patient’s healing journey.",3 months ago
Thumbay_Hospital_Ajman,5.0,"I had an excellent experience at Thumbay Hospital Ajman. Dr. Asim performed a flawless surgery—everything went smoothly and I felt well taken care of throughout the process. He provided clear instructions and helpful guidance every step of the way.

Dr. Mais from Internal Medicine was also extremely helpful. Her diagnosis was accurate, and the prescribed medicines worked effectively. I truly appreciated her attentive and caring approach.

The nursing staff were cheerful, supportive, and always ready to assist, which made my recovery much more comfortable.

Highly recommend this hospital for its professionalism and compassionate care!",5 months ago
Thumbay_Hospital_Ajman,5.0,"Got treated for my back from Dr Ruchita, physiotherapist and I am out of words to be thankful to her. Her exercises have been so helpful to get rid of my pain. Very knowledgeable doctor with positive attitude. I got physiotherapy done from 3 hospitals but this was the best hospital I came across. Big thank you to thunbay hospital",5 months ago
Thumbay_Hospital_Ajman,5.0,"I took treatment for my ankle from Dr Ruchita kadam, physiotherapist. I had a fall and twisted my ankle. My ankle was in cast for 3 weeks and I had lot of swelling and pain in my ankle. Walking was difficult and Dr Ayman suggested me physiotherapy. After 5 sessions of physiotherapy my swelling is completely gone and pain too. The machines and the exercises have helped me to come back to my normal schedule. A big thank you to both the drs . Dr Ayman and dr Ruchita",3 months ago
Thumbay_Hospital_Ajman,1.0,"Booked an appointment by9am but there is no one in reception ,there is no one to guide,
Running around asking cleaner,found a nurse her attitude is also high as sky.
Very disappointed by the service you provid.
Reception people should be arrive before Doc.
I dont understand why they even given me an appointment, if there is no one to attend.",3 months ago
Thumbay_Hospital_Ajman,1.0,"""Subject: Issue with Blood Sample Collection for Newborn (5 days old) at Thumbay Hospital Ajman

Dear [Hospital Administration],

I recently visited Thumbay Hospital Ajman with my 5-day-old baby for a blood test. After completing the test, I returned home. However, 5 hours later, I received a call from the lab staff informing me that the blood sample collected was insufficient and requesting me to return for another sample collection.

Unfortunately, the experience was further marred by the unprofessional behavior of the nurse who collected the blood sample. Her service was subpar, and her behavior was unacceptable. This caused significant inconvenience, distress, and anxiety for my newborn and me.

I kindly request that the hospital reviews its procedures to ensure such incidents are minimized in the future, considering the vulnerability of newborns. Additionally, I hope the hospital will address the issue of nurse conduct and provide training to ensure a better experience for patients.

Sincerely,
Patient",4 months ago
Thumbay_Hospital_Ajman,1.0,I was in emergency check up for my daughter and  she discharge from emergency and  i have to wait for more than 25 min  in the pharmacy bcz DR didn’t sent the description of the medicine …very poor service…,10 months ago
Thumbay_Hospital_Ajman,5.0,"I am very happy with my treatment with Dr. Kapil Das Ophthalmologist at Thumbay hospital, Ajman.
My mother was a complicated case of Cataract with very high blood sugar, with risk of infection in the eye.
But Alhamdullilah the cataract surgery and it's post op management all went well and my mother has normal vision.",4 months ago
Thumbay_Hospital_Ajman,4.0,"Price ; neutral as expected from private
Pros ; very clean ,spacious and good doctors.
Cons; can't think of any...

Last visit for PCR...fast and easy service with prompt response.",4 years ago
Thumbay_Hospital_Ajman,5.0,I took treatment from Dr Ruchita for my neck pain. I am very satisfied and happy with the treatment. The exercises were very effective and i am feeling much better. I will recommend her to my friends and relatives. A big thank you to the thumbay team.,6 months ago
Thumbay_Hospital_Ajman,5.0,"I would like to express my heartfelt appreciation to Dr. Asim laharwal, for the exceptional  kindness.
Last 20/05/25 im very grateful for the outstanding care and expertise you did for my surgery. For the encouragement and support mean a lot.
To the anesthetist Dr. Who made me dream well and to all the nurses helped. You all are heroes. SHUKRAN....

Maisara Sugadol",5 months ago
Thumbay_Hospital_Ajman,1.0,"Got my husband admitted here because he was needed to be under observation but the services of the nurse is pathetic. The bell doesnt work, I have to ask them to assist personally and that too - they take their sweet time. One nurse spilled blood on my husband’s bed and didnt even clean it on time. I personally had to change the sheet with another spare bed because they were taking so much of time. Nurses here are very careless, they dont even come and check if the drip is over. I dont recommend this hospital at all specially for admission cases. Also every hour my husband’s fever keep increasing - they are not taking anything seriously. Asked so many times to call the doctor but they keep asking me to wait.",2 years ago
Thumbay_Hospital_Ajman,1.0,"WORST EXPERIENCE EVER
EMERGENCY IS LIKE HELL!!!
They don't know meaning of emergency
They make que like opd in emergency
THEY WERE TAKING PATIENTS WITH FULLY OCCUPIED BEDS

Please get them realized that beautiful air-conditioned building is not requirement of health care system,requirement is cleaned spacious building/facility with large number of beds and ""WELL QUALIFIED STAFF"",

THUMBAY HOSPITAL AJMAN has very beautiful building but unfortunately very ugly services.

Looking forward for better services in future
Thanks",5 months ago
Thumbay_Hospital_Ajman,5.0,"I would like to express my sincere thanks to the entire care team at the hospital for the attention and support provided during my son’s recent overnight admission due to high fever.

A special thanks to Dr. Shemeena for her continuous care, and to the ER team including Dr. Bilal, Dr. Adeel (I hope I have the name correct), and all the staff who were very helpful and supportive right from the moment we arrived. I also want to appreciate the housekeeping team, especially Mr. Vishnu, who ensured everything was in order and always with a smile. The nursing staff were always present, caring, and made us feel supported throughout our stay.

One suggestion I would like to share is regarding the hospital Wi-Fi service. Unfortunately, it kept disconnecting and required logging in repeatedly, which was quite inconvenient, especially with kids who rely on stable connections for entertainment during such stressful times. My 4-year-old son was so frustrated that he even threw his tablet due to the frequent log-in prompts. I believe improving this service will make the overall patient and family experience even better.

Once again, thank you to everyone who contributed to my son’s care.",5 months ago
Thumbay_Hospital_Ajman,1.0,"Dear [Thumbay/Ajman Aljurf branch

Formal Complaint Regarding Misdiagnosis and Resulting Health Complications

I am writing to formally file a complaint regarding a serious misdiagnosis I experienced at Thumbay Hospital, Ajman – Al Jurf branch.

After completing the treatment prescribed by the ENT doctor Sanooj Saithu Mohammad Kunju at your facility, my condition deteriorated significantly. Concerned about my worsening symptoms, I sought medical attention at another hospital, where I was diagnosed with severe pneumonia. The attending physicians there confirmed that the condition had worsened due to a misdiagnosis and inadequate treatment provided earlier.

This situation has not only caused me significant physical suffering but has also resulted in emotional distress and additional medical expenses that could have been avoided with proper diagnosis and care.

I kindly request a thorough investigation into this matter, and I expect a formal response explaining how such a critical error occurred, as well as what steps will be taken to prevent similar incidents in the future.

Thank you for your attention to this serious issue.

Sincerely,
Tasneem Mohamed Ali",5 months ago
Thumbay_Hospital_Ajman,5.0,I had fell down from stairs and was limping while walking so I came for physiotherapy  to Dr Ruchita for 5 sessions. I am very happy to share that I am walking normally now. The exercises and the treatment were up to the mark. Very happy with the treatment.,5 months ago
Thumbay_Hospital_Ajman,5.0,A very good hospital. Treat the patient very kind and help families. Patient come from all over the uae only for this very happy,a month ago
Thumbay_Hospital_Ajman,5.0,"All the staffs and doctors are generous. My father used to take Dialysis here, the dialysis nurses are so much caring and responsive.",4 months ago
Thumbay_Hospital_Ajman,5.0,"I want to thank Dr.Kapil.A.Das Ophthalmologist who helped me recover my vision in left eye which was damaged by Silicon black chemical injury.
I cannot thank God and Dr.Kapil and his team at Thumbay hospital Ajman who kept me motivated and helped in the complete recovery of my vision when 2 major hospitals in Sharjah had given me a very poor visual prognosis.",9 months ago
Thumbay_Hospital_Ajman,1.0,Very bad service for just consulting the doctor almost 2 hours we waited there is no patient also inside doctor just sitting in the room and the patient are waiting outside. Company should give good training for the staffs how to treat the patient. I will not recommend to anyone.,6 months ago
Thumbay_Hospital_Ajman,1.0,"""I visited the hospital to inquire about vaccination due to my roommate's chickenpox. The receptionist directed me to Dr................. ... , a specialist. However, when I went to meet her,she  didn't allow me and instead called another patient. I was told to get a file before consulting the doctor. Given the hospital's purpose, I expect better guidance and support. Unfortunately, this experience fell short of my expectations.""feel bad.Treat Each patients From your heart  itzz gave you Something More in your life.",4 months ago
Thumbay_Hospital_Ajman,2.0,"Very less staffs...so lethargic...specially in the pharmacy..they are delaying a lot..there was just one single pharmacist and she isn't even calling according to the token numbers. Not organized at all. Attitude was really bad. There are three counters in the pharmacy and just one is open with  a single pharmacist..this is disgusting,no token system .",8 months ago
Thumbay_Hospital_Ajman,5.0,I took physiotherapy from Dr Ruchita for my ankle sprain. My experience was very good. I felt more free and flexible with my ankle. I was struggling to play football for a long time but after 4-5 sessions I am back to my routine. Very happy with the exercises she gave me. Thank you very much,6 months ago
Thumbay_Hospital_Ajman,5.0,"I took treatment from Dr Ruchita,physiotherapist for my back pain.i came on a wheelchair unable to move my leg, unable to walk but just after a week i am walking independently and my back pain has also reduced. So i am very happy with the treatment. Thank you so much",5 months ago
Thumbay_Hospital_Ajman,5.0,I took treatment from Dr Ruchita for my back pain. I came with so much pain and going back with such relief.. Allah bless her. Very happy with the treatment. No words to say thank you.,6 months ago
Thumbay_Hospital_Ajman,5.0,"We took treatment from Dr Ruchita in Thumbay Hospital the experience was excellent with her
when we start my son can’t walk properly after 5 sessions he is much much  better",4 months ago
Thumbay_Hospital_Ajman,5.0,"I would like to deeply thank Dr. Bhavana for her kindness and professionalism, my ears were blocked for last two days and had hard times on my work i visited another doctor in different hospital she was she did literally nothing and asked me to come after 5 days on the contrary Dr. Bhavana assisted me and showed care and was quite friendly and treated me immediately and i got no pain and my issue is handed in few minutes she is literally great and thumbay hospital is luck to have her.",4 months ago
Thumbay_Hospital_Ajman,4.0,"Went for having COVID PCR test,

1. Hospital is located in a prime location and its not crowded to too,

2. Hospital is clean and well maintained,

3. Prices seems neutral and just 100 AED for COVID test, Futher got the result in just 4 hours,

4. Everything about COVID PCR sample collection is well organised, Way to reach the sample collection spot from the entrance is clearly marked directed like in the Airports and the bill payments to sample collection is also comparatively fast,",4 years ago
Thumbay_Hospital_Ajman,5.0,The staff is very energetic and help full I am satisfied with the radiology department staff and speciall thanks to Mr Mohd Atiyab,2 months ago
Thumbay_Hospital_Ajman,1.0,"Worst hospital ever. The nurses don’t care at all, and the staff ignore every request. The rooms are in bad condition, the building is old and depressing, and even the TVs don’t work. It was a terrible experience — I came in sick and left feeling worse.",3 months ago
Thumbay_Hospital_Ajman,1.0,"I wish there was 0 rating, i would have given to them for having Dr. Kapil in OPHTHALMOLOGY Dept.
I took my daughter for an eye test there and he was treating her like an adult, she is only 5
He asked her to sit straight and look into the machine, she is a kid and was scared of it but this Dr was looking at her with such faces that he is not willing to help and he is there only for money.
He even told me that if she cannot cooperate than he can not check and we can leave, bro its your job to check not give comments
One thing is for sure i am not going there again ever because the behavior of this Dr.",5 months ago
Thumbay_Hospital_Ajman,5.0,I would like to express my satisfaction with Mr. Mohd Atiyab's service in the radiology department; he has proven to be a remarkably helpful and amiable individual.,2 months ago
Thumbay_Hospital_Ajman,5.0,"I would like to take this moment to appreciate Dr.Mirza for his amazing support throughout my journey in thumbay hospital.

As per advised of one of the Dr. my wife need to admit in hospital, From the time I enter in thumbay hospital , I don’t know what to do but Dr. Mirza took the initiative checked with his senior, even the guy not on shift.he make sure that I get the best support and understand what need to be done. Thank you so much for your kind support.

Me and my wife will always remember that.",5 months ago
Thumbay_Hospital_Ajman,5.0,"Hi everyone, my name is Matsobane Tarious Lekokwane I would like to take this opportunity to thank Doctor Sara Eisa (Internal Medicine Specialist) at Thumbay hospital, she's a very good and professional Doctor who cares about her patients,Thank you Doctor for all your advice after being diagnosed with a very Dangerous illness now I can proudly say I'm healthier and alive because of you, I never got such a treatment even in my Country South African, please remain humble and very professional and keep on saving lifes.

All the best
Matsobane Tarious Lekokwane.",2 months ago
Thumbay_Hospital_Ajman,1.0,"The worst Hospital all over the UAE, not recommended at all..

I was admitted to the hospital and waited for insurance approval, the insurance replied for more details required from the Dr. But nobody was following up the case neither from the Drs nor the Insurance team there..

It was the worst Hospital i entered, i left the hospital due to the carelessness of the team..",5 months ago
Thumbay_Hospital_Ajman,1.0,Worst hospital they are treating only wasta people. Dr Rad is kept treating his own people while we are standing outside in emergency for 2 hours with several abdominal pain. I believe this is not na SOP of emergency. When we complained to admin the receptionist Fahad he was laughing and saying we will cancel your file. We left hospital without treatment. Even they steal registration charges.,6 months ago
Thumbay_Hospital_Ajman,3.0,"I have opted this hospital because the service here is good. But the reception registration is very slow. There is 6 counters, but It's always only one person available. This makes the whole process slow.",6 months ago
Thumbay_Hospital_Ajman,5.0,"I am immensely grateful for the exceptional emergency care my wife received at Thumbay Hospital in Ajman, UAE.

Emergency Response: The hospital staff's immediate and efficient response to the situation was truly remarkable. Within moments, they initiated treatments, demonstrating a high level of expertise and dedication. My wife's health significantly improved within just one hour, thanks to their prompt actions.

Compassionate Staff: The staff at Thumbay Hospital, Ajman, exudes compassion and friendliness. Their caring approach during a stressful time made a significant difference. They not only tended to medical needs but also provided emotional support, creating a comforting environment.

Affordable Payments: I appreciate the transparent and reasonable payment structure at Thumbay Hospital. The hospital's fair pricing and clear communication alleviated that concern, allowing us to focus on my wife's well-being.

In times of distress, Thumbay Hospital stood out as a beacon of excellent healthcare, combining expertise with compassion. My heartfelt thanks to the entire team for their outstanding service. Highly recommended.",a year ago
Thumbay_Hospital_Ajman,5.0,"I took treatment for my knee pain from Dr. Ruchita, Physiotherapist. I am quite happy with her treatment and the recommended exercise helped me recover very fast. Will surely recommend to family and friends.
Thanks,",7 months ago
Thumbay_Hospital_Ajman,3.0,"The service is okay. it's not bad. The staff are cooperative and nice. But....the time-lapse of the service is really slow. The nurses are busy gossiping with each other or busy on their phones. I understand if you are short staffed, but the management of the hospital should manage that the hospital is located at a famous point of the city, so they must concentrate on this hospital more",8 months ago
Thumbay_Hospital_Ajman,1.0,"I am extremely disappointed and frustrated with the service I received from the doctor. Unfortunately, I found her demeanor to be unprofessional, displaying arrogance, carelessness, and a lack of empathy. Doctor must understand importance of bedside manner and its impact on patients' experiences. This was my 3rd visit, each visit i faced similar treatment but i ignored assuming this is somenthing not be given  much importance but yesterdays experience was really horrible.",7 months ago
Thumbay_Hospital_Ajman,5.0,"My mother had been up sick with difficult breathing and cough ..so from registration to medical assistant ,nurse screening to physician ,every one was kind and helpful
Dr Padma (ER Doctor) very polite and friendly and every thing went smoothly ..She saw my mother promptly and and diagnosed quickly
Also I appreciate Dr Salma Daud (Internal medicine consultant) that she is had discussed with  us the plan for my mother management
So She is very professional ,wonderful and was very thorough with excellent care in Avery timely manner",Edited a year ago
Thumbay_Hospital_Ajman,5.0,"I would like to express my sincere appreciation for Sister Jyoti from the OP Orthopedic Department. She demonstrated exceptional professionalism, kindness, and genuine care while attending to my 75-year-old mother. Her compassionate approach, patience, and attentiveness made a significant difference in my mother's experience, ensuring she felt comfortable and well cared for.

Such dedication and empathy truly reflect the highest standards of patient care. Please convey our gratitude to Sister Jyoti, as her efforts are deeply valued.",8 months ago
Thumbay_Hospital_Ajman,1.0,"Very Disappointing Service

I have been trying to schedule an MRI scan for the past 2 weeks, but the service has been incredibly frustrating. When I call the hotline, I’m redirected to the radiology department, but no one answers. Afterward, I’m sent to customer service, who only tells me that they’ll call me back and takes my number. It's been two weeks, and I haven’t received any follow-up.

Also I visited the hospital in person to resolve this issue, and the receptionist at the radiology counter was incredibly rude. He showed no care or empathy toward patients, and his responses were dismissive. This lack of professionalism and poor customer service has left me extremely disappointed. I expected much better from a hospital.

I hope they can improve their service soon without wasting patient's time and money.",10 months ago
Thumbay_Hospital_Ajman,1.0,"Very bad service
They always lie about timing
Even if you go by taking appointment still you need to waite for 3 4hrs normally
If you ask them when is my turn they will tell you just in 20 min
In this way they will consume your whole day
Ever worst facility in UAE in term of management
Not recommend at all especially radiology department
Any scanning will consume your 5 hours
Management keep adding patients from their own choice you will be just on waiting",4 months ago
Thumbay_Hospital_Ajman,1.0,"Worst experience to reach someone to check the NT scan charges, after 4 attempt in 6 hours give up. No way going for delivery of my baby there. Before experience gives me a heads up",3 months ago
Thumbay_Hospital_Ajman,5.0,"I took treatment for my back pain, from Dr Ruchita Kadam, she is very professional with her work. Alhamdullah very effective treatment. With proper exercise and posture advice I am all good and back to normal routine. Thank you so much for the good treatment.",6 months ago
Thumbay_Hospital_Ajman,5.0,"I am so grateful to Dr Nanees dentist surgeon she the best dentist ever for me and my kids and all the family members ,
She is so kind ,caring, helpful and experienced.
My kids now not scared from the dentist .
Thanks so much our lovely doctor for everything you give us ❤️ ♥️.
You are the best dentist ever.",Edited 2 months ago
Thumbay_Hospital_Ajman,1.0,"I am sharing this review with all of you with great sadness that …yesterday i went to thumbay Hospital for emergency and i was alone …where a sister was sitting at the reception so I went to her and told her that I am very sick …and I am not able to stand. …Can you please start my treatment soon then she said that first of all you have to get the file opened …People go to the emergency so that their treatment can be started as soon as possible..not for that you have to get the file opened first. You have to do this. You have to do that.. I told her many times that I cannot stand so please help me and whatever u want i ll give u…but she ignored me because she was busy in the phone …People have no interest in coming to u … If someone comes to you for  health, you should take care of them….no one there even has the manners to speak with the patient…I rang the bell twice and the third time someone came there…...I'm very disappointed with this staff…I would like to make a request here. If you arrange good staff in a hospital then it will be easy for everyone. ….THANKS",8 months ago
Thumbay_Hospital_Ajman,5.0,I took treatment from Dr Ruchita for my back pain. I came with so much pain and going back with such relief.. Allah bless her. Very happy with the treatment. No words to say thank you.,6 months ago
Thumbay_Hospital_Ajman,5.0,"I took treatment for my back pain, from Dr Ruchita, physiotherapy and would like to say I m very happy with her treatment. She Is excellent in her work, very friendly. Thank you. God bless.",7 months ago
Thumbay_Hospital_Ajman,2.0,"Could you kindly provide my blood test results? Previously, I submitted the sample on 17th March and got the report after 13 days, which was yesterday.

The physician told me that there is an excessive infection in my bloodstream.

If there was an issue with the report, you should  have contacted me and let me know within 24 to 48 hours, not after 13 or 14 days without giving the proper medicines

Once more, yesterday I delivered the sample and urged or reminded them to share the the report, where they said this wil be shared in 4 hrs and last also said the same , but never happened Nevertheless, despite sending numerous messages on WhatsApp and making phone calls, no report has been obtained. This service is extremely inadequate.

I went to Internal Medicine and ENT. The doctors are proficient, yet the ground and administrative staffs should enhance their service and efficiency.",7 months ago
Thumbay_Hospital_Ajman,5.0,This excellent review for Dr Ahmed Abdelmouim Abdulla an ENT specialist. Dr Ahmed has excellent assessment and diagnosis approach focusing on formulation based thinking rather than single symptom approach or focus. He successfully demonstrated ability to do proper assessment and treatment plan. Asked about different areas that could be linked to the symptom. His approach is very gentle and humanistic like how every Doctor should be. Dr Ahmed is not aware that I am writing this review for him. But I wanted and  intended to encourage and be grateful for true doctors and good medical practice. Thanks Dr Ahmed.,6 months ago
Thumbay_Hospital_Ajman,1.0,"Worse Hospital ever visited
A kind of Hospital where they conform appointments and they will call you even one hour before but then there doctors will not show up",3 months ago
Thumbay_Hospital_Ajman,4.0,"Thumbay Hospital in Ajman is a well-known healthcare facility, especially among expats and students from Gulf Medical University. It offers a wide range of medical services, including specialized departments like cardiology, orthopedics, and pediatrics. The hospital is known for its affordability compared to some premium hospitals in the UAE, making it accessible for many residents. However, wait times can sometimes be long, especially in the emergency department. The staff is generally friendly, but service quality may vary depending on the doctor and department. The hospital is clean and well-maintained, but parking can be an issue during peak hours.",7 months ago
Thumbay_Hospital_Ajman,1.0,"I am very unsatisfied with my experience at this hospital. Despite my relative being in a serious condition, there was an unacceptable delay in sending the medical report. We were promised that the report would be provided quickly, but it never came in time, leaving us anxious and frustrated. The lack of urgency and poor communication is incredibly disappointing, especially when dealing with such a serious matter. I would not recommend this hospital based on this experience and hope they improve their services.",10 months ago
Thumbay_Hospital_Ajman,5.0,"I would like to thank Dr. Nanis, the dental specialist at Thumbay Al Nuaimiya, as she performed the extraction of a buried tooth. Many doctors confirmed that it was a difficult operation. She worked on my psyche and made me completely confident while I was with her, despite my feeling of extreme fear before that. Therefore, I am very grateful and I do not find the appropriate expression to thank her.",7 months ago
Thumbay_Hospital_Ajman,2.0,"Doctor asked for an emergency /urgent ultra sound for my father. But the radiology department made us wait for 2 hours.  My father was in extreme pain and without the ultra sound, the doctor cannot conclude any diagnosis. The staff don't know how to talk gently with patients. They are so rude when asked how long is it going to take. Patients who came before us, went in but we are waiting still. This is so unfair and so disrespectful towards patients.",11 months ago
Thumbay_Hospital_Ajman,5.0,"Dr Ruchita Physiotherapist
I did the physiotherapy with Dr Ruchita and she is a very nice doctor and she really care about the patient especially in the physiotherapy time. I am feeling better now. Thank you so much",7 months ago
